================================================================================
Model 1: vision_transformer_qkv_fusion
================================================================================


Model Overall Times:
--------------------------------------------------
  Overall Times:
    Start: 0.00 μs
    End: 61306.69 μs
    Duration: 61306.69 μs

Input Start/End Times:
--------------------------------------------------
  Input Times Table:

  +-------+--------------------+--------------------+
  | Input | Start (μs)         | End (μs)           |
  +-------+--------------------+--------------------+
  | 0     | 0.00               | 18581.45           |
  | 1     | 18581.45           | 23328.69           |
  | 2     | 23328.69           | 28075.94           |
  | 3     | 28075.94           | 32823.19           |
  | 4     | 32823.19           | 37570.44           |
  | 5     | 37570.44           | 42317.69           |
  | 6     | 42317.69           | 47064.94           |
  | 7     | 47064.94           | 51812.19           |
  | 8     | 51812.19           | 56559.44           |
  | 9     | 56559.44           | 61306.69           |
  +-------+--------------------+--------------------+

Summed Time Per Input:
--------------------------------------------------
  Summed Time Table:

  +-------+-------------------+-------------------------------+---------------------+-------------------+
  | Input | Compute (μs)      | Activation Communication (μs) | Weight Loading (μs) | Total (μs)        |
  +-------+-------------------+-------------------------------+---------------------+-------------------+
  | 0     | 210.32            | 4536.93                       | 13834.20            | 18581.45          |
  | 1     | 210.32            | 4536.93                       | 0.00                | 4747.25           |
  | 2     | 210.32            | 4536.93                       | 0.00                | 4747.25           |
  | 3     | 210.32            | 4536.93                       | 0.00                | 4747.25           |
  | 4     | 210.32            | 4536.93                       | 0.00                | 4747.25           |
  | 5     | 210.32            | 4536.93                       | 0.00                | 4747.25           |
  | 6     | 210.32            | 4536.93                       | 0.00                | 4747.25           |
  | 7     | 210.32            | 4536.93                       | 0.00                | 4747.25           |
  | 8     | 210.32            | 4536.93                       | 0.00                | 4747.25           |
  | 9     | 210.32            | 4536.93                       | 0.00                | 4747.25           |
  +-------+-------------------+-------------------------------+---------------------+-------------------+

Layer Latency per input:
--------------------------------------------------
  Latency Table:

  +-------+-------+----------------------+------------------------------+
  | Input | Layer | Compute Latency (μs) | Activation Comm Latency (μs) |
  +-------+-------+----------------------+------------------------------+
  | 0     | 0     | 1.83                 | -1                           |
  | 0     | 1     | 4.59                 | 141.84                       |
  | 0     | 2     | 0.46                 | 12.12                        |
  | 0     | 3     | 0.46                 | 2.62                         |
  | 0     | 4     | 1.84                 | 47.28                        |
  | 0     | 5     | 2.75                 | 155.49                       |
  | 0     | 6     | 5.51                 | 47.28                        |
  | 0     | 7     | 4.59                 | 15.76                        |
  | 0     | 8     | 0.46                 | -1                           |
  | 0     | 9     | 0.46                 | 47.28                        |
  | 0     | 10    | 1.84                 | 44.12                        |
  | 0     | 11    | 5.51                 | 320.45                       |
  | 0     | 12    | 5.51                 | 45.17                        |
  | 0     | 13    | 4.59                 | -1                           |
  | 0     | 14    | 0.46                 | -1                           |
  | 0     | 15    | 0.46                 | 47.28                        |
  | 0     | 16    | 1.84                 | 46.49                        |
  | 0     | 17    | 4.59                 | 174.41                       |
  | 0     | 18    | 5.51                 | 47.28                        |
  | 0     | 19    | 4.59                 | 15.76                        |
  | 0     | 20    | 0.46                 | -1                           |
  | 0     | 21    | 0.46                 | 47.28                        |
  | 0     | 22    | 1.84                 | 42.02                        |
  | 0     | 23    | 5.51                 | 177.56                       |
  | 0     | 24    | 5.51                 | 47.28                        |
  | 0     | 25    | 4.59                 | 15.76                        |
  | 0     | 26    | 0.46                 | -1                           |
  | 0     | 27    | 0.46                 | 47.28                        |
  | 0     | 28    | 1.84                 | 44.12                        |
  | 0     | 29    | 5.51                 | 177.56                       |
  | 0     | 30    | 5.51                 | 47.28                        |
  | 0     | 31    | 4.59                 | 15.76                        |
  | 0     | 32    | 0.46                 | -1                           |
  | 0     | 33    | 0.46                 | 47.28                        |
  | 0     | 34    | 1.84                 | 44.12                        |
  | 0     | 35    | 5.51                 | 177.56                       |
  | 0     | 36    | 5.51                 | 47.28                        |
  | 0     | 37    | 4.59                 | 137.90                       |
  | 0     | 38    | 0.46                 | 12.12                        |
  | 0     | 39    | 0.46                 | 28.89                        |
  | 0     | 40    | 1.84                 | 47.28                        |
  | 0     | 41    | 2.75                 | 204.88                       |
  | 0     | 42    | 2.75                 | 39.40                        |
  | 0     | 43    | 4.59                 | -1                           |
  | 0     | 44    | 0.46                 | -1                           |
  | 0     | 45    | 0.46                 | 47.28                        |
  | 0     | 46    | 1.84                 | 45.96                        |
  | 0     | 47    | 4.59                 | 309.59                       |
  | 0     | 48    | 5.51                 | 44.39                        |
  | 0     | 49    | 4.59                 | -1                           |
  | 0     | 50    | 0.46                 | -1                           |
  | 0     | 51    | 0.46                 | 47.28                        |
  | 0     | 52    | 1.84                 | 46.49                        |
  | 0     | 53    | 4.59                 | 312.04                       |
  | 0     | 54    | 5.51                 | 45.17                        |
  | 0     | 55    | 4.59                 | -1                           |
  | 0     | 56    | 0.46                 | -1                           |
  | 0     | 57    | 0.46                 | 47.28                        |
  | 0     | 58    | 1.84                 | 46.49                        |
  | 0     | 59    | 4.59                 | 174.41                       |
  | 0     | 60    | 5.51                 | 47.28                        |
  | 0     | 61    | 4.59                 | 15.76                        |
  | 0     | 62    | 0.46                 | -1                           |
  | 0     | 63    | 0.46                 | 47.28                        |
  | 0     | 64    | 1.84                 | 44.12                        |
  | 0     | 65    | 5.51                 | 177.56                       |
  | 0     | 66    | 5.51                 | 47.28                        |
  | 0     | 67    | 4.59                 | 15.76                        |
  | 0     | 68    | 0.46                 | -1                           |
  | 0     | 69    | 0.46                 | 47.28                        |
  | 0     | 70    | 1.84                 | 44.12                        |
  | 0     | 71    | 5.51                 | 177.56                       |
  | 0     | 72    | 5.51                 | 47.28                        |
  | 0     | 73    | 0.01                 | -1                           |
  | 1     | 0     | 1.83                 | -1                           |
  | 1     | 1     | 4.59                 | 141.84                       |
  | 1     | 2     | 0.46                 | 12.12                        |
  | 1     | 3     | 0.46                 | 2.62                         |
  | 1     | 4     | 1.84                 | 47.28                        |
  | 1     | 5     | 2.75                 | 155.49                       |
  | 1     | 6     | 5.51                 | 47.28                        |
  | 1     | 7     | 4.59                 | 15.76                        |
  | 1     | 8     | 0.46                 | -1                           |
  | 1     | 9     | 0.46                 | 47.28                        |
  | 1     | 10    | 1.84                 | 44.12                        |
  | 1     | 11    | 5.51                 | 320.45                       |
  | 1     | 12    | 5.51                 | 45.17                        |
  | 1     | 13    | 4.59                 | -1                           |
  | 1     | 14    | 0.46                 | -1                           |
  | 1     | 15    | 0.46                 | 47.28                        |
  | 1     | 16    | 1.84                 | 46.49                        |
  | 1     | 17    | 4.59                 | 174.41                       |
  | 1     | 18    | 5.51                 | 47.28                        |
  | 1     | 19    | 4.59                 | 15.76                        |
  | 1     | 20    | 0.46                 | -1                           |
  | 1     | 21    | 0.46                 | 47.28                        |
  | 1     | 22    | 1.84                 | 42.02                        |
  | 1     | 23    | 5.51                 | 177.56                       |
  | 1     | 24    | 5.51                 | 47.28                        |
  | 1     | 25    | 4.59                 | 15.76                        |
  | 1     | 26    | 0.46                 | -1                           |
  | 1     | 27    | 0.46                 | 47.28                        |
  | 1     | 28    | 1.84                 | 44.12                        |
  | 1     | 29    | 5.51                 | 177.56                       |
  | 1     | 30    | 5.51                 | 47.28                        |
  | 1     | 31    | 4.59                 | 15.76                        |
  | 1     | 32    | 0.46                 | -1                           |
  | 1     | 33    | 0.46                 | 47.28                        |
  | 1     | 34    | 1.84                 | 44.12                        |
  | 1     | 35    | 5.51                 | 177.56                       |
  | 1     | 36    | 5.51                 | 47.28                        |
  | 1     | 37    | 4.59                 | 137.90                       |
  | 1     | 38    | 0.46                 | 12.12                        |
  | 1     | 39    | 0.46                 | 28.89                        |
  | 1     | 40    | 1.84                 | 47.28                        |
  | 1     | 41    | 2.75                 | 204.88                       |
  | 1     | 42    | 2.75                 | 39.40                        |
  | 1     | 43    | 4.59                 | -1                           |
  | 1     | 44    | 0.46                 | -1                           |
  | 1     | 45    | 0.46                 | 47.28                        |
  | 1     | 46    | 1.84                 | 45.96                        |
  | 1     | 47    | 4.59                 | 309.59                       |
  | 1     | 48    | 5.51                 | 44.39                        |
  | 1     | 49    | 4.59                 | -1                           |
  | 1     | 50    | 0.46                 | -1                           |
  | 1     | 51    | 0.46                 | 47.28                        |
  | 1     | 52    | 1.84                 | 46.49                        |
  | 1     | 53    | 4.59                 | 312.04                       |
  | 1     | 54    | 5.51                 | 45.17                        |
  | 1     | 55    | 4.59                 | -1                           |
  | 1     | 56    | 0.46                 | -1                           |
  | 1     | 57    | 0.46                 | 47.28                        |
  | 1     | 58    | 1.84                 | 46.49                        |
  | 1     | 59    | 4.59                 | 174.41                       |
  | 1     | 60    | 5.51                 | 47.28                        |
  | 1     | 61    | 4.59                 | 15.76                        |
  | 1     | 62    | 0.46                 | -1                           |
  | 1     | 63    | 0.46                 | 47.28                        |
  | 1     | 64    | 1.84                 | 44.12                        |
  | 1     | 65    | 5.51                 | 177.56                       |
  | 1     | 66    | 5.51                 | 47.28                        |
  | 1     | 67    | 4.59                 | 15.76                        |
  | 1     | 68    | 0.46                 | -1                           |
  | 1     | 69    | 0.46                 | 47.28                        |
  | 1     | 70    | 1.84                 | 44.12                        |
  | 1     | 71    | 5.51                 | 177.56                       |
  | 1     | 72    | 5.51                 | 47.28                        |
  | 1     | 73    | 0.01                 | -1                           |
  | 2     | 0     | 1.83                 | -1                           |
  | 2     | 1     | 4.59                 | 141.84                       |
  | 2     | 2     | 0.46                 | 12.12                        |
  | 2     | 3     | 0.46                 | 2.62                         |
  | 2     | 4     | 1.84                 | 47.28                        |
  | 2     | 5     | 2.75                 | 155.49                       |
  | 2     | 6     | 5.51                 | 47.28                        |
  | 2     | 7     | 4.59                 | 15.76                        |
  | 2     | 8     | 0.46                 | -1                           |
  | 2     | 9     | 0.46                 | 47.28                        |
  | 2     | 10    | 1.84                 | 44.12                        |
  | 2     | 11    | 5.51                 | 320.45                       |
  | 2     | 12    | 5.51                 | 45.17                        |
  | 2     | 13    | 4.59                 | -1                           |
  | 2     | 14    | 0.46                 | -1                           |
  | 2     | 15    | 0.46                 | 47.28                        |
  | 2     | 16    | 1.84                 | 46.49                        |
  | 2     | 17    | 4.59                 | 174.41                       |
  | 2     | 18    | 5.51                 | 47.28                        |
  | 2     | 19    | 4.59                 | 15.76                        |
  | 2     | 20    | 0.46                 | -1                           |
  | 2     | 21    | 0.46                 | 47.28                        |
  | 2     | 22    | 1.84                 | 42.02                        |
  | 2     | 23    | 5.51                 | 177.56                       |
  | 2     | 24    | 5.51                 | 47.28                        |
  | 2     | 25    | 4.59                 | 15.76                        |
  | 2     | 26    | 0.46                 | -1                           |
  | 2     | 27    | 0.46                 | 47.28                        |
  | 2     | 28    | 1.84                 | 44.12                        |
  | 2     | 29    | 5.51                 | 177.56                       |
  | 2     | 30    | 5.51                 | 47.28                        |
  | 2     | 31    | 4.59                 | 15.76                        |
  | 2     | 32    | 0.46                 | -1                           |
  | 2     | 33    | 0.46                 | 47.28                        |
  | 2     | 34    | 1.84                 | 44.12                        |
  | 2     | 35    | 5.51                 | 177.56                       |
  | 2     | 36    | 5.51                 | 47.28                        |
  | 2     | 37    | 4.59                 | 137.90                       |
  | 2     | 38    | 0.46                 | 12.12                        |
  | 2     | 39    | 0.46                 | 28.89                        |
  | 2     | 40    | 1.84                 | 47.28                        |
  | 2     | 41    | 2.75                 | 204.88                       |
  | 2     | 42    | 2.75                 | 39.40                        |
  | 2     | 43    | 4.59                 | -1                           |
  | 2     | 44    | 0.46                 | -1                           |
  | 2     | 45    | 0.46                 | 47.28                        |
  | 2     | 46    | 1.84                 | 45.96                        |
  | 2     | 47    | 4.59                 | 309.59                       |
  | 2     | 48    | 5.51                 | 44.39                        |
  | 2     | 49    | 4.59                 | -1                           |
  | 2     | 50    | 0.46                 | -1                           |
  | 2     | 51    | 0.46                 | 47.28                        |
  | 2     | 52    | 1.84                 | 46.49                        |
  | 2     | 53    | 4.59                 | 312.04                       |
  | 2     | 54    | 5.51                 | 45.17                        |
  | 2     | 55    | 4.59                 | -1                           |
  | 2     | 56    | 0.46                 | -1                           |
  | 2     | 57    | 0.46                 | 47.28                        |
  | 2     | 58    | 1.84                 | 46.49                        |
  | 2     | 59    | 4.59                 | 174.41                       |
  | 2     | 60    | 5.51                 | 47.28                        |
  | 2     | 61    | 4.59                 | 15.76                        |
  | 2     | 62    | 0.46                 | -1                           |
  | 2     | 63    | 0.46                 | 47.28                        |
  | 2     | 64    | 1.84                 | 44.12                        |
  | 2     | 65    | 5.51                 | 177.56                       |
  | 2     | 66    | 5.51                 | 47.28                        |
  | 2     | 67    | 4.59                 | 15.76                        |
  | 2     | 68    | 0.46                 | -1                           |
  | 2     | 69    | 0.46                 | 47.28                        |
  | 2     | 70    | 1.84                 | 44.12                        |
  | 2     | 71    | 5.51                 | 177.56                       |
  | 2     | 72    | 5.51                 | 47.28                        |
  | 2     | 73    | 0.01                 | -1                           |
  | 3     | 0     | 1.83                 | -1                           |
  | 3     | 1     | 4.59                 | 141.84                       |
  | 3     | 2     | 0.46                 | 12.12                        |
  | 3     | 3     | 0.46                 | 2.62                         |
  | 3     | 4     | 1.84                 | 47.28                        |
  | 3     | 5     | 2.75                 | 155.49                       |
  | 3     | 6     | 5.51                 | 47.28                        |
  | 3     | 7     | 4.59                 | 15.76                        |
  | 3     | 8     | 0.46                 | -1                           |
  | 3     | 9     | 0.46                 | 47.28                        |
  | 3     | 10    | 1.84                 | 44.12                        |
  | 3     | 11    | 5.51                 | 320.45                       |
  | 3     | 12    | 5.51                 | 45.17                        |
  | 3     | 13    | 4.59                 | -1                           |
  | 3     | 14    | 0.46                 | -1                           |
  | 3     | 15    | 0.46                 | 47.28                        |
  | 3     | 16    | 1.84                 | 46.49                        |
  | 3     | 17    | 4.59                 | 174.41                       |
  | 3     | 18    | 5.51                 | 47.28                        |
  | 3     | 19    | 4.59                 | 15.76                        |
  | 3     | 20    | 0.46                 | -1                           |
  | 3     | 21    | 0.46                 | 47.28                        |
  | 3     | 22    | 1.84                 | 42.02                        |
  | 3     | 23    | 5.51                 | 177.56                       |
  | 3     | 24    | 5.51                 | 47.28                        |
  | 3     | 25    | 4.59                 | 15.76                        |
  | 3     | 26    | 0.46                 | -1                           |
  | 3     | 27    | 0.46                 | 47.28                        |
  | 3     | 28    | 1.84                 | 44.12                        |
  | 3     | 29    | 5.51                 | 177.56                       |
  | 3     | 30    | 5.51                 | 47.28                        |
  | 3     | 31    | 4.59                 | 15.76                        |
  | 3     | 32    | 0.46                 | -1                           |
  | 3     | 33    | 0.46                 | 47.28                        |
  | 3     | 34    | 1.84                 | 44.12                        |
  | 3     | 35    | 5.51                 | 177.56                       |
  | 3     | 36    | 5.51                 | 47.28                        |
  | 3     | 37    | 4.59                 | 137.90                       |
  | 3     | 38    | 0.46                 | 12.12                        |
  | 3     | 39    | 0.46                 | 28.89                        |
  | 3     | 40    | 1.84                 | 47.28                        |
  | 3     | 41    | 2.75                 | 204.88                       |
  | 3     | 42    | 2.75                 | 39.40                        |
  | 3     | 43    | 4.59                 | -1                           |
  | 3     | 44    | 0.46                 | -1                           |
  | 3     | 45    | 0.46                 | 47.28                        |
  | 3     | 46    | 1.84                 | 45.96                        |
  | 3     | 47    | 4.59                 | 309.59                       |
  | 3     | 48    | 5.51                 | 44.39                        |
  | 3     | 49    | 4.59                 | -1                           |
  | 3     | 50    | 0.46                 | -1                           |
  | 3     | 51    | 0.46                 | 47.28                        |
  | 3     | 52    | 1.84                 | 46.49                        |
  | 3     | 53    | 4.59                 | 312.04                       |
  | 3     | 54    | 5.51                 | 45.17                        |
  | 3     | 55    | 4.59                 | -1                           |
  | 3     | 56    | 0.46                 | -1                           |
  | 3     | 57    | 0.46                 | 47.28                        |
  | 3     | 58    | 1.84                 | 46.49                        |
  | 3     | 59    | 4.59                 | 174.41                       |
  | 3     | 60    | 5.51                 | 47.28                        |
  | 3     | 61    | 4.59                 | 15.76                        |
  | 3     | 62    | 0.46                 | -1                           |
  | 3     | 63    | 0.46                 | 47.28                        |
  | 3     | 64    | 1.84                 | 44.12                        |
  | 3     | 65    | 5.51                 | 177.56                       |
  | 3     | 66    | 5.51                 | 47.28                        |
  | 3     | 67    | 4.59                 | 15.76                        |
  | 3     | 68    | 0.46                 | -1                           |
  | 3     | 69    | 0.46                 | 47.28                        |
  | 3     | 70    | 1.84                 | 44.12                        |
  | 3     | 71    | 5.51                 | 177.56                       |
  | 3     | 72    | 5.51                 | 47.28                        |
  | 3     | 73    | 0.01                 | -1                           |
  | 4     | 0     | 1.83                 | -1                           |
  | 4     | 1     | 4.59                 | 141.84                       |
  | 4     | 2     | 0.46                 | 12.12                        |
  | 4     | 3     | 0.46                 | 2.62                         |
  | 4     | 4     | 1.84                 | 47.28                        |
  | 4     | 5     | 2.75                 | 155.49                       |
  | 4     | 6     | 5.51                 | 47.28                        |
  | 4     | 7     | 4.59                 | 15.76                        |
  | 4     | 8     | 0.46                 | -1                           |
  | 4     | 9     | 0.46                 | 47.28                        |
  | 4     | 10    | 1.84                 | 44.12                        |
  | 4     | 11    | 5.51                 | 320.45                       |
  | 4     | 12    | 5.51                 | 45.17                        |
  | 4     | 13    | 4.59                 | -1                           |
  | 4     | 14    | 0.46                 | -1                           |
  | 4     | 15    | 0.46                 | 47.28                        |
  | 4     | 16    | 1.84                 | 46.49                        |
  | 4     | 17    | 4.59                 | 174.41                       |
  | 4     | 18    | 5.51                 | 47.28                        |
  | 4     | 19    | 4.59                 | 15.76                        |
  | 4     | 20    | 0.46                 | -1                           |
  | 4     | 21    | 0.46                 | 47.28                        |
  | 4     | 22    | 1.84                 | 42.02                        |
  | 4     | 23    | 5.51                 | 177.56                       |
  | 4     | 24    | 5.51                 | 47.28                        |
  | 4     | 25    | 4.59                 | 15.76                        |
  | 4     | 26    | 0.46                 | -1                           |
  | 4     | 27    | 0.46                 | 47.28                        |
  | 4     | 28    | 1.84                 | 44.12                        |
  | 4     | 29    | 5.51                 | 177.56                       |
  | 4     | 30    | 5.51                 | 47.28                        |
  | 4     | 31    | 4.59                 | 15.76                        |
  | 4     | 32    | 0.46                 | -1                           |
  | 4     | 33    | 0.46                 | 47.28                        |
  | 4     | 34    | 1.84                 | 44.12                        |
  | 4     | 35    | 5.51                 | 177.56                       |
  | 4     | 36    | 5.51                 | 47.28                        |
  | 4     | 37    | 4.59                 | 137.90                       |
  | 4     | 38    | 0.46                 | 12.12                        |
  | 4     | 39    | 0.46                 | 28.89                        |
  | 4     | 40    | 1.84                 | 47.28                        |
  | 4     | 41    | 2.75                 | 204.88                       |
  | 4     | 42    | 2.75                 | 39.40                        |
  | 4     | 43    | 4.59                 | -1                           |
  | 4     | 44    | 0.46                 | -1                           |
  | 4     | 45    | 0.46                 | 47.28                        |
  | 4     | 46    | 1.84                 | 45.96                        |
  | 4     | 47    | 4.59                 | 309.59                       |
  | 4     | 48    | 5.51                 | 44.39                        |
  | 4     | 49    | 4.59                 | -1                           |
  | 4     | 50    | 0.46                 | -1                           |
  | 4     | 51    | 0.46                 | 47.28                        |
  | 4     | 52    | 1.84                 | 46.49                        |
  | 4     | 53    | 4.59                 | 312.04                       |
  | 4     | 54    | 5.51                 | 45.17                        |
  | 4     | 55    | 4.59                 | -1                           |
  | 4     | 56    | 0.46                 | -1                           |
  | 4     | 57    | 0.46                 | 47.28                        |
  | 4     | 58    | 1.84                 | 46.49                        |
  | 4     | 59    | 4.59                 | 174.41                       |
  | 4     | 60    | 5.51                 | 47.28                        |
  | 4     | 61    | 4.59                 | 15.76                        |
  | 4     | 62    | 0.46                 | -1                           |
  | 4     | 63    | 0.46                 | 47.28                        |
  | 4     | 64    | 1.84                 | 44.12                        |
  | 4     | 65    | 5.51                 | 177.56                       |
  | 4     | 66    | 5.51                 | 47.28                        |
  | 4     | 67    | 4.59                 | 15.76                        |
  | 4     | 68    | 0.46                 | -1                           |
  | 4     | 69    | 0.46                 | 47.28                        |
  | 4     | 70    | 1.84                 | 44.12                        |
  | 4     | 71    | 5.51                 | 177.56                       |
  | 4     | 72    | 5.51                 | 47.28                        |
  | 4     | 73    | 0.01                 | -1                           |
  | 5     | 0     | 1.83                 | -1                           |
  | 5     | 1     | 4.59                 | 141.84                       |
  | 5     | 2     | 0.46                 | 12.12                        |
  | 5     | 3     | 0.46                 | 2.62                         |
  | 5     | 4     | 1.84                 | 47.28                        |
  | 5     | 5     | 2.75                 | 155.49                       |
  | 5     | 6     | 5.51                 | 47.28                        |
  | 5     | 7     | 4.59                 | 15.76                        |
  | 5     | 8     | 0.46                 | -1                           |
  | 5     | 9     | 0.46                 | 47.28                        |
  | 5     | 10    | 1.84                 | 44.12                        |
  | 5     | 11    | 5.51                 | 320.45                       |
  | 5     | 12    | 5.51                 | 45.17                        |
  | 5     | 13    | 4.59                 | -1                           |
  | 5     | 14    | 0.46                 | -1                           |
  | 5     | 15    | 0.46                 | 47.28                        |
  | 5     | 16    | 1.84                 | 46.49                        |
  | 5     | 17    | 4.59                 | 174.41                       |
  | 5     | 18    | 5.51                 | 47.28                        |
  | 5     | 19    | 4.59                 | 15.76                        |
  | 5     | 20    | 0.46                 | -1                           |
  | 5     | 21    | 0.46                 | 47.28                        |
  | 5     | 22    | 1.84                 | 42.02                        |
  | 5     | 23    | 5.51                 | 177.56                       |
  | 5     | 24    | 5.51                 | 47.28                        |
  | 5     | 25    | 4.59                 | 15.76                        |
  | 5     | 26    | 0.46                 | -1                           |
  | 5     | 27    | 0.46                 | 47.28                        |
  | 5     | 28    | 1.84                 | 44.12                        |
  | 5     | 29    | 5.51                 | 177.56                       |
  | 5     | 30    | 5.51                 | 47.28                        |
  | 5     | 31    | 4.59                 | 15.76                        |
  | 5     | 32    | 0.46                 | -1                           |
  | 5     | 33    | 0.46                 | 47.28                        |
  | 5     | 34    | 1.84                 | 44.12                        |
  | 5     | 35    | 5.51                 | 177.56                       |
  | 5     | 36    | 5.51                 | 47.28                        |
  | 5     | 37    | 4.59                 | 137.90                       |
  | 5     | 38    | 0.46                 | 12.12                        |
  | 5     | 39    | 0.46                 | 28.89                        |
  | 5     | 40    | 1.84                 | 47.28                        |
  | 5     | 41    | 2.75                 | 204.88                       |
  | 5     | 42    | 2.75                 | 39.40                        |
  | 5     | 43    | 4.59                 | -1                           |
  | 5     | 44    | 0.46                 | -1                           |
  | 5     | 45    | 0.46                 | 47.28                        |
  | 5     | 46    | 1.84                 | 45.96                        |
  | 5     | 47    | 4.59                 | 309.59                       |
  | 5     | 48    | 5.51                 | 44.39                        |
  | 5     | 49    | 4.59                 | -1                           |
  | 5     | 50    | 0.46                 | -1                           |
  | 5     | 51    | 0.46                 | 47.28                        |
  | 5     | 52    | 1.84                 | 46.49                        |
  | 5     | 53    | 4.59                 | 312.04                       |
  | 5     | 54    | 5.51                 | 45.17                        |
  | 5     | 55    | 4.59                 | -1                           |
  | 5     | 56    | 0.46                 | -1                           |
  | 5     | 57    | 0.46                 | 47.28                        |
  | 5     | 58    | 1.84                 | 46.49                        |
  | 5     | 59    | 4.59                 | 174.41                       |
  | 5     | 60    | 5.51                 | 47.28                        |
  | 5     | 61    | 4.59                 | 15.76                        |
  | 5     | 62    | 0.46                 | -1                           |
  | 5     | 63    | 0.46                 | 47.28                        |
  | 5     | 64    | 1.84                 | 44.12                        |
  | 5     | 65    | 5.51                 | 177.56                       |
  | 5     | 66    | 5.51                 | 47.28                        |
  | 5     | 67    | 4.59                 | 15.76                        |
  | 5     | 68    | 0.46                 | -1                           |
  | 5     | 69    | 0.46                 | 47.28                        |
  | 5     | 70    | 1.84                 | 44.12                        |
  | 5     | 71    | 5.51                 | 177.56                       |
  | 5     | 72    | 5.51                 | 47.28                        |
  | 5     | 73    | 0.01                 | -1                           |
  | 6     | 0     | 1.83                 | -1                           |
  | 6     | 1     | 4.59                 | 141.84                       |
  | 6     | 2     | 0.46                 | 12.12                        |
  | 6     | 3     | 0.46                 | 2.62                         |
  | 6     | 4     | 1.84                 | 47.28                        |
  | 6     | 5     | 2.75                 | 155.49                       |
  | 6     | 6     | 5.51                 | 47.28                        |
  | 6     | 7     | 4.59                 | 15.76                        |
  | 6     | 8     | 0.46                 | -1                           |
  | 6     | 9     | 0.46                 | 47.28                        |
  | 6     | 10    | 1.84                 | 44.12                        |
  | 6     | 11    | 5.51                 | 320.45                       |
  | 6     | 12    | 5.51                 | 45.17                        |
  | 6     | 13    | 4.59                 | -1                           |
  | 6     | 14    | 0.46                 | -1                           |
  | 6     | 15    | 0.46                 | 47.28                        |
  | 6     | 16    | 1.84                 | 46.49                        |
  | 6     | 17    | 4.59                 | 174.41                       |
  | 6     | 18    | 5.51                 | 47.28                        |
  | 6     | 19    | 4.59                 | 15.76                        |
  | 6     | 20    | 0.46                 | -1                           |
  | 6     | 21    | 0.46                 | 47.28                        |
  | 6     | 22    | 1.84                 | 42.02                        |
  | 6     | 23    | 5.51                 | 177.56                       |
  | 6     | 24    | 5.51                 | 47.28                        |
  | 6     | 25    | 4.59                 | 15.76                        |
  | 6     | 26    | 0.46                 | -1                           |
  | 6     | 27    | 0.46                 | 47.28                        |
  | 6     | 28    | 1.84                 | 44.12                        |
  | 6     | 29    | 5.51                 | 177.56                       |
  | 6     | 30    | 5.51                 | 47.28                        |
  | 6     | 31    | 4.59                 | 15.76                        |
  | 6     | 32    | 0.46                 | -1                           |
  | 6     | 33    | 0.46                 | 47.28                        |
  | 6     | 34    | 1.84                 | 44.12                        |
  | 6     | 35    | 5.51                 | 177.56                       |
  | 6     | 36    | 5.51                 | 47.28                        |
  | 6     | 37    | 4.59                 | 137.90                       |
  | 6     | 38    | 0.46                 | 12.12                        |
  | 6     | 39    | 0.46                 | 28.89                        |
  | 6     | 40    | 1.84                 | 47.28                        |
  | 6     | 41    | 2.75                 | 204.88                       |
  | 6     | 42    | 2.75                 | 39.40                        |
  | 6     | 43    | 4.59                 | -1                           |
  | 6     | 44    | 0.46                 | -1                           |
  | 6     | 45    | 0.46                 | 47.28                        |
  | 6     | 46    | 1.84                 | 45.96                        |
  | 6     | 47    | 4.59                 | 309.59                       |
  | 6     | 48    | 5.51                 | 44.39                        |
  | 6     | 49    | 4.59                 | -1                           |
  | 6     | 50    | 0.46                 | -1                           |
  | 6     | 51    | 0.46                 | 47.28                        |
  | 6     | 52    | 1.84                 | 46.49                        |
  | 6     | 53    | 4.59                 | 312.04                       |
  | 6     | 54    | 5.51                 | 45.17                        |
  | 6     | 55    | 4.59                 | -1                           |
  | 6     | 56    | 0.46                 | -1                           |
  | 6     | 57    | 0.46                 | 47.28                        |
  | 6     | 58    | 1.84                 | 46.49                        |
  | 6     | 59    | 4.59                 | 174.41                       |
  | 6     | 60    | 5.51                 | 47.28                        |
  | 6     | 61    | 4.59                 | 15.76                        |
  | 6     | 62    | 0.46                 | -1                           |
  | 6     | 63    | 0.46                 | 47.28                        |
  | 6     | 64    | 1.84                 | 44.12                        |
  | 6     | 65    | 5.51                 | 177.56                       |
  | 6     | 66    | 5.51                 | 47.28                        |
  | 6     | 67    | 4.59                 | 15.76                        |
  | 6     | 68    | 0.46                 | -1                           |
  | 6     | 69    | 0.46                 | 47.28                        |
  | 6     | 70    | 1.84                 | 44.12                        |
  | 6     | 71    | 5.51                 | 177.56                       |
  | 6     | 72    | 5.51                 | 47.28                        |
  | 6     | 73    | 0.01                 | -1                           |
  | 7     | 0     | 1.83                 | -1                           |
  | 7     | 1     | 4.59                 | 141.84                       |
  | 7     | 2     | 0.46                 | 12.12                        |
  | 7     | 3     | 0.46                 | 2.62                         |
  | 7     | 4     | 1.84                 | 47.28                        |
  | 7     | 5     | 2.75                 | 155.49                       |
  | 7     | 6     | 5.51                 | 47.28                        |
  | 7     | 7     | 4.59                 | 15.76                        |
  | 7     | 8     | 0.46                 | -1                           |
  | 7     | 9     | 0.46                 | 47.28                        |
  | 7     | 10    | 1.84                 | 44.12                        |
  | 7     | 11    | 5.51                 | 320.45                       |
  | 7     | 12    | 5.51                 | 45.17                        |
  | 7     | 13    | 4.59                 | -1                           |
  | 7     | 14    | 0.46                 | -1                           |
  | 7     | 15    | 0.46                 | 47.28                        |
  | 7     | 16    | 1.84                 | 46.49                        |
  | 7     | 17    | 4.59                 | 174.41                       |
  | 7     | 18    | 5.51                 | 47.28                        |
  | 7     | 19    | 4.59                 | 15.76                        |
  | 7     | 20    | 0.46                 | -1                           |
  | 7     | 21    | 0.46                 | 47.28                        |
  | 7     | 22    | 1.84                 | 42.02                        |
  | 7     | 23    | 5.51                 | 177.56                       |
  | 7     | 24    | 5.51                 | 47.28                        |
  | 7     | 25    | 4.59                 | 15.76                        |
  | 7     | 26    | 0.46                 | -1                           |
  | 7     | 27    | 0.46                 | 47.28                        |
  | 7     | 28    | 1.84                 | 44.12                        |
  | 7     | 29    | 5.51                 | 177.56                       |
  | 7     | 30    | 5.51                 | 47.28                        |
  | 7     | 31    | 4.59                 | 15.76                        |
  | 7     | 32    | 0.46                 | -1                           |
  | 7     | 33    | 0.46                 | 47.28                        |
  | 7     | 34    | 1.84                 | 44.12                        |
  | 7     | 35    | 5.51                 | 177.56                       |
  | 7     | 36    | 5.51                 | 47.28                        |
  | 7     | 37    | 4.59                 | 137.90                       |
  | 7     | 38    | 0.46                 | 12.12                        |
  | 7     | 39    | 0.46                 | 28.89                        |
  | 7     | 40    | 1.84                 | 47.28                        |
  | 7     | 41    | 2.75                 | 204.88                       |
  | 7     | 42    | 2.75                 | 39.40                        |
  | 7     | 43    | 4.59                 | -1                           |
  | 7     | 44    | 0.46                 | -1                           |
  | 7     | 45    | 0.46                 | 47.28                        |
  | 7     | 46    | 1.84                 | 45.96                        |
  | 7     | 47    | 4.59                 | 309.59                       |
  | 7     | 48    | 5.51                 | 44.39                        |
  | 7     | 49    | 4.59                 | -1                           |
  | 7     | 50    | 0.46                 | -1                           |
  | 7     | 51    | 0.46                 | 47.28                        |
  | 7     | 52    | 1.84                 | 46.49                        |
  | 7     | 53    | 4.59                 | 312.04                       |
  | 7     | 54    | 5.51                 | 45.17                        |
  | 7     | 55    | 4.59                 | -1                           |
  | 7     | 56    | 0.46                 | -1                           |
  | 7     | 57    | 0.46                 | 47.28                        |
  | 7     | 58    | 1.84                 | 46.49                        |
  | 7     | 59    | 4.59                 | 174.41                       |
  | 7     | 60    | 5.51                 | 47.28                        |
  | 7     | 61    | 4.59                 | 15.76                        |
  | 7     | 62    | 0.46                 | -1                           |
  | 7     | 63    | 0.46                 | 47.28                        |
  | 7     | 64    | 1.84                 | 44.12                        |
  | 7     | 65    | 5.51                 | 177.56                       |
  | 7     | 66    | 5.51                 | 47.28                        |
  | 7     | 67    | 4.59                 | 15.76                        |
  | 7     | 68    | 0.46                 | -1                           |
  | 7     | 69    | 0.46                 | 47.28                        |
  | 7     | 70    | 1.84                 | 44.12                        |
  | 7     | 71    | 5.51                 | 177.56                       |
  | 7     | 72    | 5.51                 | 47.28                        |
  | 7     | 73    | 0.01                 | -1                           |
  | 8     | 0     | 1.83                 | -1                           |
  | 8     | 1     | 4.59                 | 141.84                       |
  | 8     | 2     | 0.46                 | 12.12                        |
  | 8     | 3     | 0.46                 | 2.62                         |
  | 8     | 4     | 1.84                 | 47.28                        |
  | 8     | 5     | 2.75                 | 155.49                       |
  | 8     | 6     | 5.51                 | 47.28                        |
  | 8     | 7     | 4.59                 | 15.76                        |
  | 8     | 8     | 0.46                 | -1                           |
  | 8     | 9     | 0.46                 | 47.28                        |
  | 8     | 10    | 1.84                 | 44.12                        |
  | 8     | 11    | 5.51                 | 320.45                       |
  | 8     | 12    | 5.51                 | 45.17                        |
  | 8     | 13    | 4.59                 | -1                           |
  | 8     | 14    | 0.46                 | -1                           |
  | 8     | 15    | 0.46                 | 47.28                        |
  | 8     | 16    | 1.84                 | 46.49                        |
  | 8     | 17    | 4.59                 | 174.41                       |
  | 8     | 18    | 5.51                 | 47.28                        |
  | 8     | 19    | 4.59                 | 15.76                        |
  | 8     | 20    | 0.46                 | -1                           |
  | 8     | 21    | 0.46                 | 47.28                        |
  | 8     | 22    | 1.84                 | 42.02                        |
  | 8     | 23    | 5.51                 | 177.56                       |
  | 8     | 24    | 5.51                 | 47.28                        |
  | 8     | 25    | 4.59                 | 15.76                        |
  | 8     | 26    | 0.46                 | -1                           |
  | 8     | 27    | 0.46                 | 47.28                        |
  | 8     | 28    | 1.84                 | 44.12                        |
  | 8     | 29    | 5.51                 | 177.56                       |
  | 8     | 30    | 5.51                 | 47.28                        |
  | 8     | 31    | 4.59                 | 15.76                        |
  | 8     | 32    | 0.46                 | -1                           |
  | 8     | 33    | 0.46                 | 47.28                        |
  | 8     | 34    | 1.84                 | 44.12                        |
  | 8     | 35    | 5.51                 | 177.56                       |
  | 8     | 36    | 5.51                 | 47.28                        |
  | 8     | 37    | 4.59                 | 137.90                       |
  | 8     | 38    | 0.46                 | 12.12                        |
  | 8     | 39    | 0.46                 | 28.89                        |
  | 8     | 40    | 1.84                 | 47.28                        |
  | 8     | 41    | 2.75                 | 204.88                       |
  | 8     | 42    | 2.75                 | 39.40                        |
  | 8     | 43    | 4.59                 | -1                           |
  | 8     | 44    | 0.46                 | -1                           |
  | 8     | 45    | 0.46                 | 47.28                        |
  | 8     | 46    | 1.84                 | 45.96                        |
  | 8     | 47    | 4.59                 | 309.59                       |
  | 8     | 48    | 5.51                 | 44.39                        |
  | 8     | 49    | 4.59                 | -1                           |
  | 8     | 50    | 0.46                 | -1                           |
  | 8     | 51    | 0.46                 | 47.28                        |
  | 8     | 52    | 1.84                 | 46.49                        |
  | 8     | 53    | 4.59                 | 312.04                       |
  | 8     | 54    | 5.51                 | 45.17                        |
  | 8     | 55    | 4.59                 | -1                           |
  | 8     | 56    | 0.46                 | -1                           |
  | 8     | 57    | 0.46                 | 47.28                        |
  | 8     | 58    | 1.84                 | 46.49                        |
  | 8     | 59    | 4.59                 | 174.41                       |
  | 8     | 60    | 5.51                 | 47.28                        |
  | 8     | 61    | 4.59                 | 15.76                        |
  | 8     | 62    | 0.46                 | -1                           |
  | 8     | 63    | 0.46                 | 47.28                        |
  | 8     | 64    | 1.84                 | 44.12                        |
  | 8     | 65    | 5.51                 | 177.56                       |
  | 8     | 66    | 5.51                 | 47.28                        |
  | 8     | 67    | 4.59                 | 15.76                        |
  | 8     | 68    | 0.46                 | -1                           |
  | 8     | 69    | 0.46                 | 47.28                        |
  | 8     | 70    | 1.84                 | 44.12                        |
  | 8     | 71    | 5.51                 | 177.56                       |
  | 8     | 72    | 5.51                 | 47.28                        |
  | 8     | 73    | 0.01                 | -1                           |
  | 9     | 0     | 1.83                 | -1                           |
  | 9     | 1     | 4.59                 | 141.84                       |
  | 9     | 2     | 0.46                 | 12.12                        |
  | 9     | 3     | 0.46                 | 2.62                         |
  | 9     | 4     | 1.84                 | 47.28                        |
  | 9     | 5     | 2.75                 | 155.49                       |
  | 9     | 6     | 5.51                 | 47.28                        |
  | 9     | 7     | 4.59                 | 15.76                        |
  | 9     | 8     | 0.46                 | -1                           |
  | 9     | 9     | 0.46                 | 47.28                        |
  | 9     | 10    | 1.84                 | 44.12                        |
  | 9     | 11    | 5.51                 | 320.45                       |
  | 9     | 12    | 5.51                 | 45.17                        |
  | 9     | 13    | 4.59                 | -1                           |
  | 9     | 14    | 0.46                 | -1                           |
  | 9     | 15    | 0.46                 | 47.28                        |
  | 9     | 16    | 1.84                 | 46.49                        |
  | 9     | 17    | 4.59                 | 174.41                       |
  | 9     | 18    | 5.51                 | 47.28                        |
  | 9     | 19    | 4.59                 | 15.76                        |
  | 9     | 20    | 0.46                 | -1                           |
  | 9     | 21    | 0.46                 | 47.28                        |
  | 9     | 22    | 1.84                 | 42.02                        |
  | 9     | 23    | 5.51                 | 177.56                       |
  | 9     | 24    | 5.51                 | 47.28                        |
  | 9     | 25    | 4.59                 | 15.76                        |
  | 9     | 26    | 0.46                 | -1                           |
  | 9     | 27    | 0.46                 | 47.28                        |
  | 9     | 28    | 1.84                 | 44.12                        |
  | 9     | 29    | 5.51                 | 177.56                       |
  | 9     | 30    | 5.51                 | 47.28                        |
  | 9     | 31    | 4.59                 | 15.76                        |
  | 9     | 32    | 0.46                 | -1                           |
  | 9     | 33    | 0.46                 | 47.28                        |
  | 9     | 34    | 1.84                 | 44.12                        |
  | 9     | 35    | 5.51                 | 177.56                       |
  | 9     | 36    | 5.51                 | 47.28                        |
  | 9     | 37    | 4.59                 | 137.90                       |
  | 9     | 38    | 0.46                 | 12.12                        |
  | 9     | 39    | 0.46                 | 28.89                        |
  | 9     | 40    | 1.84                 | 47.28                        |
  | 9     | 41    | 2.75                 | 204.88                       |
  | 9     | 42    | 2.75                 | 39.40                        |
  | 9     | 43    | 4.59                 | -1                           |
  | 9     | 44    | 0.46                 | -1                           |
  | 9     | 45    | 0.46                 | 47.28                        |
  | 9     | 46    | 1.84                 | 45.96                        |
  | 9     | 47    | 4.59                 | 309.59                       |
  | 9     | 48    | 5.51                 | 44.39                        |
  | 9     | 49    | 4.59                 | -1                           |
  | 9     | 50    | 0.46                 | -1                           |
  | 9     | 51    | 0.46                 | 47.28                        |
  | 9     | 52    | 1.84                 | 46.49                        |
  | 9     | 53    | 4.59                 | 312.04                       |
  | 9     | 54    | 5.51                 | 45.17                        |
  | 9     | 55    | 4.59                 | -1                           |
  | 9     | 56    | 0.46                 | -1                           |
  | 9     | 57    | 0.46                 | 47.28                        |
  | 9     | 58    | 1.84                 | 46.49                        |
  | 9     | 59    | 4.59                 | 174.41                       |
  | 9     | 60    | 5.51                 | 47.28                        |
  | 9     | 61    | 4.59                 | 15.76                        |
  | 9     | 62    | 0.46                 | -1                           |
  | 9     | 63    | 0.46                 | 47.28                        |
  | 9     | 64    | 1.84                 | 44.12                        |
  | 9     | 65    | 5.51                 | 177.56                       |
  | 9     | 66    | 5.51                 | 47.28                        |
  | 9     | 67    | 4.59                 | 15.76                        |
  | 9     | 68    | 0.46                 | -1                           |
  | 9     | 69    | 0.46                 | 47.28                        |
  | 9     | 70    | 1.84                 | 44.12                        |
  | 9     | 71    | 5.51                 | 177.56                       |
  | 9     | 72    | 5.51                 | 47.28                        |
  | 9     | 73    | 0.01                 | -1                           |
  +-------+-------+----------------------+------------------------------+

Phase Execution Schedule:
--------------------------------------------------
  Phase Schedule Table:

  +-------+----------+--------------------------+-------------------------------------------------------------------------------------------------------------------------------------------------------------------------------------------------------------------------------------------------------------------------------------------------------+--------------------+----------------------+--------------------+
  | Input | Phase ID | Type                     | Description                                                                                                                                                                                                                                                                                           | Start (μs)         | Duration (μs)        | Completion (μs)    |
  +-------+----------+--------------------------+-------------------------------------------------------------------------------------------------------------------------------------------------------------------------------------------------------------------------------------------------------------------------------------------------------+--------------------+----------------------+--------------------+
  | 0     | 147      | Weight Loading           | Layers [0, 1, 2, 3, 4, 5, 6, 7, 8, 9, 10, 11, 12, 13, 14, 15, 16, 17, 18, 19, 20, 21, 22, 23, 24, 25, 26, 27, 28, 29, 30, 31, 32, 33, 34, 35, 36, 37, 38, 39, 40, 41, 42, 43, 44, 45, 46, 47, 48, 49, 50, 51, 52, 53, 54, 55, 56, 57, 58, 59, 60, 61, 62, 63, 64, 65, 66, 67, 68, 69, 70, 71, 72, 73] | 0.00               | 13834.20             | 13834.20           |
  | 0     | 0        | Compute                  | Layer 0                                                                                                                                                                                                                                                                                               | 13834.20           | 1.83                 | 13836.02           |
  | 0     | 1        | Activation Communication | Layer 0                                                                                                                                                                                                                                                                                               | 13836.02           | 0                    | 13836.02           |
  | 0     | 2        | Compute                  | Layer 1                                                                                                                                                                                                                                                                                               | 13836.02           | 4.59                 | 13840.61           |
  | 0     | 3        | Activation Communication | Layer 1                                                                                                                                                                                                                                                                                               | 13840.61           | 141.84               | 13982.45           |
  | 0     | 4        | Compute                  | Layer 2                                                                                                                                                                                                                                                                                               | 13982.45           | 0.46                 | 13982.92           |
  | 0     | 5        | Activation Communication | Layer 2                                                                                                                                                                                                                                                                                               | 13982.92           | 12.12                | 13995.04           |
  | 0     | 6        | Compute                  | Layer 3                                                                                                                                                                                                                                                                                               | 13995.04           | 0.46                 | 13995.50           |
  | 0     | 7        | Activation Communication | Layer 3                                                                                                                                                                                                                                                                                               | 13995.50           | 2.62                 | 13998.13           |
  | 0     | 8        | Compute                  | Layer 4                                                                                                                                                                                                                                                                                               | 13998.13           | 1.84                 | 13999.96           |
  | 0     | 9        | Activation Communication | Layer 4                                                                                                                                                                                                                                                                                               | 13999.96           | 47.28                | 14047.24           |
  | 0     | 10       | Compute                  | Layer 5                                                                                                                                                                                                                                                                                               | 14047.24           | 2.75                 | 14050.00           |
  | 0     | 11       | Activation Communication | Layer 5                                                                                                                                                                                                                                                                                               | 14050.00           | 155.49               | 14205.49           |
  | 0     | 12       | Compute                  | Layer 6                                                                                                                                                                                                                                                                                               | 14205.49           | 5.51                 | 14211.00           |
  | 0     | 13       | Activation Communication | Layer 6                                                                                                                                                                                                                                                                                               | 14211.00           | 47.28                | 14258.28           |
  | 0     | 14       | Compute                  | Layer 7                                                                                                                                                                                                                                                                                               | 14258.28           | 4.59                 | 14262.87           |
  | 0     | 15       | Activation Communication | Layer 7                                                                                                                                                                                                                                                                                               | 14262.87           | 15.76                | 14278.63           |
  | 0     | 16       | Compute                  | Layer 8                                                                                                                                                                                                                                                                                               | 14278.63           | 0.46                 | 14279.09           |
  | 0     | 17       | Activation Communication | Layer 8                                                                                                                                                                                                                                                                                               | 14279.09           | 0                    | 14279.09           |
  | 0     | 18       | Compute                  | Layer 9                                                                                                                                                                                                                                                                                               | 14279.09           | 0.46                 | 14279.56           |
  | 0     | 19       | Activation Communication | Layer 9                                                                                                                                                                                                                                                                                               | 14279.56           | 47.28                | 14326.84           |
  | 0     | 20       | Compute                  | Layer 10                                                                                                                                                                                                                                                                                              | 14326.84           | 1.84                 | 14328.67           |
  | 0     | 21       | Activation Communication | Layer 10                                                                                                                                                                                                                                                                                              | 14328.67           | 44.12                | 14372.80           |
  | 0     | 22       | Compute                  | Layer 11                                                                                                                                                                                                                                                                                              | 14372.80           | 5.51                 | 14378.30           |
  | 0     | 23       | Activation Communication | Layer 11                                                                                                                                                                                                                                                                                              | 14378.30           | 320.45               | 14698.76           |
  | 0     | 24       | Compute                  | Layer 12                                                                                                                                                                                                                                                                                              | 14698.76           | 5.51                 | 14704.27           |
  | 0     | 25       | Activation Communication | Layer 12                                                                                                                                                                                                                                                                                              | 14704.27           | 45.17                | 14749.44           |
  | 0     | 26       | Compute                  | Layer 13                                                                                                                                                                                                                                                                                              | 14749.44           | 4.59                 | 14754.03           |
  | 0     | 27       | Activation Communication | Layer 13                                                                                                                                                                                                                                                                                              | 14754.03           | 0                    | 14754.03           |
  | 0     | 28       | Compute                  | Layer 14                                                                                                                                                                                                                                                                                              | 14754.03           | 0.46                 | 14754.49           |
  | 0     | 29       | Activation Communication | Layer 14                                                                                                                                                                                                                                                                                              | 14754.49           | 0                    | 14754.49           |
  | 0     | 30       | Compute                  | Layer 15                                                                                                                                                                                                                                                                                              | 14754.49           | 0.46                 | 14754.95           |
  | 0     | 31       | Activation Communication | Layer 15                                                                                                                                                                                                                                                                                              | 14754.95           | 47.28                | 14802.23           |
  | 0     | 32       | Compute                  | Layer 16                                                                                                                                                                                                                                                                                              | 14802.23           | 1.84                 | 14804.07           |
  | 0     | 33       | Activation Communication | Layer 16                                                                                                                                                                                                                                                                                              | 14804.07           | 46.49                | 14850.56           |
  | 0     | 34       | Compute                  | Layer 17                                                                                                                                                                                                                                                                                              | 14850.56           | 4.59                 | 14855.15           |
  | 0     | 35       | Activation Communication | Layer 17                                                                                                                                                                                                                                                                                              | 14855.15           | 174.41               | 15029.56           |
  | 0     | 36       | Compute                  | Layer 18                                                                                                                                                                                                                                                                                              | 15029.56           | 5.51                 | 15035.06           |
  | 0     | 37       | Activation Communication | Layer 18                                                                                                                                                                                                                                                                                              | 15035.06           | 47.28                | 15082.34           |
  | 0     | 38       | Compute                  | Layer 19                                                                                                                                                                                                                                                                                              | 15082.34           | 4.59                 | 15086.94           |
  | 0     | 39       | Activation Communication | Layer 19                                                                                                                                                                                                                                                                                              | 15086.94           | 15.76                | 15102.70           |
  | 0     | 40       | Compute                  | Layer 20                                                                                                                                                                                                                                                                                              | 15102.70           | 0.46                 | 15103.16           |
  | 0     | 41       | Activation Communication | Layer 20                                                                                                                                                                                                                                                                                              | 15103.16           | 0                    | 15103.16           |
  | 0     | 42       | Compute                  | Layer 21                                                                                                                                                                                                                                                                                              | 15103.16           | 0.46                 | 15103.62           |
  | 0     | 43       | Activation Communication | Layer 21                                                                                                                                                                                                                                                                                              | 15103.62           | 47.28                | 15150.90           |
  | 0     | 44       | Compute                  | Layer 22                                                                                                                                                                                                                                                                                              | 15150.90           | 1.84                 | 15152.73           |
  | 0     | 45       | Activation Communication | Layer 22                                                                                                                                                                                                                                                                                              | 15152.73           | 42.02                | 15194.76           |
  | 0     | 46       | Compute                  | Layer 23                                                                                                                                                                                                                                                                                              | 15194.76           | 5.51                 | 15200.27           |
  | 0     | 47       | Activation Communication | Layer 23                                                                                                                                                                                                                                                                                              | 15200.27           | 177.56               | 15377.82           |
  | 0     | 48       | Compute                  | Layer 24                                                                                                                                                                                                                                                                                              | 15377.82           | 5.51                 | 15383.33           |
  | 0     | 49       | Activation Communication | Layer 24                                                                                                                                                                                                                                                                                              | 15383.33           | 47.28                | 15430.61           |
  | 0     | 50       | Compute                  | Layer 25                                                                                                                                                                                                                                                                                              | 15430.61           | 4.59                 | 15435.20           |
  | 0     | 51       | Activation Communication | Layer 25                                                                                                                                                                                                                                                                                              | 15435.20           | 15.76                | 15450.96           |
  | 0     | 52       | Compute                  | Layer 26                                                                                                                                                                                                                                                                                              | 15450.96           | 0.46                 | 15451.43           |
  | 0     | 53       | Activation Communication | Layer 26                                                                                                                                                                                                                                                                                              | 15451.43           | 0                    | 15451.43           |
  | 0     | 54       | Compute                  | Layer 27                                                                                                                                                                                                                                                                                              | 15451.43           | 0.46                 | 15451.89           |
  | 0     | 55       | Activation Communication | Layer 27                                                                                                                                                                                                                                                                                              | 15451.89           | 47.28                | 15499.17           |
  | 0     | 56       | Compute                  | Layer 28                                                                                                                                                                                                                                                                                              | 15499.17           | 1.84                 | 15501.00           |
  | 0     | 57       | Activation Communication | Layer 28                                                                                                                                                                                                                                                                                              | 15501.00           | 44.12                | 15545.13           |
  | 0     | 58       | Compute                  | Layer 29                                                                                                                                                                                                                                                                                              | 15545.13           | 5.51                 | 15550.64           |
  | 0     | 59       | Activation Communication | Layer 29                                                                                                                                                                                                                                                                                              | 15550.64           | 177.56               | 15728.19           |
  | 0     | 60       | Compute                  | Layer 30                                                                                                                                                                                                                                                                                              | 15728.19           | 5.51                 | 15733.70           |
  | 0     | 61       | Activation Communication | Layer 30                                                                                                                                                                                                                                                                                              | 15733.70           | 47.28                | 15780.98           |
  | 0     | 62       | Compute                  | Layer 31                                                                                                                                                                                                                                                                                              | 15780.98           | 4.59                 | 15785.57           |
  | 0     | 63       | Activation Communication | Layer 31                                                                                                                                                                                                                                                                                              | 15785.57           | 15.76                | 15801.33           |
  | 0     | 64       | Compute                  | Layer 32                                                                                                                                                                                                                                                                                              | 15801.33           | 0.46                 | 15801.79           |
  | 0     | 65       | Activation Communication | Layer 32                                                                                                                                                                                                                                                                                              | 15801.79           | 0                    | 15801.79           |
  | 0     | 66       | Compute                  | Layer 33                                                                                                                                                                                                                                                                                              | 15801.79           | 0.46                 | 15802.26           |
  | 0     | 67       | Activation Communication | Layer 33                                                                                                                                                                                                                                                                                              | 15802.26           | 47.28                | 15849.54           |
  | 0     | 68       | Compute                  | Layer 34                                                                                                                                                                                                                                                                                              | 15849.54           | 1.84                 | 15851.37           |
  | 0     | 69       | Activation Communication | Layer 34                                                                                                                                                                                                                                                                                              | 15851.37           | 44.12                | 15895.50           |
  | 0     | 70       | Compute                  | Layer 35                                                                                                                                                                                                                                                                                              | 15895.50           | 5.51                 | 15901.00           |
  | 0     | 71       | Activation Communication | Layer 35                                                                                                                                                                                                                                                                                              | 15901.00           | 177.56               | 16078.56           |
  | 0     | 72       | Compute                  | Layer 36                                                                                                                                                                                                                                                                                              | 16078.56           | 5.51                 | 16084.07           |
  | 0     | 73       | Activation Communication | Layer 36                                                                                                                                                                                                                                                                                              | 16084.07           | 47.28                | 16131.35           |
  | 0     | 74       | Compute                  | Layer 37                                                                                                                                                                                                                                                                                              | 16131.35           | 4.59                 | 16135.94           |
  | 0     | 75       | Activation Communication | Layer 37                                                                                                                                                                                                                                                                                              | 16135.94           | 137.90               | 16273.84           |
  | 0     | 76       | Compute                  | Layer 38                                                                                                                                                                                                                                                                                              | 16273.84           | 0.46                 | 16274.30           |
  | 0     | 77       | Activation Communication | Layer 38                                                                                                                                                                                                                                                                                              | 16274.30           | 12.12                | 16286.43           |
  | 0     | 78       | Compute                  | Layer 39                                                                                                                                                                                                                                                                                              | 16286.43           | 0.46                 | 16286.89           |
  | 0     | 79       | Activation Communication | Layer 39                                                                                                                                                                                                                                                                                              | 16286.89           | 28.89                | 16315.78           |
  | 0     | 80       | Compute                  | Layer 40                                                                                                                                                                                                                                                                                              | 16315.78           | 1.84                 | 16317.62           |
  | 0     | 81       | Activation Communication | Layer 40                                                                                                                                                                                                                                                                                              | 16317.62           | 47.28                | 16364.90           |
  | 0     | 82       | Compute                  | Layer 41                                                                                                                                                                                                                                                                                              | 16364.90           | 2.75                 | 16367.65           |
  | 0     | 83       | Activation Communication | Layer 41                                                                                                                                                                                                                                                                                              | 16367.65           | 204.88               | 16572.54           |
  | 0     | 84       | Compute                  | Layer 42                                                                                                                                                                                                                                                                                              | 16572.54           | 2.75                 | 16575.29           |
  | 0     | 85       | Activation Communication | Layer 42                                                                                                                                                                                                                                                                                              | 16575.29           | 39.40                | 16614.69           |
  | 0     | 86       | Compute                  | Layer 43                                                                                                                                                                                                                                                                                              | 16614.69           | 4.59                 | 16619.28           |
  | 0     | 87       | Activation Communication | Layer 43                                                                                                                                                                                                                                                                                              | 16619.28           | 0                    | 16619.28           |
  | 0     | 88       | Compute                  | Layer 44                                                                                                                                                                                                                                                                                              | 16619.28           | 0.46                 | 16619.74           |
  | 0     | 89       | Activation Communication | Layer 44                                                                                                                                                                                                                                                                                              | 16619.74           | 0                    | 16619.74           |
  | 0     | 90       | Compute                  | Layer 45                                                                                                                                                                                                                                                                                              | 16619.74           | 0.46                 | 16620.20           |
  | 0     | 91       | Activation Communication | Layer 45                                                                                                                                                                                                                                                                                              | 16620.20           | 47.28                | 16667.48           |
  | 0     | 92       | Compute                  | Layer 46                                                                                                                                                                                                                                                                                              | 16667.48           | 1.84                 | 16669.32           |
  | 0     | 93       | Activation Communication | Layer 46                                                                                                                                                                                                                                                                                              | 16669.32           | 45.96                | 16715.28           |
  | 0     | 94       | Compute                  | Layer 47                                                                                                                                                                                                                                                                                              | 16715.28           | 4.59                 | 16719.87           |
  | 0     | 95       | Activation Communication | Layer 47                                                                                                                                                                                                                                                                                              | 16719.87           | 309.59               | 17029.46           |
  | 0     | 96       | Compute                  | Layer 48                                                                                                                                                                                                                                                                                              | 17029.46           | 5.51                 | 17034.97           |
  | 0     | 97       | Activation Communication | Layer 48                                                                                                                                                                                                                                                                                              | 17034.97           | 44.39                | 17079.36           |
  | 0     | 98       | Compute                  | Layer 49                                                                                                                                                                                                                                                                                              | 17079.36           | 4.59                 | 17083.95           |
  | 0     | 99       | Activation Communication | Layer 49                                                                                                                                                                                                                                                                                              | 17083.95           | 0                    | 17083.95           |
  | 0     | 100      | Compute                  | Layer 50                                                                                                                                                                                                                                                                                              | 17083.95           | 0.46                 | 17084.41           |
  | 0     | 101      | Activation Communication | Layer 50                                                                                                                                                                                                                                                                                              | 17084.41           | 0                    | 17084.41           |
  | 0     | 102      | Compute                  | Layer 51                                                                                                                                                                                                                                                                                              | 17084.41           | 0.46                 | 17084.87           |
  | 0     | 103      | Activation Communication | Layer 51                                                                                                                                                                                                                                                                                              | 17084.87           | 47.28                | 17132.15           |
  | 0     | 104      | Compute                  | Layer 52                                                                                                                                                                                                                                                                                              | 17132.15           | 1.84                 | 17133.99           |
  | 0     | 105      | Activation Communication | Layer 52                                                                                                                                                                                                                                                                                              | 17133.99           | 46.49                | 17180.48           |
  | 0     | 106      | Compute                  | Layer 53                                                                                                                                                                                                                                                                                              | 17180.48           | 4.59                 | 17185.07           |
  | 0     | 107      | Activation Communication | Layer 53                                                                                                                                                                                                                                                                                              | 17185.07           | 312.04               | 17497.11           |
  | 0     | 108      | Compute                  | Layer 54                                                                                                                                                                                                                                                                                              | 17497.11           | 5.51                 | 17502.62           |
  | 0     | 109      | Activation Communication | Layer 54                                                                                                                                                                                                                                                                                              | 17502.62           | 45.17                | 17547.79           |
  | 0     | 110      | Compute                  | Layer 55                                                                                                                                                                                                                                                                                              | 17547.79           | 4.59                 | 17552.39           |
  | 0     | 111      | Activation Communication | Layer 55                                                                                                                                                                                                                                                                                              | 17552.39           | 0                    | 17552.39           |
  | 0     | 112      | Compute                  | Layer 56                                                                                                                                                                                                                                                                                              | 17552.39           | 0.46                 | 17552.85           |
  | 0     | 113      | Activation Communication | Layer 56                                                                                                                                                                                                                                                                                              | 17552.85           | 0                    | 17552.85           |
  | 0     | 114      | Compute                  | Layer 57                                                                                                                                                                                                                                                                                              | 17552.85           | 0.46                 | 17553.31           |
  | 0     | 115      | Activation Communication | Layer 57                                                                                                                                                                                                                                                                                              | 17553.31           | 47.28                | 17600.59           |
  | 0     | 116      | Compute                  | Layer 58                                                                                                                                                                                                                                                                                              | 17600.59           | 1.84                 | 17602.42           |
  | 0     | 117      | Activation Communication | Layer 58                                                                                                                                                                                                                                                                                              | 17602.42           | 46.49                | 17648.91           |
  | 0     | 118      | Compute                  | Layer 59                                                                                                                                                                                                                                                                                              | 17648.91           | 4.59                 | 17653.50           |
  | 0     | 119      | Activation Communication | Layer 59                                                                                                                                                                                                                                                                                              | 17653.50           | 174.41               | 17827.91           |
  | 0     | 120      | Compute                  | Layer 60                                                                                                                                                                                                                                                                                              | 17827.91           | 5.51                 | 17833.42           |
  | 0     | 121      | Activation Communication | Layer 60                                                                                                                                                                                                                                                                                              | 17833.42           | 47.28                | 17880.70           |
  | 0     | 122      | Compute                  | Layer 61                                                                                                                                                                                                                                                                                              | 17880.70           | 4.59                 | 17885.29           |
  | 0     | 123      | Activation Communication | Layer 61                                                                                                                                                                                                                                                                                              | 17885.29           | 15.76                | 17901.05           |
  | 0     | 124      | Compute                  | Layer 62                                                                                                                                                                                                                                                                                              | 17901.05           | 0.46                 | 17901.51           |
  | 0     | 125      | Activation Communication | Layer 62                                                                                                                                                                                                                                                                                              | 17901.51           | 0                    | 17901.51           |
  | 0     | 126      | Compute                  | Layer 63                                                                                                                                                                                                                                                                                              | 17901.51           | 0.46                 | 17901.97           |
  | 0     | 127      | Activation Communication | Layer 63                                                                                                                                                                                                                                                                                              | 17901.97           | 47.28                | 17949.25           |
  | 0     | 128      | Compute                  | Layer 64                                                                                                                                                                                                                                                                                              | 17949.25           | 1.84                 | 17951.09           |
  | 0     | 129      | Activation Communication | Layer 64                                                                                                                                                                                                                                                                                              | 17951.09           | 44.12                | 17995.21           |
  | 0     | 130      | Compute                  | Layer 65                                                                                                                                                                                                                                                                                              | 17995.21           | 5.51                 | 18000.72           |
  | 0     | 131      | Activation Communication | Layer 65                                                                                                                                                                                                                                                                                              | 18000.72           | 177.56               | 18178.28           |
  | 0     | 132      | Compute                  | Layer 66                                                                                                                                                                                                                                                                                              | 18178.28           | 5.51                 | 18183.79           |
  | 0     | 133      | Activation Communication | Layer 66                                                                                                                                                                                                                                                                                              | 18183.79           | 47.28                | 18231.07           |
  | 0     | 134      | Compute                  | Layer 67                                                                                                                                                                                                                                                                                              | 18231.07           | 4.59                 | 18235.66           |
  | 0     | 135      | Activation Communication | Layer 67                                                                                                                                                                                                                                                                                              | 18235.66           | 15.76                | 18251.42           |
  | 0     | 136      | Compute                  | Layer 68                                                                                                                                                                                                                                                                                              | 18251.42           | 0.46                 | 18251.88           |
  | 0     | 137      | Activation Communication | Layer 68                                                                                                                                                                                                                                                                                              | 18251.88           | 0                    | 18251.88           |
  | 0     | 138      | Compute                  | Layer 69                                                                                                                                                                                                                                                                                              | 18251.88           | 0.46                 | 18252.34           |
  | 0     | 139      | Activation Communication | Layer 69                                                                                                                                                                                                                                                                                              | 18252.34           | 47.28                | 18299.62           |
  | 0     | 140      | Compute                  | Layer 70                                                                                                                                                                                                                                                                                              | 18299.62           | 1.84                 | 18301.46           |
  | 0     | 141      | Activation Communication | Layer 70                                                                                                                                                                                                                                                                                              | 18301.46           | 44.12                | 18345.58           |
  | 0     | 142      | Compute                  | Layer 71                                                                                                                                                                                                                                                                                              | 18345.58           | 5.51                 | 18351.09           |
  | 0     | 143      | Activation Communication | Layer 71                                                                                                                                                                                                                                                                                              | 18351.09           | 177.56               | 18528.65           |
  | 0     | 144      | Compute                  | Layer 72                                                                                                                                                                                                                                                                                              | 18528.65           | 5.51                 | 18534.16           |
  | 0     | 145      | Activation Communication | Layer 72                                                                                                                                                                                                                                                                                              | 18534.16           | 47.28                | 18581.44           |
  | 0     | 146      | Compute                  | Layer 73                                                                                                                                                                                                                                                                                              | 18581.44           | 0.01                 | 18581.45           |
  | 1     | 0        | Compute                  | Layer 0                                                                                                                                                                                                                                                                                               | 18581.45           | 1.83                 | 18583.27           |
  | 1     | 1        | Activation Communication | Layer 0                                                                                                                                                                                                                                                                                               | 18583.27           | 0                    | 18583.27           |
  | 1     | 2        | Compute                  | Layer 1                                                                                                                                                                                                                                                                                               | 18583.27           | 4.59                 | 18587.86           |
  | 1     | 3        | Activation Communication | Layer 1                                                                                                                                                                                                                                                                                               | 18587.86           | 141.84               | 18729.70           |
  | 1     | 4        | Compute                  | Layer 2                                                                                                                                                                                                                                                                                               | 18729.70           | 0.46                 | 18730.17           |
  | 1     | 5        | Activation Communication | Layer 2                                                                                                                                                                                                                                                                                               | 18730.17           | 12.12                | 18742.29           |
  | 1     | 6        | Compute                  | Layer 3                                                                                                                                                                                                                                                                                               | 18742.29           | 0.46                 | 18742.75           |
  | 1     | 7        | Activation Communication | Layer 3                                                                                                                                                                                                                                                                                               | 18742.75           | 2.62                 | 18745.38           |
  | 1     | 8        | Compute                  | Layer 4                                                                                                                                                                                                                                                                                               | 18745.38           | 1.84                 | 18747.21           |
  | 1     | 9        | Activation Communication | Layer 4                                                                                                                                                                                                                                                                                               | 18747.21           | 47.28                | 18794.49           |
  | 1     | 10       | Compute                  | Layer 5                                                                                                                                                                                                                                                                                               | 18794.49           | 2.75                 | 18797.25           |
  | 1     | 11       | Activation Communication | Layer 5                                                                                                                                                                                                                                                                                               | 18797.25           | 155.49               | 18952.74           |
  | 1     | 12       | Compute                  | Layer 6                                                                                                                                                                                                                                                                                               | 18952.74           | 5.51                 | 18958.25           |
  | 1     | 13       | Activation Communication | Layer 6                                                                                                                                                                                                                                                                                               | 18958.25           | 47.28                | 19005.53           |
  | 1     | 14       | Compute                  | Layer 7                                                                                                                                                                                                                                                                                               | 19005.53           | 4.59                 | 19010.12           |
  | 1     | 15       | Activation Communication | Layer 7                                                                                                                                                                                                                                                                                               | 19010.12           | 15.76                | 19025.88           |
  | 1     | 16       | Compute                  | Layer 8                                                                                                                                                                                                                                                                                               | 19025.88           | 0.46                 | 19026.34           |
  | 1     | 17       | Activation Communication | Layer 8                                                                                                                                                                                                                                                                                               | 19026.34           | 0                    | 19026.34           |
  | 1     | 18       | Compute                  | Layer 9                                                                                                                                                                                                                                                                                               | 19026.34           | 0.46                 | 19026.81           |
  | 1     | 19       | Activation Communication | Layer 9                                                                                                                                                                                                                                                                                               | 19026.81           | 47.28                | 19074.09           |
  | 1     | 20       | Compute                  | Layer 10                                                                                                                                                                                                                                                                                              | 19074.09           | 1.84                 | 19075.92           |
  | 1     | 21       | Activation Communication | Layer 10                                                                                                                                                                                                                                                                                              | 19075.92           | 44.12                | 19120.04           |
  | 1     | 22       | Compute                  | Layer 11                                                                                                                                                                                                                                                                                              | 19120.04           | 5.51                 | 19125.55           |
  | 1     | 23       | Activation Communication | Layer 11                                                                                                                                                                                                                                                                                              | 19125.55           | 320.45               | 19446.01           |
  | 1     | 24       | Compute                  | Layer 12                                                                                                                                                                                                                                                                                              | 19446.01           | 5.51                 | 19451.51           |
  | 1     | 25       | Activation Communication | Layer 12                                                                                                                                                                                                                                                                                              | 19451.51           | 45.17                | 19496.69           |
  | 1     | 26       | Compute                  | Layer 13                                                                                                                                                                                                                                                                                              | 19496.69           | 4.59                 | 19501.28           |
  | 1     | 27       | Activation Communication | Layer 13                                                                                                                                                                                                                                                                                              | 19501.28           | 0                    | 19501.28           |
  | 1     | 28       | Compute                  | Layer 14                                                                                                                                                                                                                                                                                              | 19501.28           | 0.46                 | 19501.74           |
  | 1     | 29       | Activation Communication | Layer 14                                                                                                                                                                                                                                                                                              | 19501.74           | 0                    | 19501.74           |
  | 1     | 30       | Compute                  | Layer 15                                                                                                                                                                                                                                                                                              | 19501.74           | 0.46                 | 19502.20           |
  | 1     | 31       | Activation Communication | Layer 15                                                                                                                                                                                                                                                                                              | 19502.20           | 47.28                | 19549.48           |
  | 1     | 32       | Compute                  | Layer 16                                                                                                                                                                                                                                                                                              | 19549.48           | 1.84                 | 19551.32           |
  | 1     | 33       | Activation Communication | Layer 16                                                                                                                                                                                                                                                                                              | 19551.32           | 46.49                | 19597.81           |
  | 1     | 34       | Compute                  | Layer 17                                                                                                                                                                                                                                                                                              | 19597.81           | 4.59                 | 19602.40           |
  | 1     | 35       | Activation Communication | Layer 17                                                                                                                                                                                                                                                                                              | 19602.40           | 174.41               | 19776.80           |
  | 1     | 36       | Compute                  | Layer 18                                                                                                                                                                                                                                                                                              | 19776.80           | 5.51                 | 19782.31           |
  | 1     | 37       | Activation Communication | Layer 18                                                                                                                                                                                                                                                                                              | 19782.31           | 47.28                | 19829.59           |
  | 1     | 38       | Compute                  | Layer 19                                                                                                                                                                                                                                                                                              | 19829.59           | 4.59                 | 19834.18           |
  | 1     | 39       | Activation Communication | Layer 19                                                                                                                                                                                                                                                                                              | 19834.18           | 15.76                | 19849.94           |
  | 1     | 40       | Compute                  | Layer 20                                                                                                                                                                                                                                                                                              | 19849.94           | 0.46                 | 19850.41           |
  | 1     | 41       | Activation Communication | Layer 20                                                                                                                                                                                                                                                                                              | 19850.41           | 0                    | 19850.41           |
  | 1     | 42       | Compute                  | Layer 21                                                                                                                                                                                                                                                                                              | 19850.41           | 0.46                 | 19850.87           |
  | 1     | 43       | Activation Communication | Layer 21                                                                                                                                                                                                                                                                                              | 19850.87           | 47.28                | 19898.15           |
  | 1     | 44       | Compute                  | Layer 22                                                                                                                                                                                                                                                                                              | 19898.15           | 1.84                 | 19899.98           |
  | 1     | 45       | Activation Communication | Layer 22                                                                                                                                                                                                                                                                                              | 19899.98           | 42.02                | 19942.01           |
  | 1     | 46       | Compute                  | Layer 23                                                                                                                                                                                                                                                                                              | 19942.01           | 5.51                 | 19947.51           |
  | 1     | 47       | Activation Communication | Layer 23                                                                                                                                                                                                                                                                                              | 19947.51           | 177.56               | 20125.07           |
  | 1     | 48       | Compute                  | Layer 24                                                                                                                                                                                                                                                                                              | 20125.07           | 5.51                 | 20130.58           |
  | 1     | 49       | Activation Communication | Layer 24                                                                                                                                                                                                                                                                                              | 20130.58           | 47.28                | 20177.86           |
  | 1     | 50       | Compute                  | Layer 25                                                                                                                                                                                                                                                                                              | 20177.86           | 4.59                 | 20182.45           |
  | 1     | 51       | Activation Communication | Layer 25                                                                                                                                                                                                                                                                                              | 20182.45           | 15.76                | 20198.21           |
  | 1     | 52       | Compute                  | Layer 26                                                                                                                                                                                                                                                                                              | 20198.21           | 0.46                 | 20198.67           |
  | 1     | 53       | Activation Communication | Layer 26                                                                                                                                                                                                                                                                                              | 20198.67           | 0                    | 20198.67           |
  | 1     | 54       | Compute                  | Layer 27                                                                                                                                                                                                                                                                                              | 20198.67           | 0.46                 | 20199.14           |
  | 1     | 55       | Activation Communication | Layer 27                                                                                                                                                                                                                                                                                              | 20199.14           | 47.28                | 20246.42           |
  | 1     | 56       | Compute                  | Layer 28                                                                                                                                                                                                                                                                                              | 20246.42           | 1.84                 | 20248.25           |
  | 1     | 57       | Activation Communication | Layer 28                                                                                                                                                                                                                                                                                              | 20248.25           | 44.12                | 20292.38           |
  | 1     | 58       | Compute                  | Layer 29                                                                                                                                                                                                                                                                                              | 20292.38           | 5.51                 | 20297.88           |
  | 1     | 59       | Activation Communication | Layer 29                                                                                                                                                                                                                                                                                              | 20297.88           | 177.56               | 20475.44           |
  | 1     | 60       | Compute                  | Layer 30                                                                                                                                                                                                                                                                                              | 20475.44           | 5.51                 | 20480.95           |
  | 1     | 61       | Activation Communication | Layer 30                                                                                                                                                                                                                                                                                              | 20480.95           | 47.28                | 20528.23           |
  | 1     | 62       | Compute                  | Layer 31                                                                                                                                                                                                                                                                                              | 20528.23           | 4.59                 | 20532.82           |
  | 1     | 63       | Activation Communication | Layer 31                                                                                                                                                                                                                                                                                              | 20532.82           | 15.76                | 20548.58           |
  | 1     | 64       | Compute                  | Layer 32                                                                                                                                                                                                                                                                                              | 20548.58           | 0.46                 | 20549.04           |
  | 1     | 65       | Activation Communication | Layer 32                                                                                                                                                                                                                                                                                              | 20549.04           | 0                    | 20549.04           |
  | 1     | 66       | Compute                  | Layer 33                                                                                                                                                                                                                                                                                              | 20549.04           | 0.46                 | 20549.51           |
  | 1     | 67       | Activation Communication | Layer 33                                                                                                                                                                                                                                                                                              | 20549.51           | 47.28                | 20596.79           |
  | 1     | 68       | Compute                  | Layer 34                                                                                                                                                                                                                                                                                              | 20596.79           | 1.84                 | 20598.62           |
  | 1     | 69       | Activation Communication | Layer 34                                                                                                                                                                                                                                                                                              | 20598.62           | 44.12                | 20642.74           |
  | 1     | 70       | Compute                  | Layer 35                                                                                                                                                                                                                                                                                              | 20642.74           | 5.51                 | 20648.25           |
  | 1     | 71       | Activation Communication | Layer 35                                                                                                                                                                                                                                                                                              | 20648.25           | 177.56               | 20825.81           |
  | 1     | 72       | Compute                  | Layer 36                                                                                                                                                                                                                                                                                              | 20825.81           | 5.51                 | 20831.32           |
  | 1     | 73       | Activation Communication | Layer 36                                                                                                                                                                                                                                                                                              | 20831.32           | 47.28                | 20878.60           |
  | 1     | 74       | Compute                  | Layer 37                                                                                                                                                                                                                                                                                              | 20878.60           | 4.59                 | 20883.19           |
  | 1     | 75       | Activation Communication | Layer 37                                                                                                                                                                                                                                                                                              | 20883.19           | 137.90               | 21021.09           |
  | 1     | 76       | Compute                  | Layer 38                                                                                                                                                                                                                                                                                              | 21021.09           | 0.46                 | 21021.55           |
  | 1     | 77       | Activation Communication | Layer 38                                                                                                                                                                                                                                                                                              | 21021.55           | 12.12                | 21033.68           |
  | 1     | 78       | Compute                  | Layer 39                                                                                                                                                                                                                                                                                              | 21033.68           | 0.46                 | 21034.14           |
  | 1     | 79       | Activation Communication | Layer 39                                                                                                                                                                                                                                                                                              | 21034.14           | 28.89                | 21063.03           |
  | 1     | 80       | Compute                  | Layer 40                                                                                                                                                                                                                                                                                              | 21063.03           | 1.84                 | 21064.87           |
  | 1     | 81       | Activation Communication | Layer 40                                                                                                                                                                                                                                                                                              | 21064.87           | 47.28                | 21112.15           |
  | 1     | 82       | Compute                  | Layer 41                                                                                                                                                                                                                                                                                              | 21112.15           | 2.75                 | 21114.90           |
  | 1     | 83       | Activation Communication | Layer 41                                                                                                                                                                                                                                                                                              | 21114.90           | 204.88               | 21319.78           |
  | 1     | 84       | Compute                  | Layer 42                                                                                                                                                                                                                                                                                              | 21319.78           | 2.75                 | 21322.54           |
  | 1     | 85       | Activation Communication | Layer 42                                                                                                                                                                                                                                                                                              | 21322.54           | 39.40                | 21361.94           |
  | 1     | 86       | Compute                  | Layer 43                                                                                                                                                                                                                                                                                              | 21361.94           | 4.59                 | 21366.53           |
  | 1     | 87       | Activation Communication | Layer 43                                                                                                                                                                                                                                                                                              | 21366.53           | 0                    | 21366.53           |
  | 1     | 88       | Compute                  | Layer 44                                                                                                                                                                                                                                                                                              | 21366.53           | 0.46                 | 21366.99           |
  | 1     | 89       | Activation Communication | Layer 44                                                                                                                                                                                                                                                                                              | 21366.99           | 0                    | 21366.99           |
  | 1     | 90       | Compute                  | Layer 45                                                                                                                                                                                                                                                                                              | 21366.99           | 0.46                 | 21367.45           |
  | 1     | 91       | Activation Communication | Layer 45                                                                                                                                                                                                                                                                                              | 21367.45           | 47.28                | 21414.73           |
  | 1     | 92       | Compute                  | Layer 46                                                                                                                                                                                                                                                                                              | 21414.73           | 1.84                 | 21416.57           |
  | 1     | 93       | Activation Communication | Layer 46                                                                                                                                                                                                                                                                                              | 21416.57           | 45.96                | 21462.53           |
  | 1     | 94       | Compute                  | Layer 47                                                                                                                                                                                                                                                                                              | 21462.53           | 4.59                 | 21467.12           |
  | 1     | 95       | Activation Communication | Layer 47                                                                                                                                                                                                                                                                                              | 21467.12           | 309.59               | 21776.71           |
  | 1     | 96       | Compute                  | Layer 48                                                                                                                                                                                                                                                                                              | 21776.71           | 5.51                 | 21782.22           |
  | 1     | 97       | Activation Communication | Layer 48                                                                                                                                                                                                                                                                                              | 21782.22           | 44.39                | 21826.61           |
  | 1     | 98       | Compute                  | Layer 49                                                                                                                                                                                                                                                                                              | 21826.61           | 4.59                 | 21831.20           |
  | 1     | 99       | Activation Communication | Layer 49                                                                                                                                                                                                                                                                                              | 21831.20           | 0                    | 21831.20           |
  | 1     | 100      | Compute                  | Layer 50                                                                                                                                                                                                                                                                                              | 21831.20           | 0.46                 | 21831.66           |
  | 1     | 101      | Activation Communication | Layer 50                                                                                                                                                                                                                                                                                              | 21831.66           | 0                    | 21831.66           |
  | 1     | 102      | Compute                  | Layer 51                                                                                                                                                                                                                                                                                              | 21831.66           | 0.46                 | 21832.12           |
  | 1     | 103      | Activation Communication | Layer 51                                                                                                                                                                                                                                                                                              | 21832.12           | 47.28                | 21879.40           |
  | 1     | 104      | Compute                  | Layer 52                                                                                                                                                                                                                                                                                              | 21879.40           | 1.84                 | 21881.24           |
  | 1     | 105      | Activation Communication | Layer 52                                                                                                                                                                                                                                                                                              | 21881.24           | 46.49                | 21927.72           |
  | 1     | 106      | Compute                  | Layer 53                                                                                                                                                                                                                                                                                              | 21927.72           | 4.59                 | 21932.32           |
  | 1     | 107      | Activation Communication | Layer 53                                                                                                                                                                                                                                                                                              | 21932.32           | 312.04               | 22244.36           |
  | 1     | 108      | Compute                  | Layer 54                                                                                                                                                                                                                                                                                              | 22244.36           | 5.51                 | 22249.87           |
  | 1     | 109      | Activation Communication | Layer 54                                                                                                                                                                                                                                                                                              | 22249.87           | 45.17                | 22295.04           |
  | 1     | 110      | Compute                  | Layer 55                                                                                                                                                                                                                                                                                              | 22295.04           | 4.59                 | 22299.63           |
  | 1     | 111      | Activation Communication | Layer 55                                                                                                                                                                                                                                                                                              | 22299.63           | 0                    | 22299.63           |
  | 1     | 112      | Compute                  | Layer 56                                                                                                                                                                                                                                                                                              | 22299.63           | 0.46                 | 22300.10           |
  | 1     | 113      | Activation Communication | Layer 56                                                                                                                                                                                                                                                                                              | 22300.10           | 0                    | 22300.10           |
  | 1     | 114      | Compute                  | Layer 57                                                                                                                                                                                                                                                                                              | 22300.10           | 0.46                 | 22300.56           |
  | 1     | 115      | Activation Communication | Layer 57                                                                                                                                                                                                                                                                                              | 22300.56           | 47.28                | 22347.84           |
  | 1     | 116      | Compute                  | Layer 58                                                                                                                                                                                                                                                                                              | 22347.84           | 1.84                 | 22349.67           |
  | 1     | 117      | Activation Communication | Layer 58                                                                                                                                                                                                                                                                                              | 22349.67           | 46.49                | 22396.16           |
  | 1     | 118      | Compute                  | Layer 59                                                                                                                                                                                                                                                                                              | 22396.16           | 4.59                 | 22400.75           |
  | 1     | 119      | Activation Communication | Layer 59                                                                                                                                                                                                                                                                                              | 22400.75           | 174.41               | 22575.16           |
  | 1     | 120      | Compute                  | Layer 60                                                                                                                                                                                                                                                                                              | 22575.16           | 5.51                 | 22580.67           |
  | 1     | 121      | Activation Communication | Layer 60                                                                                                                                                                                                                                                                                              | 22580.67           | 47.28                | 22627.95           |
  | 1     | 122      | Compute                  | Layer 61                                                                                                                                                                                                                                                                                              | 22627.95           | 4.59                 | 22632.54           |
  | 1     | 123      | Activation Communication | Layer 61                                                                                                                                                                                                                                                                                              | 22632.54           | 15.76                | 22648.30           |
  | 1     | 124      | Compute                  | Layer 62                                                                                                                                                                                                                                                                                              | 22648.30           | 0.46                 | 22648.76           |
  | 1     | 125      | Activation Communication | Layer 62                                                                                                                                                                                                                                                                                              | 22648.76           | 0                    | 22648.76           |
  | 1     | 126      | Compute                  | Layer 63                                                                                                                                                                                                                                                                                              | 22648.76           | 0.46                 | 22649.22           |
  | 1     | 127      | Activation Communication | Layer 63                                                                                                                                                                                                                                                                                              | 22649.22           | 47.28                | 22696.50           |
  | 1     | 128      | Compute                  | Layer 64                                                                                                                                                                                                                                                                                              | 22696.50           | 1.84                 | 22698.34           |
  | 1     | 129      | Activation Communication | Layer 64                                                                                                                                                                                                                                                                                              | 22698.34           | 44.12                | 22742.46           |
  | 1     | 130      | Compute                  | Layer 65                                                                                                                                                                                                                                                                                              | 22742.46           | 5.51                 | 22747.97           |
  | 1     | 131      | Activation Communication | Layer 65                                                                                                                                                                                                                                                                                              | 22747.97           | 177.56               | 22925.53           |
  | 1     | 132      | Compute                  | Layer 66                                                                                                                                                                                                                                                                                              | 22925.53           | 5.51                 | 22931.04           |
  | 1     | 133      | Activation Communication | Layer 66                                                                                                                                                                                                                                                                                              | 22931.04           | 47.28                | 22978.32           |
  | 1     | 134      | Compute                  | Layer 67                                                                                                                                                                                                                                                                                              | 22978.32           | 4.59                 | 22982.91           |
  | 1     | 135      | Activation Communication | Layer 67                                                                                                                                                                                                                                                                                              | 22982.91           | 15.76                | 22998.67           |
  | 1     | 136      | Compute                  | Layer 68                                                                                                                                                                                                                                                                                              | 22998.67           | 0.46                 | 22999.13           |
  | 1     | 137      | Activation Communication | Layer 68                                                                                                                                                                                                                                                                                              | 22999.13           | 0                    | 22999.13           |
  | 1     | 138      | Compute                  | Layer 69                                                                                                                                                                                                                                                                                              | 22999.13           | 0.46                 | 22999.59           |
  | 1     | 139      | Activation Communication | Layer 69                                                                                                                                                                                                                                                                                              | 22999.59           | 47.28                | 23046.87           |
  | 1     | 140      | Compute                  | Layer 70                                                                                                                                                                                                                                                                                              | 23046.87           | 1.84                 | 23048.71           |
  | 1     | 141      | Activation Communication | Layer 70                                                                                                                                                                                                                                                                                              | 23048.71           | 44.12                | 23092.83           |
  | 1     | 142      | Compute                  | Layer 71                                                                                                                                                                                                                                                                                              | 23092.83           | 5.51                 | 23098.34           |
  | 1     | 143      | Activation Communication | Layer 71                                                                                                                                                                                                                                                                                              | 23098.34           | 177.56               | 23275.90           |
  | 1     | 144      | Compute                  | Layer 72                                                                                                                                                                                                                                                                                              | 23275.90           | 5.51                 | 23281.41           |
  | 1     | 145      | Activation Communication | Layer 72                                                                                                                                                                                                                                                                                              | 23281.41           | 47.28                | 23328.69           |
  | 1     | 146      | Compute                  | Layer 73                                                                                                                                                                                                                                                                                              | 23328.69           | 0.01                 | 23328.69           |
  | 2     | 0        | Compute                  | Layer 0                                                                                                                                                                                                                                                                                               | 23328.69           | 1.83                 | 23330.52           |
  | 2     | 1        | Activation Communication | Layer 0                                                                                                                                                                                                                                                                                               | 23330.52           | 0                    | 23330.52           |
  | 2     | 2        | Compute                  | Layer 1                                                                                                                                                                                                                                                                                               | 23330.52           | 4.59                 | 23335.11           |
  | 2     | 3        | Activation Communication | Layer 1                                                                                                                                                                                                                                                                                               | 23335.11           | 141.84               | 23476.95           |
  | 2     | 4        | Compute                  | Layer 2                                                                                                                                                                                                                                                                                               | 23476.95           | 0.46                 | 23477.41           |
  | 2     | 5        | Activation Communication | Layer 2                                                                                                                                                                                                                                                                                               | 23477.41           | 12.12                | 23489.54           |
  | 2     | 6        | Compute                  | Layer 3                                                                                                                                                                                                                                                                                               | 23489.54           | 0.46                 | 23490.00           |
  | 2     | 7        | Activation Communication | Layer 3                                                                                                                                                                                                                                                                                               | 23490.00           | 2.62                 | 23492.63           |
  | 2     | 8        | Compute                  | Layer 4                                                                                                                                                                                                                                                                                               | 23492.63           | 1.84                 | 23494.46           |
  | 2     | 9        | Activation Communication | Layer 4                                                                                                                                                                                                                                                                                               | 23494.46           | 47.28                | 23541.74           |
  | 2     | 10       | Compute                  | Layer 5                                                                                                                                                                                                                                                                                               | 23541.74           | 2.75                 | 23544.50           |
  | 2     | 11       | Activation Communication | Layer 5                                                                                                                                                                                                                                                                                               | 23544.50           | 155.49               | 23699.99           |
  | 2     | 12       | Compute                  | Layer 6                                                                                                                                                                                                                                                                                               | 23699.99           | 5.51                 | 23705.50           |
  | 2     | 13       | Activation Communication | Layer 6                                                                                                                                                                                                                                                                                               | 23705.50           | 47.28                | 23752.78           |
  | 2     | 14       | Compute                  | Layer 7                                                                                                                                                                                                                                                                                               | 23752.78           | 4.59                 | 23757.37           |
  | 2     | 15       | Activation Communication | Layer 7                                                                                                                                                                                                                                                                                               | 23757.37           | 15.76                | 23773.13           |
  | 2     | 16       | Compute                  | Layer 8                                                                                                                                                                                                                                                                                               | 23773.13           | 0.46                 | 23773.59           |
  | 2     | 17       | Activation Communication | Layer 8                                                                                                                                                                                                                                                                                               | 23773.59           | 0                    | 23773.59           |
  | 2     | 18       | Compute                  | Layer 9                                                                                                                                                                                                                                                                                               | 23773.59           | 0.46                 | 23774.05           |
  | 2     | 19       | Activation Communication | Layer 9                                                                                                                                                                                                                                                                                               | 23774.05           | 47.28                | 23821.33           |
  | 2     | 20       | Compute                  | Layer 10                                                                                                                                                                                                                                                                                              | 23821.33           | 1.84                 | 23823.17           |
  | 2     | 21       | Activation Communication | Layer 10                                                                                                                                                                                                                                                                                              | 23823.17           | 44.12                | 23867.29           |
  | 2     | 22       | Compute                  | Layer 11                                                                                                                                                                                                                                                                                              | 23867.29           | 5.51                 | 23872.80           |
  | 2     | 23       | Activation Communication | Layer 11                                                                                                                                                                                                                                                                                              | 23872.80           | 320.45               | 24193.25           |
  | 2     | 24       | Compute                  | Layer 12                                                                                                                                                                                                                                                                                              | 24193.25           | 5.51                 | 24198.76           |
  | 2     | 25       | Activation Communication | Layer 12                                                                                                                                                                                                                                                                                              | 24198.76           | 45.17                | 24243.94           |
  | 2     | 26       | Compute                  | Layer 13                                                                                                                                                                                                                                                                                              | 24243.94           | 4.59                 | 24248.53           |
  | 2     | 27       | Activation Communication | Layer 13                                                                                                                                                                                                                                                                                              | 24248.53           | 0                    | 24248.53           |
  | 2     | 28       | Compute                  | Layer 14                                                                                                                                                                                                                                                                                              | 24248.53           | 0.46                 | 24248.99           |
  | 2     | 29       | Activation Communication | Layer 14                                                                                                                                                                                                                                                                                              | 24248.99           | 0                    | 24248.99           |
  | 2     | 30       | Compute                  | Layer 15                                                                                                                                                                                                                                                                                              | 24248.99           | 0.46                 | 24249.45           |
  | 2     | 31       | Activation Communication | Layer 15                                                                                                                                                                                                                                                                                              | 24249.45           | 47.28                | 24296.73           |
  | 2     | 32       | Compute                  | Layer 16                                                                                                                                                                                                                                                                                              | 24296.73           | 1.84                 | 24298.57           |
  | 2     | 33       | Activation Communication | Layer 16                                                                                                                                                                                                                                                                                              | 24298.57           | 46.49                | 24345.06           |
  | 2     | 34       | Compute                  | Layer 17                                                                                                                                                                                                                                                                                              | 24345.06           | 4.59                 | 24349.65           |
  | 2     | 35       | Activation Communication | Layer 17                                                                                                                                                                                                                                                                                              | 24349.65           | 174.41               | 24524.05           |
  | 2     | 36       | Compute                  | Layer 18                                                                                                                                                                                                                                                                                              | 24524.05           | 5.51                 | 24529.56           |
  | 2     | 37       | Activation Communication | Layer 18                                                                                                                                                                                                                                                                                              | 24529.56           | 47.28                | 24576.84           |
  | 2     | 38       | Compute                  | Layer 19                                                                                                                                                                                                                                                                                              | 24576.84           | 4.59                 | 24581.43           |
  | 2     | 39       | Activation Communication | Layer 19                                                                                                                                                                                                                                                                                              | 24581.43           | 15.76                | 24597.19           |
  | 2     | 40       | Compute                  | Layer 20                                                                                                                                                                                                                                                                                              | 24597.19           | 0.46                 | 24597.65           |
  | 2     | 41       | Activation Communication | Layer 20                                                                                                                                                                                                                                                                                              | 24597.65           | 0                    | 24597.65           |
  | 2     | 42       | Compute                  | Layer 21                                                                                                                                                                                                                                                                                              | 24597.65           | 0.46                 | 24598.12           |
  | 2     | 43       | Activation Communication | Layer 21                                                                                                                                                                                                                                                                                              | 24598.12           | 47.28                | 24645.40           |
  | 2     | 44       | Compute                  | Layer 22                                                                                                                                                                                                                                                                                              | 24645.40           | 1.84                 | 24647.23           |
  | 2     | 45       | Activation Communication | Layer 22                                                                                                                                                                                                                                                                                              | 24647.23           | 42.02                | 24689.25           |
  | 2     | 46       | Compute                  | Layer 23                                                                                                                                                                                                                                                                                              | 24689.25           | 5.51                 | 24694.76           |
  | 2     | 47       | Activation Communication | Layer 23                                                                                                                                                                                                                                                                                              | 24694.76           | 177.56               | 24872.32           |
  | 2     | 48       | Compute                  | Layer 24                                                                                                                                                                                                                                                                                              | 24872.32           | 5.51                 | 24877.83           |
  | 2     | 49       | Activation Communication | Layer 24                                                                                                                                                                                                                                                                                              | 24877.83           | 47.28                | 24925.11           |
  | 2     | 50       | Compute                  | Layer 25                                                                                                                                                                                                                                                                                              | 24925.11           | 4.59                 | 24929.70           |
  | 2     | 51       | Activation Communication | Layer 25                                                                                                                                                                                                                                                                                              | 24929.70           | 15.76                | 24945.46           |
  | 2     | 52       | Compute                  | Layer 26                                                                                                                                                                                                                                                                                              | 24945.46           | 0.46                 | 24945.92           |
  | 2     | 53       | Activation Communication | Layer 26                                                                                                                                                                                                                                                                                              | 24945.92           | 0                    | 24945.92           |
  | 2     | 54       | Compute                  | Layer 27                                                                                                                                                                                                                                                                                              | 24945.92           | 0.46                 | 24946.39           |
  | 2     | 55       | Activation Communication | Layer 27                                                                                                                                                                                                                                                                                              | 24946.39           | 47.28                | 24993.67           |
  | 2     | 56       | Compute                  | Layer 28                                                                                                                                                                                                                                                                                              | 24993.67           | 1.84                 | 24995.50           |
  | 2     | 57       | Activation Communication | Layer 28                                                                                                                                                                                                                                                                                              | 24995.50           | 44.12                | 25039.62           |
  | 2     | 58       | Compute                  | Layer 29                                                                                                                                                                                                                                                                                              | 25039.62           | 5.51                 | 25045.13           |
  | 2     | 59       | Activation Communication | Layer 29                                                                                                                                                                                                                                                                                              | 25045.13           | 177.56               | 25222.69           |
  | 2     | 60       | Compute                  | Layer 30                                                                                                                                                                                                                                                                                              | 25222.69           | 5.51                 | 25228.20           |
  | 2     | 61       | Activation Communication | Layer 30                                                                                                                                                                                                                                                                                              | 25228.20           | 47.28                | 25275.48           |
  | 2     | 62       | Compute                  | Layer 31                                                                                                                                                                                                                                                                                              | 25275.48           | 4.59                 | 25280.07           |
  | 2     | 63       | Activation Communication | Layer 31                                                                                                                                                                                                                                                                                              | 25280.07           | 15.76                | 25295.83           |
  | 2     | 64       | Compute                  | Layer 32                                                                                                                                                                                                                                                                                              | 25295.83           | 0.46                 | 25296.29           |
  | 2     | 65       | Activation Communication | Layer 32                                                                                                                                                                                                                                                                                              | 25296.29           | 0                    | 25296.29           |
  | 2     | 66       | Compute                  | Layer 33                                                                                                                                                                                                                                                                                              | 25296.29           | 0.46                 | 25296.75           |
  | 2     | 67       | Activation Communication | Layer 33                                                                                                                                                                                                                                                                                              | 25296.75           | 47.28                | 25344.03           |
  | 2     | 68       | Compute                  | Layer 34                                                                                                                                                                                                                                                                                              | 25344.03           | 1.84                 | 25345.87           |
  | 2     | 69       | Activation Communication | Layer 34                                                                                                                                                                                                                                                                                              | 25345.87           | 44.12                | 25389.99           |
  | 2     | 70       | Compute                  | Layer 35                                                                                                                                                                                                                                                                                              | 25389.99           | 5.51                 | 25395.50           |
  | 2     | 71       | Activation Communication | Layer 35                                                                                                                                                                                                                                                                                              | 25395.50           | 177.56               | 25573.06           |
  | 2     | 72       | Compute                  | Layer 36                                                                                                                                                                                                                                                                                              | 25573.06           | 5.51                 | 25578.57           |
  | 2     | 73       | Activation Communication | Layer 36                                                                                                                                                                                                                                                                                              | 25578.57           | 47.28                | 25625.85           |
  | 2     | 74       | Compute                  | Layer 37                                                                                                                                                                                                                                                                                              | 25625.85           | 4.59                 | 25630.44           |
  | 2     | 75       | Activation Communication | Layer 37                                                                                                                                                                                                                                                                                              | 25630.44           | 137.90               | 25768.34           |
  | 2     | 76       | Compute                  | Layer 38                                                                                                                                                                                                                                                                                              | 25768.34           | 0.46                 | 25768.80           |
  | 2     | 77       | Activation Communication | Layer 38                                                                                                                                                                                                                                                                                              | 25768.80           | 12.12                | 25780.93           |
  | 2     | 78       | Compute                  | Layer 39                                                                                                                                                                                                                                                                                              | 25780.93           | 0.46                 | 25781.39           |
  | 2     | 79       | Activation Communication | Layer 39                                                                                                                                                                                                                                                                                              | 25781.39           | 28.89                | 25810.28           |
  | 2     | 80       | Compute                  | Layer 40                                                                                                                                                                                                                                                                                              | 25810.28           | 1.84                 | 25812.11           |
  | 2     | 81       | Activation Communication | Layer 40                                                                                                                                                                                                                                                                                              | 25812.11           | 47.28                | 25859.40           |
  | 2     | 82       | Compute                  | Layer 41                                                                                                                                                                                                                                                                                              | 25859.40           | 2.75                 | 25862.15           |
  | 2     | 83       | Activation Communication | Layer 41                                                                                                                                                                                                                                                                                              | 25862.15           | 204.88               | 26067.03           |
  | 2     | 84       | Compute                  | Layer 42                                                                                                                                                                                                                                                                                              | 26067.03           | 2.75                 | 26069.79           |
  | 2     | 85       | Activation Communication | Layer 42                                                                                                                                                                                                                                                                                              | 26069.79           | 39.40                | 26109.18           |
  | 2     | 86       | Compute                  | Layer 43                                                                                                                                                                                                                                                                                              | 26109.18           | 4.59                 | 26113.78           |
  | 2     | 87       | Activation Communication | Layer 43                                                                                                                                                                                                                                                                                              | 26113.78           | 0                    | 26113.78           |
  | 2     | 88       | Compute                  | Layer 44                                                                                                                                                                                                                                                                                              | 26113.78           | 0.46                 | 26114.24           |
  | 2     | 89       | Activation Communication | Layer 44                                                                                                                                                                                                                                                                                              | 26114.24           | 0                    | 26114.24           |
  | 2     | 90       | Compute                  | Layer 45                                                                                                                                                                                                                                                                                              | 26114.24           | 0.46                 | 26114.70           |
  | 2     | 91       | Activation Communication | Layer 45                                                                                                                                                                                                                                                                                              | 26114.70           | 47.28                | 26161.98           |
  | 2     | 92       | Compute                  | Layer 46                                                                                                                                                                                                                                                                                              | 26161.98           | 1.84                 | 26163.81           |
  | 2     | 93       | Activation Communication | Layer 46                                                                                                                                                                                                                                                                                              | 26163.81           | 45.96                | 26209.78           |
  | 2     | 94       | Compute                  | Layer 47                                                                                                                                                                                                                                                                                              | 26209.78           | 4.59                 | 26214.37           |
  | 2     | 95       | Activation Communication | Layer 47                                                                                                                                                                                                                                                                                              | 26214.37           | 309.59               | 26523.96           |
  | 2     | 96       | Compute                  | Layer 48                                                                                                                                                                                                                                                                                              | 26523.96           | 5.51                 | 26529.47           |
  | 2     | 97       | Activation Communication | Layer 48                                                                                                                                                                                                                                                                                              | 26529.47           | 44.39                | 26573.86           |
  | 2     | 98       | Compute                  | Layer 49                                                                                                                                                                                                                                                                                              | 26573.86           | 4.59                 | 26578.45           |
  | 2     | 99       | Activation Communication | Layer 49                                                                                                                                                                                                                                                                                              | 26578.45           | 0                    | 26578.45           |
  | 2     | 100      | Compute                  | Layer 50                                                                                                                                                                                                                                                                                              | 26578.45           | 0.46                 | 26578.91           |
  | 2     | 101      | Activation Communication | Layer 50                                                                                                                                                                                                                                                                                              | 26578.91           | 0                    | 26578.91           |
  | 2     | 102      | Compute                  | Layer 51                                                                                                                                                                                                                                                                                              | 26578.91           | 0.46                 | 26579.37           |
  | 2     | 103      | Activation Communication | Layer 51                                                                                                                                                                                                                                                                                              | 26579.37           | 47.28                | 26626.65           |
  | 2     | 104      | Compute                  | Layer 52                                                                                                                                                                                                                                                                                              | 26626.65           | 1.84                 | 26628.49           |
  | 2     | 105      | Activation Communication | Layer 52                                                                                                                                                                                                                                                                                              | 26628.49           | 46.49                | 26674.97           |
  | 2     | 106      | Compute                  | Layer 53                                                                                                                                                                                                                                                                                              | 26674.97           | 4.59                 | 26679.56           |
  | 2     | 107      | Activation Communication | Layer 53                                                                                                                                                                                                                                                                                              | 26679.56           | 312.04               | 26991.61           |
  | 2     | 108      | Compute                  | Layer 54                                                                                                                                                                                                                                                                                              | 26991.61           | 5.51                 | 26997.12           |
  | 2     | 109      | Activation Communication | Layer 54                                                                                                                                                                                                                                                                                              | 26997.12           | 45.17                | 27042.29           |
  | 2     | 110      | Compute                  | Layer 55                                                                                                                                                                                                                                                                                              | 27042.29           | 4.59                 | 27046.88           |
  | 2     | 111      | Activation Communication | Layer 55                                                                                                                                                                                                                                                                                              | 27046.88           | 0                    | 27046.88           |
  | 2     | 112      | Compute                  | Layer 56                                                                                                                                                                                                                                                                                              | 27046.88           | 0.46                 | 27047.34           |
  | 2     | 113      | Activation Communication | Layer 56                                                                                                                                                                                                                                                                                              | 27047.34           | 0                    | 27047.34           |
  | 2     | 114      | Compute                  | Layer 57                                                                                                                                                                                                                                                                                              | 27047.34           | 0.46                 | 27047.81           |
  | 2     | 115      | Activation Communication | Layer 57                                                                                                                                                                                                                                                                                              | 27047.81           | 47.28                | 27095.09           |
  | 2     | 116      | Compute                  | Layer 58                                                                                                                                                                                                                                                                                              | 27095.09           | 1.84                 | 27096.92           |
  | 2     | 117      | Activation Communication | Layer 58                                                                                                                                                                                                                                                                                              | 27096.92           | 46.49                | 27143.41           |
  | 2     | 118      | Compute                  | Layer 59                                                                                                                                                                                                                                                                                              | 27143.41           | 4.59                 | 27148.00           |
  | 2     | 119      | Activation Communication | Layer 59                                                                                                                                                                                                                                                                                              | 27148.00           | 174.41               | 27322.41           |
  | 2     | 120      | Compute                  | Layer 60                                                                                                                                                                                                                                                                                              | 27322.41           | 5.51                 | 27327.92           |
  | 2     | 121      | Activation Communication | Layer 60                                                                                                                                                                                                                                                                                              | 27327.92           | 47.28                | 27375.20           |
  | 2     | 122      | Compute                  | Layer 61                                                                                                                                                                                                                                                                                              | 27375.20           | 4.59                 | 27379.79           |
  | 2     | 123      | Activation Communication | Layer 61                                                                                                                                                                                                                                                                                              | 27379.79           | 15.76                | 27395.55           |
  | 2     | 124      | Compute                  | Layer 62                                                                                                                                                                                                                                                                                              | 27395.55           | 0.46                 | 27396.01           |
  | 2     | 125      | Activation Communication | Layer 62                                                                                                                                                                                                                                                                                              | 27396.01           | 0                    | 27396.01           |
  | 2     | 126      | Compute                  | Layer 63                                                                                                                                                                                                                                                                                              | 27396.01           | 0.46                 | 27396.47           |
  | 2     | 127      | Activation Communication | Layer 63                                                                                                                                                                                                                                                                                              | 27396.47           | 47.28                | 27443.75           |
  | 2     | 128      | Compute                  | Layer 64                                                                                                                                                                                                                                                                                              | 27443.75           | 1.84                 | 27445.59           |
  | 2     | 129      | Activation Communication | Layer 64                                                                                                                                                                                                                                                                                              | 27445.59           | 44.12                | 27489.71           |
  | 2     | 130      | Compute                  | Layer 65                                                                                                                                                                                                                                                                                              | 27489.71           | 5.51                 | 27495.22           |
  | 2     | 131      | Activation Communication | Layer 65                                                                                                                                                                                                                                                                                              | 27495.22           | 177.56               | 27672.78           |
  | 2     | 132      | Compute                  | Layer 66                                                                                                                                                                                                                                                                                              | 27672.78           | 5.51                 | 27678.29           |
  | 2     | 133      | Activation Communication | Layer 66                                                                                                                                                                                                                                                                                              | 27678.29           | 47.28                | 27725.57           |
  | 2     | 134      | Compute                  | Layer 67                                                                                                                                                                                                                                                                                              | 27725.57           | 4.59                 | 27730.16           |
  | 2     | 135      | Activation Communication | Layer 67                                                                                                                                                                                                                                                                                              | 27730.16           | 15.76                | 27745.92           |
  | 2     | 136      | Compute                  | Layer 68                                                                                                                                                                                                                                                                                              | 27745.92           | 0.46                 | 27746.38           |
  | 2     | 137      | Activation Communication | Layer 68                                                                                                                                                                                                                                                                                              | 27746.38           | 0                    | 27746.38           |
  | 2     | 138      | Compute                  | Layer 69                                                                                                                                                                                                                                                                                              | 27746.38           | 0.46                 | 27746.84           |
  | 2     | 139      | Activation Communication | Layer 69                                                                                                                                                                                                                                                                                              | 27746.84           | 47.28                | 27794.12           |
  | 2     | 140      | Compute                  | Layer 70                                                                                                                                                                                                                                                                                              | 27794.12           | 1.84                 | 27795.96           |
  | 2     | 141      | Activation Communication | Layer 70                                                                                                                                                                                                                                                                                              | 27795.96           | 44.12                | 27840.08           |
  | 2     | 142      | Compute                  | Layer 71                                                                                                                                                                                                                                                                                              | 27840.08           | 5.51                 | 27845.59           |
  | 2     | 143      | Activation Communication | Layer 71                                                                                                                                                                                                                                                                                              | 27845.59           | 177.56               | 28023.15           |
  | 2     | 144      | Compute                  | Layer 72                                                                                                                                                                                                                                                                                              | 28023.15           | 5.51                 | 28028.65           |
  | 2     | 145      | Activation Communication | Layer 72                                                                                                                                                                                                                                                                                              | 28028.65           | 47.28                | 28075.93           |
  | 2     | 146      | Compute                  | Layer 73                                                                                                                                                                                                                                                                                              | 28075.93           | 0.01                 | 28075.94           |
  | 3     | 0        | Compute                  | Layer 0                                                                                                                                                                                                                                                                                               | 28075.94           | 1.83                 | 28077.77           |
  | 3     | 1        | Activation Communication | Layer 0                                                                                                                                                                                                                                                                                               | 28077.77           | 0                    | 28077.77           |
  | 3     | 2        | Compute                  | Layer 1                                                                                                                                                                                                                                                                                               | 28077.77           | 4.59                 | 28082.36           |
  | 3     | 3        | Activation Communication | Layer 1                                                                                                                                                                                                                                                                                               | 28082.36           | 141.84               | 28224.20           |
  | 3     | 4        | Compute                  | Layer 2                                                                                                                                                                                                                                                                                               | 28224.20           | 0.46                 | 28224.66           |
  | 3     | 5        | Activation Communication | Layer 2                                                                                                                                                                                                                                                                                               | 28224.66           | 12.12                | 28236.79           |
  | 3     | 6        | Compute                  | Layer 3                                                                                                                                                                                                                                                                                               | 28236.79           | 0.46                 | 28237.25           |
  | 3     | 7        | Activation Communication | Layer 3                                                                                                                                                                                                                                                                                               | 28237.25           | 2.62                 | 28239.87           |
  | 3     | 8        | Compute                  | Layer 4                                                                                                                                                                                                                                                                                               | 28239.87           | 1.84                 | 28241.71           |
  | 3     | 9        | Activation Communication | Layer 4                                                                                                                                                                                                                                                                                               | 28241.71           | 47.28                | 28288.99           |
  | 3     | 10       | Compute                  | Layer 5                                                                                                                                                                                                                                                                                               | 28288.99           | 2.75                 | 28291.75           |
  | 3     | 11       | Activation Communication | Layer 5                                                                                                                                                                                                                                                                                               | 28291.75           | 155.49               | 28447.24           |
  | 3     | 12       | Compute                  | Layer 6                                                                                                                                                                                                                                                                                               | 28447.24           | 5.51                 | 28452.75           |
  | 3     | 13       | Activation Communication | Layer 6                                                                                                                                                                                                                                                                                               | 28452.75           | 47.28                | 28500.03           |
  | 3     | 14       | Compute                  | Layer 7                                                                                                                                                                                                                                                                                               | 28500.03           | 4.59                 | 28504.62           |
  | 3     | 15       | Activation Communication | Layer 7                                                                                                                                                                                                                                                                                               | 28504.62           | 15.76                | 28520.38           |
  | 3     | 16       | Compute                  | Layer 8                                                                                                                                                                                                                                                                                               | 28520.38           | 0.46                 | 28520.84           |
  | 3     | 17       | Activation Communication | Layer 8                                                                                                                                                                                                                                                                                               | 28520.84           | 0                    | 28520.84           |
  | 3     | 18       | Compute                  | Layer 9                                                                                                                                                                                                                                                                                               | 28520.84           | 0.46                 | 28521.30           |
  | 3     | 19       | Activation Communication | Layer 9                                                                                                                                                                                                                                                                                               | 28521.30           | 47.28                | 28568.58           |
  | 3     | 20       | Compute                  | Layer 10                                                                                                                                                                                                                                                                                              | 28568.58           | 1.84                 | 28570.42           |
  | 3     | 21       | Activation Communication | Layer 10                                                                                                                                                                                                                                                                                              | 28570.42           | 44.12                | 28614.54           |
  | 3     | 22       | Compute                  | Layer 11                                                                                                                                                                                                                                                                                              | 28614.54           | 5.51                 | 28620.05           |
  | 3     | 23       | Activation Communication | Layer 11                                                                                                                                                                                                                                                                                              | 28620.05           | 320.45               | 28940.50           |
  | 3     | 24       | Compute                  | Layer 12                                                                                                                                                                                                                                                                                              | 28940.50           | 5.51                 | 28946.01           |
  | 3     | 25       | Activation Communication | Layer 12                                                                                                                                                                                                                                                                                              | 28946.01           | 45.17                | 28991.19           |
  | 3     | 26       | Compute                  | Layer 13                                                                                                                                                                                                                                                                                              | 28991.19           | 4.59                 | 28995.78           |
  | 3     | 27       | Activation Communication | Layer 13                                                                                                                                                                                                                                                                                              | 28995.78           | 0                    | 28995.78           |
  | 3     | 28       | Compute                  | Layer 14                                                                                                                                                                                                                                                                                              | 28995.78           | 0.46                 | 28996.24           |
  | 3     | 29       | Activation Communication | Layer 14                                                                                                                                                                                                                                                                                              | 28996.24           | 0                    | 28996.24           |
  | 3     | 30       | Compute                  | Layer 15                                                                                                                                                                                                                                                                                              | 28996.24           | 0.46                 | 28996.70           |
  | 3     | 31       | Activation Communication | Layer 15                                                                                                                                                                                                                                                                                              | 28996.70           | 47.28                | 29043.98           |
  | 3     | 32       | Compute                  | Layer 16                                                                                                                                                                                                                                                                                              | 29043.98           | 1.84                 | 29045.82           |
  | 3     | 33       | Activation Communication | Layer 16                                                                                                                                                                                                                                                                                              | 29045.82           | 46.49                | 29092.30           |
  | 3     | 34       | Compute                  | Layer 17                                                                                                                                                                                                                                                                                              | 29092.30           | 4.59                 | 29096.90           |
  | 3     | 35       | Activation Communication | Layer 17                                                                                                                                                                                                                                                                                              | 29096.90           | 174.41               | 29271.30           |
  | 3     | 36       | Compute                  | Layer 18                                                                                                                                                                                                                                                                                              | 29271.30           | 5.51                 | 29276.81           |
  | 3     | 37       | Activation Communication | Layer 18                                                                                                                                                                                                                                                                                              | 29276.81           | 47.28                | 29324.09           |
  | 3     | 38       | Compute                  | Layer 19                                                                                                                                                                                                                                                                                              | 29324.09           | 4.59                 | 29328.68           |
  | 3     | 39       | Activation Communication | Layer 19                                                                                                                                                                                                                                                                                              | 29328.68           | 15.76                | 29344.44           |
  | 3     | 40       | Compute                  | Layer 20                                                                                                                                                                                                                                                                                              | 29344.44           | 0.46                 | 29344.90           |
  | 3     | 41       | Activation Communication | Layer 20                                                                                                                                                                                                                                                                                              | 29344.90           | 0                    | 29344.90           |
  | 3     | 42       | Compute                  | Layer 21                                                                                                                                                                                                                                                                                              | 29344.90           | 0.46                 | 29345.36           |
  | 3     | 43       | Activation Communication | Layer 21                                                                                                                                                                                                                                                                                              | 29345.36           | 47.28                | 29392.64           |
  | 3     | 44       | Compute                  | Layer 22                                                                                                                                                                                                                                                                                              | 29392.64           | 1.84                 | 29394.48           |
  | 3     | 45       | Activation Communication | Layer 22                                                                                                                                                                                                                                                                                              | 29394.48           | 42.02                | 29436.50           |
  | 3     | 46       | Compute                  | Layer 23                                                                                                                                                                                                                                                                                              | 29436.50           | 5.51                 | 29442.01           |
  | 3     | 47       | Activation Communication | Layer 23                                                                                                                                                                                                                                                                                              | 29442.01           | 177.56               | 29619.57           |
  | 3     | 48       | Compute                  | Layer 24                                                                                                                                                                                                                                                                                              | 29619.57           | 5.51                 | 29625.08           |
  | 3     | 49       | Activation Communication | Layer 24                                                                                                                                                                                                                                                                                              | 29625.08           | 47.28                | 29672.36           |
  | 3     | 50       | Compute                  | Layer 25                                                                                                                                                                                                                                                                                              | 29672.36           | 4.59                 | 29676.95           |
  | 3     | 51       | Activation Communication | Layer 25                                                                                                                                                                                                                                                                                              | 29676.95           | 15.76                | 29692.71           |
  | 3     | 52       | Compute                  | Layer 26                                                                                                                                                                                                                                                                                              | 29692.71           | 0.46                 | 29693.17           |
  | 3     | 53       | Activation Communication | Layer 26                                                                                                                                                                                                                                                                                              | 29693.17           | 0                    | 29693.17           |
  | 3     | 54       | Compute                  | Layer 27                                                                                                                                                                                                                                                                                              | 29693.17           | 0.46                 | 29693.63           |
  | 3     | 55       | Activation Communication | Layer 27                                                                                                                                                                                                                                                                                              | 29693.63           | 47.28                | 29740.91           |
  | 3     | 56       | Compute                  | Layer 28                                                                                                                                                                                                                                                                                              | 29740.91           | 1.84                 | 29742.75           |
  | 3     | 57       | Activation Communication | Layer 28                                                                                                                                                                                                                                                                                              | 29742.75           | 44.12                | 29786.87           |
  | 3     | 58       | Compute                  | Layer 29                                                                                                                                                                                                                                                                                              | 29786.87           | 5.51                 | 29792.38           |
  | 3     | 59       | Activation Communication | Layer 29                                                                                                                                                                                                                                                                                              | 29792.38           | 177.56               | 29969.94           |
  | 3     | 60       | Compute                  | Layer 30                                                                                                                                                                                                                                                                                              | 29969.94           | 5.51                 | 29975.45           |
  | 3     | 61       | Activation Communication | Layer 30                                                                                                                                                                                                                                                                                              | 29975.45           | 47.28                | 30022.73           |
  | 3     | 62       | Compute                  | Layer 31                                                                                                                                                                                                                                                                                              | 30022.73           | 4.59                 | 30027.32           |
  | 3     | 63       | Activation Communication | Layer 31                                                                                                                                                                                                                                                                                              | 30027.32           | 15.76                | 30043.08           |
  | 3     | 64       | Compute                  | Layer 32                                                                                                                                                                                                                                                                                              | 30043.08           | 0.46                 | 30043.54           |
  | 3     | 65       | Activation Communication | Layer 32                                                                                                                                                                                                                                                                                              | 30043.54           | 0                    | 30043.54           |
  | 3     | 66       | Compute                  | Layer 33                                                                                                                                                                                                                                                                                              | 30043.54           | 0.46                 | 30044.00           |
  | 3     | 67       | Activation Communication | Layer 33                                                                                                                                                                                                                                                                                              | 30044.00           | 47.28                | 30091.28           |
  | 3     | 68       | Compute                  | Layer 34                                                                                                                                                                                                                                                                                              | 30091.28           | 1.84                 | 30093.12           |
  | 3     | 69       | Activation Communication | Layer 34                                                                                                                                                                                                                                                                                              | 30093.12           | 44.12                | 30137.24           |
  | 3     | 70       | Compute                  | Layer 35                                                                                                                                                                                                                                                                                              | 30137.24           | 5.51                 | 30142.75           |
  | 3     | 71       | Activation Communication | Layer 35                                                                                                                                                                                                                                                                                              | 30142.75           | 177.56               | 30320.31           |
  | 3     | 72       | Compute                  | Layer 36                                                                                                                                                                                                                                                                                              | 30320.31           | 5.51                 | 30325.82           |
  | 3     | 73       | Activation Communication | Layer 36                                                                                                                                                                                                                                                                                              | 30325.82           | 47.28                | 30373.10           |
  | 3     | 74       | Compute                  | Layer 37                                                                                                                                                                                                                                                                                              | 30373.10           | 4.59                 | 30377.69           |
  | 3     | 75       | Activation Communication | Layer 37                                                                                                                                                                                                                                                                                              | 30377.69           | 137.90               | 30515.59           |
  | 3     | 76       | Compute                  | Layer 38                                                                                                                                                                                                                                                                                              | 30515.59           | 0.46                 | 30516.05           |
  | 3     | 77       | Activation Communication | Layer 38                                                                                                                                                                                                                                                                                              | 30516.05           | 12.12                | 30528.18           |
  | 3     | 78       | Compute                  | Layer 39                                                                                                                                                                                                                                                                                              | 30528.18           | 0.46                 | 30528.64           |
  | 3     | 79       | Activation Communication | Layer 39                                                                                                                                                                                                                                                                                              | 30528.64           | 28.89                | 30557.53           |
  | 3     | 80       | Compute                  | Layer 40                                                                                                                                                                                                                                                                                              | 30557.53           | 1.84                 | 30559.36           |
  | 3     | 81       | Activation Communication | Layer 40                                                                                                                                                                                                                                                                                              | 30559.36           | 47.28                | 30606.65           |
  | 3     | 82       | Compute                  | Layer 41                                                                                                                                                                                                                                                                                              | 30606.65           | 2.75                 | 30609.40           |
  | 3     | 83       | Activation Communication | Layer 41                                                                                                                                                                                                                                                                                              | 30609.40           | 204.88               | 30814.28           |
  | 3     | 84       | Compute                  | Layer 42                                                                                                                                                                                                                                                                                              | 30814.28           | 2.75                 | 30817.04           |
  | 3     | 85       | Activation Communication | Layer 42                                                                                                                                                                                                                                                                                              | 30817.04           | 39.40                | 30856.43           |
  | 3     | 86       | Compute                  | Layer 43                                                                                                                                                                                                                                                                                              | 30856.43           | 4.59                 | 30861.02           |
  | 3     | 87       | Activation Communication | Layer 43                                                                                                                                                                                                                                                                                              | 30861.02           | 0                    | 30861.02           |
  | 3     | 88       | Compute                  | Layer 44                                                                                                                                                                                                                                                                                              | 30861.02           | 0.46                 | 30861.49           |
  | 3     | 89       | Activation Communication | Layer 44                                                                                                                                                                                                                                                                                              | 30861.49           | 0                    | 30861.49           |
  | 3     | 90       | Compute                  | Layer 45                                                                                                                                                                                                                                                                                              | 30861.49           | 0.46                 | 30861.95           |
  | 3     | 91       | Activation Communication | Layer 45                                                                                                                                                                                                                                                                                              | 30861.95           | 47.28                | 30909.23           |
  | 3     | 92       | Compute                  | Layer 46                                                                                                                                                                                                                                                                                              | 30909.23           | 1.84                 | 30911.06           |
  | 3     | 93       | Activation Communication | Layer 46                                                                                                                                                                                                                                                                                              | 30911.06           | 45.96                | 30957.03           |
  | 3     | 94       | Compute                  | Layer 47                                                                                                                                                                                                                                                                                              | 30957.03           | 4.59                 | 30961.62           |
  | 3     | 95       | Activation Communication | Layer 47                                                                                                                                                                                                                                                                                              | 30961.62           | 309.59               | 31271.21           |
  | 3     | 96       | Compute                  | Layer 48                                                                                                                                                                                                                                                                                              | 31271.21           | 5.51                 | 31276.72           |
  | 3     | 97       | Activation Communication | Layer 48                                                                                                                                                                                                                                                                                              | 31276.72           | 44.39                | 31321.11           |
  | 3     | 98       | Compute                  | Layer 49                                                                                                                                                                                                                                                                                              | 31321.11           | 4.59                 | 31325.70           |
  | 3     | 99       | Activation Communication | Layer 49                                                                                                                                                                                                                                                                                              | 31325.70           | 0                    | 31325.70           |
  | 3     | 100      | Compute                  | Layer 50                                                                                                                                                                                                                                                                                              | 31325.70           | 0.46                 | 31326.16           |
  | 3     | 101      | Activation Communication | Layer 50                                                                                                                                                                                                                                                                                              | 31326.16           | 0                    | 31326.16           |
  | 3     | 102      | Compute                  | Layer 51                                                                                                                                                                                                                                                                                              | 31326.16           | 0.46                 | 31326.62           |
  | 3     | 103      | Activation Communication | Layer 51                                                                                                                                                                                                                                                                                              | 31326.62           | 47.28                | 31373.90           |
  | 3     | 104      | Compute                  | Layer 52                                                                                                                                                                                                                                                                                              | 31373.90           | 1.84                 | 31375.74           |
  | 3     | 105      | Activation Communication | Layer 52                                                                                                                                                                                                                                                                                              | 31375.74           | 46.49                | 31422.22           |
  | 3     | 106      | Compute                  | Layer 53                                                                                                                                                                                                                                                                                              | 31422.22           | 4.59                 | 31426.81           |
  | 3     | 107      | Activation Communication | Layer 53                                                                                                                                                                                                                                                                                              | 31426.81           | 312.04               | 31738.86           |
  | 3     | 108      | Compute                  | Layer 54                                                                                                                                                                                                                                                                                              | 31738.86           | 5.51                 | 31744.37           |
  | 3     | 109      | Activation Communication | Layer 54                                                                                                                                                                                                                                                                                              | 31744.37           | 45.17                | 31789.54           |
  | 3     | 110      | Compute                  | Layer 55                                                                                                                                                                                                                                                                                              | 31789.54           | 4.59                 | 31794.13           |
  | 3     | 111      | Activation Communication | Layer 55                                                                                                                                                                                                                                                                                              | 31794.13           | 0                    | 31794.13           |
  | 3     | 112      | Compute                  | Layer 56                                                                                                                                                                                                                                                                                              | 31794.13           | 0.46                 | 31794.59           |
  | 3     | 113      | Activation Communication | Layer 56                                                                                                                                                                                                                                                                                              | 31794.59           | 0                    | 31794.59           |
  | 3     | 114      | Compute                  | Layer 57                                                                                                                                                                                                                                                                                              | 31794.59           | 0.46                 | 31795.05           |
  | 3     | 115      | Activation Communication | Layer 57                                                                                                                                                                                                                                                                                              | 31795.05           | 47.28                | 31842.33           |
  | 3     | 116      | Compute                  | Layer 58                                                                                                                                                                                                                                                                                              | 31842.33           | 1.84                 | 31844.17           |
  | 3     | 117      | Activation Communication | Layer 58                                                                                                                                                                                                                                                                                              | 31844.17           | 46.49                | 31890.66           |
  | 3     | 118      | Compute                  | Layer 59                                                                                                                                                                                                                                                                                              | 31890.66           | 4.59                 | 31895.25           |
  | 3     | 119      | Activation Communication | Layer 59                                                                                                                                                                                                                                                                                              | 31895.25           | 174.41               | 32069.66           |
  | 3     | 120      | Compute                  | Layer 60                                                                                                                                                                                                                                                                                              | 32069.66           | 5.51                 | 32075.17           |
  | 3     | 121      | Activation Communication | Layer 60                                                                                                                                                                                                                                                                                              | 32075.17           | 47.28                | 32122.45           |
  | 3     | 122      | Compute                  | Layer 61                                                                                                                                                                                                                                                                                              | 32122.45           | 4.59                 | 32127.04           |
  | 3     | 123      | Activation Communication | Layer 61                                                                                                                                                                                                                                                                                              | 32127.04           | 15.76                | 32142.80           |
  | 3     | 124      | Compute                  | Layer 62                                                                                                                                                                                                                                                                                              | 32142.80           | 0.46                 | 32143.26           |
  | 3     | 125      | Activation Communication | Layer 62                                                                                                                                                                                                                                                                                              | 32143.26           | 0                    | 32143.26           |
  | 3     | 126      | Compute                  | Layer 63                                                                                                                                                                                                                                                                                              | 32143.26           | 0.46                 | 32143.72           |
  | 3     | 127      | Activation Communication | Layer 63                                                                                                                                                                                                                                                                                              | 32143.72           | 47.28                | 32191.00           |
  | 3     | 128      | Compute                  | Layer 64                                                                                                                                                                                                                                                                                              | 32191.00           | 1.84                 | 32192.84           |
  | 3     | 129      | Activation Communication | Layer 64                                                                                                                                                                                                                                                                                              | 32192.84           | 44.12                | 32236.96           |
  | 3     | 130      | Compute                  | Layer 65                                                                                                                                                                                                                                                                                              | 32236.96           | 5.51                 | 32242.47           |
  | 3     | 131      | Activation Communication | Layer 65                                                                                                                                                                                                                                                                                              | 32242.47           | 177.56               | 32420.03           |
  | 3     | 132      | Compute                  | Layer 66                                                                                                                                                                                                                                                                                              | 32420.03           | 5.51                 | 32425.53           |
  | 3     | 133      | Activation Communication | Layer 66                                                                                                                                                                                                                                                                                              | 32425.53           | 47.28                | 32472.81           |
  | 3     | 134      | Compute                  | Layer 67                                                                                                                                                                                                                                                                                              | 32472.81           | 4.59                 | 32477.41           |
  | 3     | 135      | Activation Communication | Layer 67                                                                                                                                                                                                                                                                                              | 32477.41           | 15.76                | 32493.17           |
  | 3     | 136      | Compute                  | Layer 68                                                                                                                                                                                                                                                                                              | 32493.17           | 0.46                 | 32493.63           |
  | 3     | 137      | Activation Communication | Layer 68                                                                                                                                                                                                                                                                                              | 32493.63           | 0                    | 32493.63           |
  | 3     | 138      | Compute                  | Layer 69                                                                                                                                                                                                                                                                                              | 32493.63           | 0.46                 | 32494.09           |
  | 3     | 139      | Activation Communication | Layer 69                                                                                                                                                                                                                                                                                              | 32494.09           | 47.28                | 32541.37           |
  | 3     | 140      | Compute                  | Layer 70                                                                                                                                                                                                                                                                                              | 32541.37           | 1.84                 | 32543.20           |
  | 3     | 141      | Activation Communication | Layer 70                                                                                                                                                                                                                                                                                              | 32543.20           | 44.12                | 32587.33           |
  | 3     | 142      | Compute                  | Layer 71                                                                                                                                                                                                                                                                                              | 32587.33           | 5.51                 | 32592.84           |
  | 3     | 143      | Activation Communication | Layer 71                                                                                                                                                                                                                                                                                              | 32592.84           | 177.56               | 32770.39           |
  | 3     | 144      | Compute                  | Layer 72                                                                                                                                                                                                                                                                                              | 32770.39           | 5.51                 | 32775.90           |
  | 3     | 145      | Activation Communication | Layer 72                                                                                                                                                                                                                                                                                              | 32775.90           | 47.28                | 32823.18           |
  | 3     | 146      | Compute                  | Layer 73                                                                                                                                                                                                                                                                                              | 32823.18           | 0.01                 | 32823.19           |
  | 4     | 0        | Compute                  | Layer 0                                                                                                                                                                                                                                                                                               | 32823.19           | 1.83                 | 32825.02           |
  | 4     | 1        | Activation Communication | Layer 0                                                                                                                                                                                                                                                                                               | 32825.02           | 0                    | 32825.02           |
  | 4     | 2        | Compute                  | Layer 1                                                                                                                                                                                                                                                                                               | 32825.02           | 4.59                 | 32829.61           |
  | 4     | 3        | Activation Communication | Layer 1                                                                                                                                                                                                                                                                                               | 32829.61           | 141.84               | 32971.45           |
  | 4     | 4        | Compute                  | Layer 2                                                                                                                                                                                                                                                                                               | 32971.45           | 0.46                 | 32971.91           |
  | 4     | 5        | Activation Communication | Layer 2                                                                                                                                                                                                                                                                                               | 32971.91           | 12.12                | 32984.04           |
  | 4     | 6        | Compute                  | Layer 3                                                                                                                                                                                                                                                                                               | 32984.04           | 0.46                 | 32984.50           |
  | 4     | 7        | Activation Communication | Layer 3                                                                                                                                                                                                                                                                                               | 32984.50           | 2.62                 | 32987.12           |
  | 4     | 8        | Compute                  | Layer 4                                                                                                                                                                                                                                                                                               | 32987.12           | 1.84                 | 32988.96           |
  | 4     | 9        | Activation Communication | Layer 4                                                                                                                                                                                                                                                                                               | 32988.96           | 47.28                | 33036.24           |
  | 4     | 10       | Compute                  | Layer 5                                                                                                                                                                                                                                                                                               | 33036.24           | 2.75                 | 33038.99           |
  | 4     | 11       | Activation Communication | Layer 5                                                                                                                                                                                                                                                                                               | 33038.99           | 155.49               | 33194.49           |
  | 4     | 12       | Compute                  | Layer 6                                                                                                                                                                                                                                                                                               | 33194.49           | 5.51                 | 33200.00           |
  | 4     | 13       | Activation Communication | Layer 6                                                                                                                                                                                                                                                                                               | 33200.00           | 47.28                | 33247.28           |
  | 4     | 14       | Compute                  | Layer 7                                                                                                                                                                                                                                                                                               | 33247.28           | 4.59                 | 33251.87           |
  | 4     | 15       | Activation Communication | Layer 7                                                                                                                                                                                                                                                                                               | 33251.87           | 15.76                | 33267.63           |
  | 4     | 16       | Compute                  | Layer 8                                                                                                                                                                                                                                                                                               | 33267.63           | 0.46                 | 33268.09           |
  | 4     | 17       | Activation Communication | Layer 8                                                                                                                                                                                                                                                                                               | 33268.09           | 0                    | 33268.09           |
  | 4     | 18       | Compute                  | Layer 9                                                                                                                                                                                                                                                                                               | 33268.09           | 0.46                 | 33268.55           |
  | 4     | 19       | Activation Communication | Layer 9                                                                                                                                                                                                                                                                                               | 33268.55           | 47.28                | 33315.83           |
  | 4     | 20       | Compute                  | Layer 10                                                                                                                                                                                                                                                                                              | 33315.83           | 1.84                 | 33317.67           |
  | 4     | 21       | Activation Communication | Layer 10                                                                                                                                                                                                                                                                                              | 33317.67           | 44.12                | 33361.79           |
  | 4     | 22       | Compute                  | Layer 11                                                                                                                                                                                                                                                                                              | 33361.79           | 5.51                 | 33367.30           |
  | 4     | 23       | Activation Communication | Layer 11                                                                                                                                                                                                                                                                                              | 33367.30           | 320.45               | 33687.75           |
  | 4     | 24       | Compute                  | Layer 12                                                                                                                                                                                                                                                                                              | 33687.75           | 5.51                 | 33693.26           |
  | 4     | 25       | Activation Communication | Layer 12                                                                                                                                                                                                                                                                                              | 33693.26           | 45.17                | 33738.44           |
  | 4     | 26       | Compute                  | Layer 13                                                                                                                                                                                                                                                                                              | 33738.44           | 4.59                 | 33743.03           |
  | 4     | 27       | Activation Communication | Layer 13                                                                                                                                                                                                                                                                                              | 33743.03           | 0                    | 33743.03           |
  | 4     | 28       | Compute                  | Layer 14                                                                                                                                                                                                                                                                                              | 33743.03           | 0.46                 | 33743.49           |
  | 4     | 29       | Activation Communication | Layer 14                                                                                                                                                                                                                                                                                              | 33743.49           | 0                    | 33743.49           |
  | 4     | 30       | Compute                  | Layer 15                                                                                                                                                                                                                                                                                              | 33743.49           | 0.46                 | 33743.95           |
  | 4     | 31       | Activation Communication | Layer 15                                                                                                                                                                                                                                                                                              | 33743.95           | 47.28                | 33791.23           |
  | 4     | 32       | Compute                  | Layer 16                                                                                                                                                                                                                                                                                              | 33791.23           | 1.84                 | 33793.07           |
  | 4     | 33       | Activation Communication | Layer 16                                                                                                                                                                                                                                                                                              | 33793.07           | 46.49                | 33839.55           |
  | 4     | 34       | Compute                  | Layer 17                                                                                                                                                                                                                                                                                              | 33839.55           | 4.59                 | 33844.14           |
  | 4     | 35       | Activation Communication | Layer 17                                                                                                                                                                                                                                                                                              | 33844.14           | 174.41               | 34018.55           |
  | 4     | 36       | Compute                  | Layer 18                                                                                                                                                                                                                                                                                              | 34018.55           | 5.51                 | 34024.06           |
  | 4     | 37       | Activation Communication | Layer 18                                                                                                                                                                                                                                                                                              | 34024.06           | 47.28                | 34071.34           |
  | 4     | 38       | Compute                  | Layer 19                                                                                                                                                                                                                                                                                              | 34071.34           | 4.59                 | 34075.93           |
  | 4     | 39       | Activation Communication | Layer 19                                                                                                                                                                                                                                                                                              | 34075.93           | 15.76                | 34091.69           |
  | 4     | 40       | Compute                  | Layer 20                                                                                                                                                                                                                                                                                              | 34091.69           | 0.46                 | 34092.15           |
  | 4     | 41       | Activation Communication | Layer 20                                                                                                                                                                                                                                                                                              | 34092.15           | 0                    | 34092.15           |
  | 4     | 42       | Compute                  | Layer 21                                                                                                                                                                                                                                                                                              | 34092.15           | 0.46                 | 34092.61           |
  | 4     | 43       | Activation Communication | Layer 21                                                                                                                                                                                                                                                                                              | 34092.61           | 47.28                | 34139.89           |
  | 4     | 44       | Compute                  | Layer 22                                                                                                                                                                                                                                                                                              | 34139.89           | 1.84                 | 34141.73           |
  | 4     | 45       | Activation Communication | Layer 22                                                                                                                                                                                                                                                                                              | 34141.73           | 42.02                | 34183.75           |
  | 4     | 46       | Compute                  | Layer 23                                                                                                                                                                                                                                                                                              | 34183.75           | 5.51                 | 34189.26           |
  | 4     | 47       | Activation Communication | Layer 23                                                                                                                                                                                                                                                                                              | 34189.26           | 177.56               | 34366.82           |
  | 4     | 48       | Compute                  | Layer 24                                                                                                                                                                                                                                                                                              | 34366.82           | 5.51                 | 34372.33           |
  | 4     | 49       | Activation Communication | Layer 24                                                                                                                                                                                                                                                                                              | 34372.33           | 47.28                | 34419.61           |
  | 4     | 50       | Compute                  | Layer 25                                                                                                                                                                                                                                                                                              | 34419.61           | 4.59                 | 34424.20           |
  | 4     | 51       | Activation Communication | Layer 25                                                                                                                                                                                                                                                                                              | 34424.20           | 15.76                | 34439.96           |
  | 4     | 52       | Compute                  | Layer 26                                                                                                                                                                                                                                                                                              | 34439.96           | 0.46                 | 34440.42           |
  | 4     | 53       | Activation Communication | Layer 26                                                                                                                                                                                                                                                                                              | 34440.42           | 0                    | 34440.42           |
  | 4     | 54       | Compute                  | Layer 27                                                                                                                                                                                                                                                                                              | 34440.42           | 0.46                 | 34440.88           |
  | 4     | 55       | Activation Communication | Layer 27                                                                                                                                                                                                                                                                                              | 34440.88           | 47.28                | 34488.16           |
  | 4     | 56       | Compute                  | Layer 28                                                                                                                                                                                                                                                                                              | 34488.16           | 1.84                 | 34490.00           |
  | 4     | 57       | Activation Communication | Layer 28                                                                                                                                                                                                                                                                                              | 34490.00           | 44.12                | 34534.12           |
  | 4     | 58       | Compute                  | Layer 29                                                                                                                                                                                                                                                                                              | 34534.12           | 5.51                 | 34539.63           |
  | 4     | 59       | Activation Communication | Layer 29                                                                                                                                                                                                                                                                                              | 34539.63           | 177.56               | 34717.19           |
  | 4     | 60       | Compute                  | Layer 30                                                                                                                                                                                                                                                                                              | 34717.19           | 5.51                 | 34722.70           |
  | 4     | 61       | Activation Communication | Layer 30                                                                                                                                                                                                                                                                                              | 34722.70           | 47.28                | 34769.98           |
  | 4     | 62       | Compute                  | Layer 31                                                                                                                                                                                                                                                                                              | 34769.98           | 4.59                 | 34774.57           |
  | 4     | 63       | Activation Communication | Layer 31                                                                                                                                                                                                                                                                                              | 34774.57           | 15.76                | 34790.33           |
  | 4     | 64       | Compute                  | Layer 32                                                                                                                                                                                                                                                                                              | 34790.33           | 0.46                 | 34790.79           |
  | 4     | 65       | Activation Communication | Layer 32                                                                                                                                                                                                                                                                                              | 34790.79           | 0                    | 34790.79           |
  | 4     | 66       | Compute                  | Layer 33                                                                                                                                                                                                                                                                                              | 34790.79           | 0.46                 | 34791.25           |
  | 4     | 67       | Activation Communication | Layer 33                                                                                                                                                                                                                                                                                              | 34791.25           | 47.28                | 34838.53           |
  | 4     | 68       | Compute                  | Layer 34                                                                                                                                                                                                                                                                                              | 34838.53           | 1.84                 | 34840.37           |
  | 4     | 69       | Activation Communication | Layer 34                                                                                                                                                                                                                                                                                              | 34840.37           | 44.12                | 34884.49           |
  | 4     | 70       | Compute                  | Layer 35                                                                                                                                                                                                                                                                                              | 34884.49           | 5.51                 | 34890.00           |
  | 4     | 71       | Activation Communication | Layer 35                                                                                                                                                                                                                                                                                              | 34890.00           | 177.56               | 35067.56           |
  | 4     | 72       | Compute                  | Layer 36                                                                                                                                                                                                                                                                                              | 35067.56           | 5.51                 | 35073.07           |
  | 4     | 73       | Activation Communication | Layer 36                                                                                                                                                                                                                                                                                              | 35073.07           | 47.28                | 35120.35           |
  | 4     | 74       | Compute                  | Layer 37                                                                                                                                                                                                                                                                                              | 35120.35           | 4.59                 | 35124.94           |
  | 4     | 75       | Activation Communication | Layer 37                                                                                                                                                                                                                                                                                              | 35124.94           | 137.90               | 35262.84           |
  | 4     | 76       | Compute                  | Layer 38                                                                                                                                                                                                                                                                                              | 35262.84           | 0.46                 | 35263.30           |
  | 4     | 77       | Activation Communication | Layer 38                                                                                                                                                                                                                                                                                              | 35263.30           | 12.12                | 35275.42           |
  | 4     | 78       | Compute                  | Layer 39                                                                                                                                                                                                                                                                                              | 35275.42           | 0.46                 | 35275.89           |
  | 4     | 79       | Activation Communication | Layer 39                                                                                                                                                                                                                                                                                              | 35275.89           | 28.89                | 35304.78           |
  | 4     | 80       | Compute                  | Layer 40                                                                                                                                                                                                                                                                                              | 35304.78           | 1.84                 | 35306.61           |
  | 4     | 81       | Activation Communication | Layer 40                                                                                                                                                                                                                                                                                              | 35306.61           | 47.28                | 35353.89           |
  | 4     | 82       | Compute                  | Layer 41                                                                                                                                                                                                                                                                                              | 35353.89           | 2.75                 | 35356.65           |
  | 4     | 83       | Activation Communication | Layer 41                                                                                                                                                                                                                                                                                              | 35356.65           | 204.88               | 35561.53           |
  | 4     | 84       | Compute                  | Layer 42                                                                                                                                                                                                                                                                                              | 35561.53           | 2.75                 | 35564.29           |
  | 4     | 85       | Activation Communication | Layer 42                                                                                                                                                                                                                                                                                              | 35564.29           | 39.40                | 35603.68           |
  | 4     | 86       | Compute                  | Layer 43                                                                                                                                                                                                                                                                                              | 35603.68           | 4.59                 | 35608.27           |
  | 4     | 87       | Activation Communication | Layer 43                                                                                                                                                                                                                                                                                              | 35608.27           | 0                    | 35608.27           |
  | 4     | 88       | Compute                  | Layer 44                                                                                                                                                                                                                                                                                              | 35608.27           | 0.46                 | 35608.73           |
  | 4     | 89       | Activation Communication | Layer 44                                                                                                                                                                                                                                                                                              | 35608.73           | 0                    | 35608.73           |
  | 4     | 90       | Compute                  | Layer 45                                                                                                                                                                                                                                                                                              | 35608.73           | 0.46                 | 35609.20           |
  | 4     | 91       | Activation Communication | Layer 45                                                                                                                                                                                                                                                                                              | 35609.20           | 47.28                | 35656.48           |
  | 4     | 92       | Compute                  | Layer 46                                                                                                                                                                                                                                                                                              | 35656.48           | 1.84                 | 35658.31           |
  | 4     | 93       | Activation Communication | Layer 46                                                                                                                                                                                                                                                                                              | 35658.31           | 45.96                | 35704.27           |
  | 4     | 94       | Compute                  | Layer 47                                                                                                                                                                                                                                                                                              | 35704.27           | 4.59                 | 35708.87           |
  | 4     | 95       | Activation Communication | Layer 47                                                                                                                                                                                                                                                                                              | 35708.87           | 309.59               | 36018.46           |
  | 4     | 96       | Compute                  | Layer 48                                                                                                                                                                                                                                                                                              | 36018.46           | 5.51                 | 36023.97           |
  | 4     | 97       | Activation Communication | Layer 48                                                                                                                                                                                                                                                                                              | 36023.97           | 44.39                | 36068.35           |
  | 4     | 98       | Compute                  | Layer 49                                                                                                                                                                                                                                                                                              | 36068.35           | 4.59                 | 36072.95           |
  | 4     | 99       | Activation Communication | Layer 49                                                                                                                                                                                                                                                                                              | 36072.95           | 0                    | 36072.95           |
  | 4     | 100      | Compute                  | Layer 50                                                                                                                                                                                                                                                                                              | 36072.95           | 0.46                 | 36073.41           |
  | 4     | 101      | Activation Communication | Layer 50                                                                                                                                                                                                                                                                                              | 36073.41           | 0                    | 36073.41           |
  | 4     | 102      | Compute                  | Layer 51                                                                                                                                                                                                                                                                                              | 36073.41           | 0.46                 | 36073.87           |
  | 4     | 103      | Activation Communication | Layer 51                                                                                                                                                                                                                                                                                              | 36073.87           | 47.28                | 36121.15           |
  | 4     | 104      | Compute                  | Layer 52                                                                                                                                                                                                                                                                                              | 36121.15           | 1.84                 | 36122.98           |
  | 4     | 105      | Activation Communication | Layer 52                                                                                                                                                                                                                                                                                              | 36122.98           | 46.49                | 36169.47           |
  | 4     | 106      | Compute                  | Layer 53                                                                                                                                                                                                                                                                                              | 36169.47           | 4.59                 | 36174.06           |
  | 4     | 107      | Activation Communication | Layer 53                                                                                                                                                                                                                                                                                              | 36174.06           | 312.04               | 36486.11           |
  | 4     | 108      | Compute                  | Layer 54                                                                                                                                                                                                                                                                                              | 36486.11           | 5.51                 | 36491.62           |
  | 4     | 109      | Activation Communication | Layer 54                                                                                                                                                                                                                                                                                              | 36491.62           | 45.17                | 36536.79           |
  | 4     | 110      | Compute                  | Layer 55                                                                                                                                                                                                                                                                                              | 36536.79           | 4.59                 | 36541.38           |
  | 4     | 111      | Activation Communication | Layer 55                                                                                                                                                                                                                                                                                              | 36541.38           | 0                    | 36541.38           |
  | 4     | 112      | Compute                  | Layer 56                                                                                                                                                                                                                                                                                              | 36541.38           | 0.46                 | 36541.84           |
  | 4     | 113      | Activation Communication | Layer 56                                                                                                                                                                                                                                                                                              | 36541.84           | 0                    | 36541.84           |
  | 4     | 114      | Compute                  | Layer 57                                                                                                                                                                                                                                                                                              | 36541.84           | 0.46                 | 36542.30           |
  | 4     | 115      | Activation Communication | Layer 57                                                                                                                                                                                                                                                                                              | 36542.30           | 47.28                | 36589.58           |
  | 4     | 116      | Compute                  | Layer 58                                                                                                                                                                                                                                                                                              | 36589.58           | 1.84                 | 36591.42           |
  | 4     | 117      | Activation Communication | Layer 58                                                                                                                                                                                                                                                                                              | 36591.42           | 46.49                | 36637.91           |
  | 4     | 118      | Compute                  | Layer 59                                                                                                                                                                                                                                                                                              | 36637.91           | 4.59                 | 36642.50           |
  | 4     | 119      | Activation Communication | Layer 59                                                                                                                                                                                                                                                                                              | 36642.50           | 174.41               | 36816.90           |
  | 4     | 120      | Compute                  | Layer 60                                                                                                                                                                                                                                                                                              | 36816.90           | 5.51                 | 36822.41           |
  | 4     | 121      | Activation Communication | Layer 60                                                                                                                                                                                                                                                                                              | 36822.41           | 47.28                | 36869.69           |
  | 4     | 122      | Compute                  | Layer 61                                                                                                                                                                                                                                                                                              | 36869.69           | 4.59                 | 36874.28           |
  | 4     | 123      | Activation Communication | Layer 61                                                                                                                                                                                                                                                                                              | 36874.28           | 15.76                | 36890.04           |
  | 4     | 124      | Compute                  | Layer 62                                                                                                                                                                                                                                                                                              | 36890.04           | 0.46                 | 36890.51           |
  | 4     | 125      | Activation Communication | Layer 62                                                                                                                                                                                                                                                                                              | 36890.51           | 0                    | 36890.51           |
  | 4     | 126      | Compute                  | Layer 63                                                                                                                                                                                                                                                                                              | 36890.51           | 0.46                 | 36890.97           |
  | 4     | 127      | Activation Communication | Layer 63                                                                                                                                                                                                                                                                                              | 36890.97           | 47.28                | 36938.25           |
  | 4     | 128      | Compute                  | Layer 64                                                                                                                                                                                                                                                                                              | 36938.25           | 1.84                 | 36940.08           |
  | 4     | 129      | Activation Communication | Layer 64                                                                                                                                                                                                                                                                                              | 36940.08           | 44.12                | 36984.21           |
  | 4     | 130      | Compute                  | Layer 65                                                                                                                                                                                                                                                                                              | 36984.21           | 5.51                 | 36989.72           |
  | 4     | 131      | Activation Communication | Layer 65                                                                                                                                                                                                                                                                                              | 36989.72           | 177.56               | 37167.27           |
  | 4     | 132      | Compute                  | Layer 66                                                                                                                                                                                                                                                                                              | 37167.27           | 5.51                 | 37172.78           |
  | 4     | 133      | Activation Communication | Layer 66                                                                                                                                                                                                                                                                                              | 37172.78           | 47.28                | 37220.06           |
  | 4     | 134      | Compute                  | Layer 67                                                                                                                                                                                                                                                                                              | 37220.06           | 4.59                 | 37224.65           |
  | 4     | 135      | Activation Communication | Layer 67                                                                                                                                                                                                                                                                                              | 37224.65           | 15.76                | 37240.41           |
  | 4     | 136      | Compute                  | Layer 68                                                                                                                                                                                                                                                                                              | 37240.41           | 0.46                 | 37240.88           |
  | 4     | 137      | Activation Communication | Layer 68                                                                                                                                                                                                                                                                                              | 37240.88           | 0                    | 37240.88           |
  | 4     | 138      | Compute                  | Layer 69                                                                                                                                                                                                                                                                                              | 37240.88           | 0.46                 | 37241.34           |
  | 4     | 139      | Activation Communication | Layer 69                                                                                                                                                                                                                                                                                              | 37241.34           | 47.28                | 37288.62           |
  | 4     | 140      | Compute                  | Layer 70                                                                                                                                                                                                                                                                                              | 37288.62           | 1.84                 | 37290.45           |
  | 4     | 141      | Activation Communication | Layer 70                                                                                                                                                                                                                                                                                              | 37290.45           | 44.12                | 37334.58           |
  | 4     | 142      | Compute                  | Layer 71                                                                                                                                                                                                                                                                                              | 37334.58           | 5.51                 | 37340.09           |
  | 4     | 143      | Activation Communication | Layer 71                                                                                                                                                                                                                                                                                              | 37340.09           | 177.56               | 37517.64           |
  | 4     | 144      | Compute                  | Layer 72                                                                                                                                                                                                                                                                                              | 37517.64           | 5.51                 | 37523.15           |
  | 4     | 145      | Activation Communication | Layer 72                                                                                                                                                                                                                                                                                              | 37523.15           | 47.28                | 37570.43           |
  | 4     | 146      | Compute                  | Layer 73                                                                                                                                                                                                                                                                                              | 37570.43           | 0.01                 | 37570.44           |
  | 5     | 0        | Compute                  | Layer 0                                                                                                                                                                                                                                                                                               | 37570.44           | 1.83                 | 37572.27           |
  | 5     | 1        | Activation Communication | Layer 0                                                                                                                                                                                                                                                                                               | 37572.27           | 0                    | 37572.27           |
  | 5     | 2        | Compute                  | Layer 1                                                                                                                                                                                                                                                                                               | 37572.27           | 4.59                 | 37576.86           |
  | 5     | 3        | Activation Communication | Layer 1                                                                                                                                                                                                                                                                                               | 37576.86           | 141.84               | 37718.70           |
  | 5     | 4        | Compute                  | Layer 2                                                                                                                                                                                                                                                                                               | 37718.70           | 0.46                 | 37719.16           |
  | 5     | 5        | Activation Communication | Layer 2                                                                                                                                                                                                                                                                                               | 37719.16           | 12.12                | 37731.29           |
  | 5     | 6        | Compute                  | Layer 3                                                                                                                                                                                                                                                                                               | 37731.29           | 0.46                 | 37731.75           |
  | 5     | 7        | Activation Communication | Layer 3                                                                                                                                                                                                                                                                                               | 37731.75           | 2.62                 | 37734.37           |
  | 5     | 8        | Compute                  | Layer 4                                                                                                                                                                                                                                                                                               | 37734.37           | 1.84                 | 37736.21           |
  | 5     | 9        | Activation Communication | Layer 4                                                                                                                                                                                                                                                                                               | 37736.21           | 47.28                | 37783.49           |
  | 5     | 10       | Compute                  | Layer 5                                                                                                                                                                                                                                                                                               | 37783.49           | 2.75                 | 37786.24           |
  | 5     | 11       | Activation Communication | Layer 5                                                                                                                                                                                                                                                                                               | 37786.24           | 155.49               | 37941.74           |
  | 5     | 12       | Compute                  | Layer 6                                                                                                                                                                                                                                                                                               | 37941.74           | 5.51                 | 37947.25           |
  | 5     | 13       | Activation Communication | Layer 6                                                                                                                                                                                                                                                                                               | 37947.25           | 47.28                | 37994.53           |
  | 5     | 14       | Compute                  | Layer 7                                                                                                                                                                                                                                                                                               | 37994.53           | 4.59                 | 37999.12           |
  | 5     | 15       | Activation Communication | Layer 7                                                                                                                                                                                                                                                                                               | 37999.12           | 15.76                | 38014.88           |
  | 5     | 16       | Compute                  | Layer 8                                                                                                                                                                                                                                                                                               | 38014.88           | 0.46                 | 38015.34           |
  | 5     | 17       | Activation Communication | Layer 8                                                                                                                                                                                                                                                                                               | 38015.34           | 0                    | 38015.34           |
  | 5     | 18       | Compute                  | Layer 9                                                                                                                                                                                                                                                                                               | 38015.34           | 0.46                 | 38015.80           |
  | 5     | 19       | Activation Communication | Layer 9                                                                                                                                                                                                                                                                                               | 38015.80           | 47.28                | 38063.08           |
  | 5     | 20       | Compute                  | Layer 10                                                                                                                                                                                                                                                                                              | 38063.08           | 1.84                 | 38064.92           |
  | 5     | 21       | Activation Communication | Layer 10                                                                                                                                                                                                                                                                                              | 38064.92           | 44.12                | 38109.04           |
  | 5     | 22       | Compute                  | Layer 11                                                                                                                                                                                                                                                                                              | 38109.04           | 5.51                 | 38114.55           |
  | 5     | 23       | Activation Communication | Layer 11                                                                                                                                                                                                                                                                                              | 38114.55           | 320.45               | 38435.00           |
  | 5     | 24       | Compute                  | Layer 12                                                                                                                                                                                                                                                                                              | 38435.00           | 5.51                 | 38440.51           |
  | 5     | 25       | Activation Communication | Layer 12                                                                                                                                                                                                                                                                                              | 38440.51           | 45.17                | 38485.69           |
  | 5     | 26       | Compute                  | Layer 13                                                                                                                                                                                                                                                                                              | 38485.69           | 4.59                 | 38490.28           |
  | 5     | 27       | Activation Communication | Layer 13                                                                                                                                                                                                                                                                                              | 38490.28           | 0                    | 38490.28           |
  | 5     | 28       | Compute                  | Layer 14                                                                                                                                                                                                                                                                                              | 38490.28           | 0.46                 | 38490.74           |
  | 5     | 29       | Activation Communication | Layer 14                                                                                                                                                                                                                                                                                              | 38490.74           | 0                    | 38490.74           |
  | 5     | 30       | Compute                  | Layer 15                                                                                                                                                                                                                                                                                              | 38490.74           | 0.46                 | 38491.20           |
  | 5     | 31       | Activation Communication | Layer 15                                                                                                                                                                                                                                                                                              | 38491.20           | 47.28                | 38538.48           |
  | 5     | 32       | Compute                  | Layer 16                                                                                                                                                                                                                                                                                              | 38538.48           | 1.84                 | 38540.32           |
  | 5     | 33       | Activation Communication | Layer 16                                                                                                                                                                                                                                                                                              | 38540.32           | 46.49                | 38586.80           |
  | 5     | 34       | Compute                  | Layer 17                                                                                                                                                                                                                                                                                              | 38586.80           | 4.59                 | 38591.39           |
  | 5     | 35       | Activation Communication | Layer 17                                                                                                                                                                                                                                                                                              | 38591.39           | 174.41               | 38765.80           |
  | 5     | 36       | Compute                  | Layer 18                                                                                                                                                                                                                                                                                              | 38765.80           | 5.51                 | 38771.31           |
  | 5     | 37       | Activation Communication | Layer 18                                                                                                                                                                                                                                                                                              | 38771.31           | 47.28                | 38818.59           |
  | 5     | 38       | Compute                  | Layer 19                                                                                                                                                                                                                                                                                              | 38818.59           | 4.59                 | 38823.18           |
  | 5     | 39       | Activation Communication | Layer 19                                                                                                                                                                                                                                                                                              | 38823.18           | 15.76                | 38838.94           |
  | 5     | 40       | Compute                  | Layer 20                                                                                                                                                                                                                                                                                              | 38838.94           | 0.46                 | 38839.40           |
  | 5     | 41       | Activation Communication | Layer 20                                                                                                                                                                                                                                                                                              | 38839.40           | 0                    | 38839.40           |
  | 5     | 42       | Compute                  | Layer 21                                                                                                                                                                                                                                                                                              | 38839.40           | 0.46                 | 38839.86           |
  | 5     | 43       | Activation Communication | Layer 21                                                                                                                                                                                                                                                                                              | 38839.86           | 47.28                | 38887.14           |
  | 5     | 44       | Compute                  | Layer 22                                                                                                                                                                                                                                                                                              | 38887.14           | 1.84                 | 38888.98           |
  | 5     | 45       | Activation Communication | Layer 22                                                                                                                                                                                                                                                                                              | 38888.98           | 42.02                | 38931.00           |
  | 5     | 46       | Compute                  | Layer 23                                                                                                                                                                                                                                                                                              | 38931.00           | 5.51                 | 38936.51           |
  | 5     | 47       | Activation Communication | Layer 23                                                                                                                                                                                                                                                                                              | 38936.51           | 177.56               | 39114.07           |
  | 5     | 48       | Compute                  | Layer 24                                                                                                                                                                                                                                                                                              | 39114.07           | 5.51                 | 39119.58           |
  | 5     | 49       | Activation Communication | Layer 24                                                                                                                                                                                                                                                                                              | 39119.58           | 47.28                | 39166.86           |
  | 5     | 50       | Compute                  | Layer 25                                                                                                                                                                                                                                                                                              | 39166.86           | 4.59                 | 39171.45           |
  | 5     | 51       | Activation Communication | Layer 25                                                                                                                                                                                                                                                                                              | 39171.45           | 15.76                | 39187.21           |
  | 5     | 52       | Compute                  | Layer 26                                                                                                                                                                                                                                                                                              | 39187.21           | 0.46                 | 39187.67           |
  | 5     | 53       | Activation Communication | Layer 26                                                                                                                                                                                                                                                                                              | 39187.67           | 0                    | 39187.67           |
  | 5     | 54       | Compute                  | Layer 27                                                                                                                                                                                                                                                                                              | 39187.67           | 0.46                 | 39188.13           |
  | 5     | 55       | Activation Communication | Layer 27                                                                                                                                                                                                                                                                                              | 39188.13           | 47.28                | 39235.41           |
  | 5     | 56       | Compute                  | Layer 28                                                                                                                                                                                                                                                                                              | 39235.41           | 1.84                 | 39237.25           |
  | 5     | 57       | Activation Communication | Layer 28                                                                                                                                                                                                                                                                                              | 39237.25           | 44.12                | 39281.37           |
  | 5     | 58       | Compute                  | Layer 29                                                                                                                                                                                                                                                                                              | 39281.37           | 5.51                 | 39286.88           |
  | 5     | 59       | Activation Communication | Layer 29                                                                                                                                                                                                                                                                                              | 39286.88           | 177.56               | 39464.44           |
  | 5     | 60       | Compute                  | Layer 30                                                                                                                                                                                                                                                                                              | 39464.44           | 5.51                 | 39469.95           |
  | 5     | 61       | Activation Communication | Layer 30                                                                                                                                                                                                                                                                                              | 39469.95           | 47.28                | 39517.23           |
  | 5     | 62       | Compute                  | Layer 31                                                                                                                                                                                                                                                                                              | 39517.23           | 4.59                 | 39521.82           |
  | 5     | 63       | Activation Communication | Layer 31                                                                                                                                                                                                                                                                                              | 39521.82           | 15.76                | 39537.58           |
  | 5     | 64       | Compute                  | Layer 32                                                                                                                                                                                                                                                                                              | 39537.58           | 0.46                 | 39538.04           |
  | 5     | 65       | Activation Communication | Layer 32                                                                                                                                                                                                                                                                                              | 39538.04           | 0                    | 39538.04           |
  | 5     | 66       | Compute                  | Layer 33                                                                                                                                                                                                                                                                                              | 39538.04           | 0.46                 | 39538.50           |
  | 5     | 67       | Activation Communication | Layer 33                                                                                                                                                                                                                                                                                              | 39538.50           | 47.28                | 39585.78           |
  | 5     | 68       | Compute                  | Layer 34                                                                                                                                                                                                                                                                                              | 39585.78           | 1.84                 | 39587.62           |
  | 5     | 69       | Activation Communication | Layer 34                                                                                                                                                                                                                                                                                              | 39587.62           | 44.12                | 39631.74           |
  | 5     | 70       | Compute                  | Layer 35                                                                                                                                                                                                                                                                                              | 39631.74           | 5.51                 | 39637.25           |
  | 5     | 71       | Activation Communication | Layer 35                                                                                                                                                                                                                                                                                              | 39637.25           | 177.56               | 39814.81           |
  | 5     | 72       | Compute                  | Layer 36                                                                                                                                                                                                                                                                                              | 39814.81           | 5.51                 | 39820.32           |
  | 5     | 73       | Activation Communication | Layer 36                                                                                                                                                                                                                                                                                              | 39820.32           | 47.28                | 39867.60           |
  | 5     | 74       | Compute                  | Layer 37                                                                                                                                                                                                                                                                                              | 39867.60           | 4.59                 | 39872.19           |
  | 5     | 75       | Activation Communication | Layer 37                                                                                                                                                                                                                                                                                              | 39872.19           | 137.90               | 40010.09           |
  | 5     | 76       | Compute                  | Layer 38                                                                                                                                                                                                                                                                                              | 40010.09           | 0.46                 | 40010.55           |
  | 5     | 77       | Activation Communication | Layer 38                                                                                                                                                                                                                                                                                              | 40010.55           | 12.12                | 40022.67           |
  | 5     | 78       | Compute                  | Layer 39                                                                                                                                                                                                                                                                                              | 40022.67           | 0.46                 | 40023.13           |
  | 5     | 79       | Activation Communication | Layer 39                                                                                                                                                                                                                                                                                              | 40023.13           | 28.89                | 40052.02           |
  | 5     | 80       | Compute                  | Layer 40                                                                                                                                                                                                                                                                                              | 40052.02           | 1.84                 | 40053.86           |
  | 5     | 81       | Activation Communication | Layer 40                                                                                                                                                                                                                                                                                              | 40053.86           | 47.28                | 40101.14           |
  | 5     | 82       | Compute                  | Layer 41                                                                                                                                                                                                                                                                                              | 40101.14           | 2.75                 | 40103.90           |
  | 5     | 83       | Activation Communication | Layer 41                                                                                                                                                                                                                                                                                              | 40103.90           | 204.88               | 40308.78           |
  | 5     | 84       | Compute                  | Layer 42                                                                                                                                                                                                                                                                                              | 40308.78           | 2.75                 | 40311.53           |
  | 5     | 85       | Activation Communication | Layer 42                                                                                                                                                                                                                                                                                              | 40311.53           | 39.40                | 40350.93           |
  | 5     | 86       | Compute                  | Layer 43                                                                                                                                                                                                                                                                                              | 40350.93           | 4.59                 | 40355.52           |
  | 5     | 87       | Activation Communication | Layer 43                                                                                                                                                                                                                                                                                              | 40355.52           | 0                    | 40355.52           |
  | 5     | 88       | Compute                  | Layer 44                                                                                                                                                                                                                                                                                              | 40355.52           | 0.46                 | 40355.98           |
  | 5     | 89       | Activation Communication | Layer 44                                                                                                                                                                                                                                                                                              | 40355.98           | 0                    | 40355.98           |
  | 5     | 90       | Compute                  | Layer 45                                                                                                                                                                                                                                                                                              | 40355.98           | 0.46                 | 40356.44           |
  | 5     | 91       | Activation Communication | Layer 45                                                                                                                                                                                                                                                                                              | 40356.44           | 47.28                | 40403.72           |
  | 5     | 92       | Compute                  | Layer 46                                                                                                                                                                                                                                                                                              | 40403.72           | 1.84                 | 40405.56           |
  | 5     | 93       | Activation Communication | Layer 46                                                                                                                                                                                                                                                                                              | 40405.56           | 45.96                | 40451.52           |
  | 5     | 94       | Compute                  | Layer 47                                                                                                                                                                                                                                                                                              | 40451.52           | 4.59                 | 40456.11           |
  | 5     | 95       | Activation Communication | Layer 47                                                                                                                                                                                                                                                                                              | 40456.11           | 309.59               | 40765.71           |
  | 5     | 96       | Compute                  | Layer 48                                                                                                                                                                                                                                                                                              | 40765.71           | 5.51                 | 40771.22           |
  | 5     | 97       | Activation Communication | Layer 48                                                                                                                                                                                                                                                                                              | 40771.22           | 44.39                | 40815.60           |
  | 5     | 98       | Compute                  | Layer 49                                                                                                                                                                                                                                                                                              | 40815.60           | 4.59                 | 40820.19           |
  | 5     | 99       | Activation Communication | Layer 49                                                                                                                                                                                                                                                                                              | 40820.19           | 0                    | 40820.19           |
  | 5     | 100      | Compute                  | Layer 50                                                                                                                                                                                                                                                                                              | 40820.19           | 0.46                 | 40820.66           |
  | 5     | 101      | Activation Communication | Layer 50                                                                                                                                                                                                                                                                                              | 40820.66           | 0                    | 40820.66           |
  | 5     | 102      | Compute                  | Layer 51                                                                                                                                                                                                                                                                                              | 40820.66           | 0.46                 | 40821.12           |
  | 5     | 103      | Activation Communication | Layer 51                                                                                                                                                                                                                                                                                              | 40821.12           | 47.28                | 40868.40           |
  | 5     | 104      | Compute                  | Layer 52                                                                                                                                                                                                                                                                                              | 40868.40           | 1.84                 | 40870.23           |
  | 5     | 105      | Activation Communication | Layer 52                                                                                                                                                                                                                                                                                              | 40870.23           | 46.49                | 40916.72           |
  | 5     | 106      | Compute                  | Layer 53                                                                                                                                                                                                                                                                                              | 40916.72           | 4.59                 | 40921.31           |
  | 5     | 107      | Activation Communication | Layer 53                                                                                                                                                                                                                                                                                              | 40921.31           | 312.04               | 41233.35           |
  | 5     | 108      | Compute                  | Layer 54                                                                                                                                                                                                                                                                                              | 41233.35           | 5.51                 | 41238.86           |
  | 5     | 109      | Activation Communication | Layer 54                                                                                                                                                                                                                                                                                              | 41238.86           | 45.17                | 41284.04           |
  | 5     | 110      | Compute                  | Layer 55                                                                                                                                                                                                                                                                                              | 41284.04           | 4.59                 | 41288.63           |
  | 5     | 111      | Activation Communication | Layer 55                                                                                                                                                                                                                                                                                              | 41288.63           | 0                    | 41288.63           |
  | 5     | 112      | Compute                  | Layer 56                                                                                                                                                                                                                                                                                              | 41288.63           | 0.46                 | 41289.09           |
  | 5     | 113      | Activation Communication | Layer 56                                                                                                                                                                                                                                                                                              | 41289.09           | 0                    | 41289.09           |
  | 5     | 114      | Compute                  | Layer 57                                                                                                                                                                                                                                                                                              | 41289.09           | 0.46                 | 41289.55           |
  | 5     | 115      | Activation Communication | Layer 57                                                                                                                                                                                                                                                                                              | 41289.55           | 47.28                | 41336.83           |
  | 5     | 116      | Compute                  | Layer 58                                                                                                                                                                                                                                                                                              | 41336.83           | 1.84                 | 41338.67           |
  | 5     | 117      | Activation Communication | Layer 58                                                                                                                                                                                                                                                                                              | 41338.67           | 46.49                | 41385.16           |
  | 5     | 118      | Compute                  | Layer 59                                                                                                                                                                                                                                                                                              | 41385.16           | 4.59                 | 41389.75           |
  | 5     | 119      | Activation Communication | Layer 59                                                                                                                                                                                                                                                                                              | 41389.75           | 174.41               | 41564.15           |
  | 5     | 120      | Compute                  | Layer 60                                                                                                                                                                                                                                                                                              | 41564.15           | 5.51                 | 41569.66           |
  | 5     | 121      | Activation Communication | Layer 60                                                                                                                                                                                                                                                                                              | 41569.66           | 47.28                | 41616.94           |
  | 5     | 122      | Compute                  | Layer 61                                                                                                                                                                                                                                                                                              | 41616.94           | 4.59                 | 41621.53           |
  | 5     | 123      | Activation Communication | Layer 61                                                                                                                                                                                                                                                                                              | 41621.53           | 15.76                | 41637.29           |
  | 5     | 124      | Compute                  | Layer 62                                                                                                                                                                                                                                                                                              | 41637.29           | 0.46                 | 41637.76           |
  | 5     | 125      | Activation Communication | Layer 62                                                                                                                                                                                                                                                                                              | 41637.76           | 0                    | 41637.76           |
  | 5     | 126      | Compute                  | Layer 63                                                                                                                                                                                                                                                                                              | 41637.76           | 0.46                 | 41638.22           |
  | 5     | 127      | Activation Communication | Layer 63                                                                                                                                                                                                                                                                                              | 41638.22           | 47.28                | 41685.50           |
  | 5     | 128      | Compute                  | Layer 64                                                                                                                                                                                                                                                                                              | 41685.50           | 1.84                 | 41687.33           |
  | 5     | 129      | Activation Communication | Layer 64                                                                                                                                                                                                                                                                                              | 41687.33           | 44.12                | 41731.46           |
  | 5     | 130      | Compute                  | Layer 65                                                                                                                                                                                                                                                                                              | 41731.46           | 5.51                 | 41736.96           |
  | 5     | 131      | Activation Communication | Layer 65                                                                                                                                                                                                                                                                                              | 41736.96           | 177.56               | 41914.52           |
  | 5     | 132      | Compute                  | Layer 66                                                                                                                                                                                                                                                                                              | 41914.52           | 5.51                 | 41920.03           |
  | 5     | 133      | Activation Communication | Layer 66                                                                                                                                                                                                                                                                                              | 41920.03           | 47.28                | 41967.31           |
  | 5     | 134      | Compute                  | Layer 67                                                                                                                                                                                                                                                                                              | 41967.31           | 4.59                 | 41971.90           |
  | 5     | 135      | Activation Communication | Layer 67                                                                                                                                                                                                                                                                                              | 41971.90           | 15.76                | 41987.66           |
  | 5     | 136      | Compute                  | Layer 68                                                                                                                                                                                                                                                                                              | 41987.66           | 0.46                 | 41988.12           |
  | 5     | 137      | Activation Communication | Layer 68                                                                                                                                                                                                                                                                                              | 41988.12           | 0                    | 41988.12           |
  | 5     | 138      | Compute                  | Layer 69                                                                                                                                                                                                                                                                                              | 41988.12           | 0.46                 | 41988.59           |
  | 5     | 139      | Activation Communication | Layer 69                                                                                                                                                                                                                                                                                              | 41988.59           | 47.28                | 42035.87           |
  | 5     | 140      | Compute                  | Layer 70                                                                                                                                                                                                                                                                                              | 42035.87           | 1.84                 | 42037.70           |
  | 5     | 141      | Activation Communication | Layer 70                                                                                                                                                                                                                                                                                              | 42037.70           | 44.12                | 42081.82           |
  | 5     | 142      | Compute                  | Layer 71                                                                                                                                                                                                                                                                                              | 42081.82           | 5.51                 | 42087.33           |
  | 5     | 143      | Activation Communication | Layer 71                                                                                                                                                                                                                                                                                              | 42087.33           | 177.56               | 42264.89           |
  | 5     | 144      | Compute                  | Layer 72                                                                                                                                                                                                                                                                                              | 42264.89           | 5.51                 | 42270.40           |
  | 5     | 145      | Activation Communication | Layer 72                                                                                                                                                                                                                                                                                              | 42270.40           | 47.28                | 42317.68           |
  | 5     | 146      | Compute                  | Layer 73                                                                                                                                                                                                                                                                                              | 42317.68           | 0.01                 | 42317.69           |
  | 6     | 0        | Compute                  | Layer 0                                                                                                                                                                                                                                                                                               | 42317.69           | 1.83                 | 42319.52           |
  | 6     | 1        | Activation Communication | Layer 0                                                                                                                                                                                                                                                                                               | 42319.52           | 0                    | 42319.52           |
  | 6     | 2        | Compute                  | Layer 1                                                                                                                                                                                                                                                                                               | 42319.52           | 4.59                 | 42324.11           |
  | 6     | 3        | Activation Communication | Layer 1                                                                                                                                                                                                                                                                                               | 42324.11           | 141.84               | 42465.95           |
  | 6     | 4        | Compute                  | Layer 2                                                                                                                                                                                                                                                                                               | 42465.95           | 0.46                 | 42466.41           |
  | 6     | 5        | Activation Communication | Layer 2                                                                                                                                                                                                                                                                                               | 42466.41           | 12.12                | 42478.53           |
  | 6     | 6        | Compute                  | Layer 3                                                                                                                                                                                                                                                                                               | 42478.53           | 0.46                 | 42479.00           |
  | 6     | 7        | Activation Communication | Layer 3                                                                                                                                                                                                                                                                                               | 42479.00           | 2.62                 | 42481.62           |
  | 6     | 8        | Compute                  | Layer 4                                                                                                                                                                                                                                                                                               | 42481.62           | 1.84                 | 42483.46           |
  | 6     | 9        | Activation Communication | Layer 4                                                                                                                                                                                                                                                                                               | 42483.46           | 47.28                | 42530.74           |
  | 6     | 10       | Compute                  | Layer 5                                                                                                                                                                                                                                                                                               | 42530.74           | 2.75                 | 42533.49           |
  | 6     | 11       | Activation Communication | Layer 5                                                                                                                                                                                                                                                                                               | 42533.49           | 155.49               | 42688.99           |
  | 6     | 12       | Compute                  | Layer 6                                                                                                                                                                                                                                                                                               | 42688.99           | 5.51                 | 42694.50           |
  | 6     | 13       | Activation Communication | Layer 6                                                                                                                                                                                                                                                                                               | 42694.50           | 47.28                | 42741.78           |
  | 6     | 14       | Compute                  | Layer 7                                                                                                                                                                                                                                                                                               | 42741.78           | 4.59                 | 42746.37           |
  | 6     | 15       | Activation Communication | Layer 7                                                                                                                                                                                                                                                                                               | 42746.37           | 15.76                | 42762.13           |
  | 6     | 16       | Compute                  | Layer 8                                                                                                                                                                                                                                                                                               | 42762.13           | 0.46                 | 42762.59           |
  | 6     | 17       | Activation Communication | Layer 8                                                                                                                                                                                                                                                                                               | 42762.59           | 0                    | 42762.59           |
  | 6     | 18       | Compute                  | Layer 9                                                                                                                                                                                                                                                                                               | 42762.59           | 0.46                 | 42763.05           |
  | 6     | 19       | Activation Communication | Layer 9                                                                                                                                                                                                                                                                                               | 42763.05           | 47.28                | 42810.33           |
  | 6     | 20       | Compute                  | Layer 10                                                                                                                                                                                                                                                                                              | 42810.33           | 1.84                 | 42812.17           |
  | 6     | 21       | Activation Communication | Layer 10                                                                                                                                                                                                                                                                                              | 42812.17           | 44.12                | 42856.29           |
  | 6     | 22       | Compute                  | Layer 11                                                                                                                                                                                                                                                                                              | 42856.29           | 5.51                 | 42861.80           |
  | 6     | 23       | Activation Communication | Layer 11                                                                                                                                                                                                                                                                                              | 42861.80           | 320.45               | 43182.25           |
  | 6     | 24       | Compute                  | Layer 12                                                                                                                                                                                                                                                                                              | 43182.25           | 5.51                 | 43187.76           |
  | 6     | 25       | Activation Communication | Layer 12                                                                                                                                                                                                                                                                                              | 43187.76           | 45.17                | 43232.93           |
  | 6     | 26       | Compute                  | Layer 13                                                                                                                                                                                                                                                                                              | 43232.93           | 4.59                 | 43237.52           |
  | 6     | 27       | Activation Communication | Layer 13                                                                                                                                                                                                                                                                                              | 43237.52           | 0                    | 43237.52           |
  | 6     | 28       | Compute                  | Layer 14                                                                                                                                                                                                                                                                                              | 43237.52           | 0.46                 | 43237.99           |
  | 6     | 29       | Activation Communication | Layer 14                                                                                                                                                                                                                                                                                              | 43237.99           | 0                    | 43237.99           |
  | 6     | 30       | Compute                  | Layer 15                                                                                                                                                                                                                                                                                              | 43237.99           | 0.46                 | 43238.45           |
  | 6     | 31       | Activation Communication | Layer 15                                                                                                                                                                                                                                                                                              | 43238.45           | 47.28                | 43285.73           |
  | 6     | 32       | Compute                  | Layer 16                                                                                                                                                                                                                                                                                              | 43285.73           | 1.84                 | 43287.56           |
  | 6     | 33       | Activation Communication | Layer 16                                                                                                                                                                                                                                                                                              | 43287.56           | 46.49                | 43334.05           |
  | 6     | 34       | Compute                  | Layer 17                                                                                                                                                                                                                                                                                              | 43334.05           | 4.59                 | 43338.64           |
  | 6     | 35       | Activation Communication | Layer 17                                                                                                                                                                                                                                                                                              | 43338.64           | 174.41               | 43513.05           |
  | 6     | 36       | Compute                  | Layer 18                                                                                                                                                                                                                                                                                              | 43513.05           | 5.51                 | 43518.56           |
  | 6     | 37       | Activation Communication | Layer 18                                                                                                                                                                                                                                                                                              | 43518.56           | 47.28                | 43565.84           |
  | 6     | 38       | Compute                  | Layer 19                                                                                                                                                                                                                                                                                              | 43565.84           | 4.59                 | 43570.43           |
  | 6     | 39       | Activation Communication | Layer 19                                                                                                                                                                                                                                                                                              | 43570.43           | 15.76                | 43586.19           |
  | 6     | 40       | Compute                  | Layer 20                                                                                                                                                                                                                                                                                              | 43586.19           | 0.46                 | 43586.65           |
  | 6     | 41       | Activation Communication | Layer 20                                                                                                                                                                                                                                                                                              | 43586.65           | 0                    | 43586.65           |
  | 6     | 42       | Compute                  | Layer 21                                                                                                                                                                                                                                                                                              | 43586.65           | 0.46                 | 43587.11           |
  | 6     | 43       | Activation Communication | Layer 21                                                                                                                                                                                                                                                                                              | 43587.11           | 47.28                | 43634.39           |
  | 6     | 44       | Compute                  | Layer 22                                                                                                                                                                                                                                                                                              | 43634.39           | 1.84                 | 43636.23           |
  | 6     | 45       | Activation Communication | Layer 22                                                                                                                                                                                                                                                                                              | 43636.23           | 42.02                | 43678.25           |
  | 6     | 46       | Compute                  | Layer 23                                                                                                                                                                                                                                                                                              | 43678.25           | 5.51                 | 43683.76           |
  | 6     | 47       | Activation Communication | Layer 23                                                                                                                                                                                                                                                                                              | 43683.76           | 177.56               | 43861.32           |
  | 6     | 48       | Compute                  | Layer 24                                                                                                                                                                                                                                                                                              | 43861.32           | 5.51                 | 43866.83           |
  | 6     | 49       | Activation Communication | Layer 24                                                                                                                                                                                                                                                                                              | 43866.83           | 47.28                | 43914.11           |
  | 6     | 50       | Compute                  | Layer 25                                                                                                                                                                                                                                                                                              | 43914.11           | 4.59                 | 43918.70           |
  | 6     | 51       | Activation Communication | Layer 25                                                                                                                                                                                                                                                                                              | 43918.70           | 15.76                | 43934.46           |
  | 6     | 52       | Compute                  | Layer 26                                                                                                                                                                                                                                                                                              | 43934.46           | 0.46                 | 43934.92           |
  | 6     | 53       | Activation Communication | Layer 26                                                                                                                                                                                                                                                                                              | 43934.92           | 0                    | 43934.92           |
  | 6     | 54       | Compute                  | Layer 27                                                                                                                                                                                                                                                                                              | 43934.92           | 0.46                 | 43935.38           |
  | 6     | 55       | Activation Communication | Layer 27                                                                                                                                                                                                                                                                                              | 43935.38           | 47.28                | 43982.66           |
  | 6     | 56       | Compute                  | Layer 28                                                                                                                                                                                                                                                                                              | 43982.66           | 1.84                 | 43984.50           |
  | 6     | 57       | Activation Communication | Layer 28                                                                                                                                                                                                                                                                                              | 43984.50           | 44.12                | 44028.62           |
  | 6     | 58       | Compute                  | Layer 29                                                                                                                                                                                                                                                                                              | 44028.62           | 5.51                 | 44034.13           |
  | 6     | 59       | Activation Communication | Layer 29                                                                                                                                                                                                                                                                                              | 44034.13           | 177.56               | 44211.69           |
  | 6     | 60       | Compute                  | Layer 30                                                                                                                                                                                                                                                                                              | 44211.69           | 5.51                 | 44217.20           |
  | 6     | 61       | Activation Communication | Layer 30                                                                                                                                                                                                                                                                                              | 44217.20           | 47.28                | 44264.48           |
  | 6     | 62       | Compute                  | Layer 31                                                                                                                                                                                                                                                                                              | 44264.48           | 4.59                 | 44269.07           |
  | 6     | 63       | Activation Communication | Layer 31                                                                                                                                                                                                                                                                                              | 44269.07           | 15.76                | 44284.83           |
  | 6     | 64       | Compute                  | Layer 32                                                                                                                                                                                                                                                                                              | 44284.83           | 0.46                 | 44285.29           |
  | 6     | 65       | Activation Communication | Layer 32                                                                                                                                                                                                                                                                                              | 44285.29           | 0                    | 44285.29           |
  | 6     | 66       | Compute                  | Layer 33                                                                                                                                                                                                                                                                                              | 44285.29           | 0.46                 | 44285.75           |
  | 6     | 67       | Activation Communication | Layer 33                                                                                                                                                                                                                                                                                              | 44285.75           | 47.28                | 44333.03           |
  | 6     | 68       | Compute                  | Layer 34                                                                                                                                                                                                                                                                                              | 44333.03           | 1.84                 | 44334.87           |
  | 6     | 69       | Activation Communication | Layer 34                                                                                                                                                                                                                                                                                              | 44334.87           | 44.12                | 44378.99           |
  | 6     | 70       | Compute                  | Layer 35                                                                                                                                                                                                                                                                                              | 44378.99           | 5.51                 | 44384.50           |
  | 6     | 71       | Activation Communication | Layer 35                                                                                                                                                                                                                                                                                              | 44384.50           | 177.56               | 44562.06           |
  | 6     | 72       | Compute                  | Layer 36                                                                                                                                                                                                                                                                                              | 44562.06           | 5.51                 | 44567.57           |
  | 6     | 73       | Activation Communication | Layer 36                                                                                                                                                                                                                                                                                              | 44567.57           | 47.28                | 44614.85           |
  | 6     | 74       | Compute                  | Layer 37                                                                                                                                                                                                                                                                                              | 44614.85           | 4.59                 | 44619.44           |
  | 6     | 75       | Activation Communication | Layer 37                                                                                                                                                                                                                                                                                              | 44619.44           | 137.90               | 44757.34           |
  | 6     | 76       | Compute                  | Layer 38                                                                                                                                                                                                                                                                                              | 44757.34           | 0.46                 | 44757.80           |
  | 6     | 77       | Activation Communication | Layer 38                                                                                                                                                                                                                                                                                              | 44757.80           | 12.12                | 44769.92           |
  | 6     | 78       | Compute                  | Layer 39                                                                                                                                                                                                                                                                                              | 44769.92           | 0.46                 | 44770.38           |
  | 6     | 79       | Activation Communication | Layer 39                                                                                                                                                                                                                                                                                              | 44770.38           | 28.89                | 44799.27           |
  | 6     | 80       | Compute                  | Layer 40                                                                                                                                                                                                                                                                                              | 44799.27           | 1.84                 | 44801.11           |
  | 6     | 81       | Activation Communication | Layer 40                                                                                                                                                                                                                                                                                              | 44801.11           | 47.28                | 44848.39           |
  | 6     | 82       | Compute                  | Layer 41                                                                                                                                                                                                                                                                                              | 44848.39           | 2.75                 | 44851.15           |
  | 6     | 83       | Activation Communication | Layer 41                                                                                                                                                                                                                                                                                              | 44851.15           | 204.88               | 45056.03           |
  | 6     | 84       | Compute                  | Layer 42                                                                                                                                                                                                                                                                                              | 45056.03           | 2.75                 | 45058.78           |
  | 6     | 85       | Activation Communication | Layer 42                                                                                                                                                                                                                                                                                              | 45058.78           | 39.40                | 45098.18           |
  | 6     | 86       | Compute                  | Layer 43                                                                                                                                                                                                                                                                                              | 45098.18           | 4.59                 | 45102.77           |
  | 6     | 87       | Activation Communication | Layer 43                                                                                                                                                                                                                                                                                              | 45102.77           | 0                    | 45102.77           |
  | 6     | 88       | Compute                  | Layer 44                                                                                                                                                                                                                                                                                              | 45102.77           | 0.46                 | 45103.23           |
  | 6     | 89       | Activation Communication | Layer 44                                                                                                                                                                                                                                                                                              | 45103.23           | 0                    | 45103.23           |
  | 6     | 90       | Compute                  | Layer 45                                                                                                                                                                                                                                                                                              | 45103.23           | 0.46                 | 45103.69           |
  | 6     | 91       | Activation Communication | Layer 45                                                                                                                                                                                                                                                                                              | 45103.69           | 47.28                | 45150.97           |
  | 6     | 92       | Compute                  | Layer 46                                                                                                                                                                                                                                                                                              | 45150.97           | 1.84                 | 45152.81           |
  | 6     | 93       | Activation Communication | Layer 46                                                                                                                                                                                                                                                                                              | 45152.81           | 45.96                | 45198.77           |
  | 6     | 94       | Compute                  | Layer 47                                                                                                                                                                                                                                                                                              | 45198.77           | 4.59                 | 45203.36           |
  | 6     | 95       | Activation Communication | Layer 47                                                                                                                                                                                                                                                                                              | 45203.36           | 309.59               | 45512.96           |
  | 6     | 96       | Compute                  | Layer 48                                                                                                                                                                                                                                                                                              | 45512.96           | 5.51                 | 45518.46           |
  | 6     | 97       | Activation Communication | Layer 48                                                                                                                                                                                                                                                                                              | 45518.46           | 44.39                | 45562.85           |
  | 6     | 98       | Compute                  | Layer 49                                                                                                                                                                                                                                                                                              | 45562.85           | 4.59                 | 45567.44           |
  | 6     | 99       | Activation Communication | Layer 49                                                                                                                                                                                                                                                                                              | 45567.44           | 0                    | 45567.44           |
  | 6     | 100      | Compute                  | Layer 50                                                                                                                                                                                                                                                                                              | 45567.44           | 0.46                 | 45567.90           |
  | 6     | 101      | Activation Communication | Layer 50                                                                                                                                                                                                                                                                                              | 45567.90           | 0                    | 45567.90           |
  | 6     | 102      | Compute                  | Layer 51                                                                                                                                                                                                                                                                                              | 45567.90           | 0.46                 | 45568.37           |
  | 6     | 103      | Activation Communication | Layer 51                                                                                                                                                                                                                                                                                              | 45568.37           | 47.28                | 45615.65           |
  | 6     | 104      | Compute                  | Layer 52                                                                                                                                                                                                                                                                                              | 45615.65           | 1.84                 | 45617.48           |
  | 6     | 105      | Activation Communication | Layer 52                                                                                                                                                                                                                                                                                              | 45617.48           | 46.49                | 45663.97           |
  | 6     | 106      | Compute                  | Layer 53                                                                                                                                                                                                                                                                                              | 45663.97           | 4.59                 | 45668.56           |
  | 6     | 107      | Activation Communication | Layer 53                                                                                                                                                                                                                                                                                              | 45668.56           | 312.04               | 45980.60           |
  | 6     | 108      | Compute                  | Layer 54                                                                                                                                                                                                                                                                                              | 45980.60           | 5.51                 | 45986.11           |
  | 6     | 109      | Activation Communication | Layer 54                                                                                                                                                                                                                                                                                              | 45986.11           | 45.17                | 46031.29           |
  | 6     | 110      | Compute                  | Layer 55                                                                                                                                                                                                                                                                                              | 46031.29           | 4.59                 | 46035.88           |
  | 6     | 111      | Activation Communication | Layer 55                                                                                                                                                                                                                                                                                              | 46035.88           | 0                    | 46035.88           |
  | 6     | 112      | Compute                  | Layer 56                                                                                                                                                                                                                                                                                              | 46035.88           | 0.46                 | 46036.34           |
  | 6     | 113      | Activation Communication | Layer 56                                                                                                                                                                                                                                                                                              | 46036.34           | 0                    | 46036.34           |
  | 6     | 114      | Compute                  | Layer 57                                                                                                                                                                                                                                                                                              | 46036.34           | 0.46                 | 46036.80           |
  | 6     | 115      | Activation Communication | Layer 57                                                                                                                                                                                                                                                                                              | 46036.80           | 47.28                | 46084.08           |
  | 6     | 116      | Compute                  | Layer 58                                                                                                                                                                                                                                                                                              | 46084.08           | 1.84                 | 46085.92           |
  | 6     | 117      | Activation Communication | Layer 58                                                                                                                                                                                                                                                                                              | 46085.92           | 46.49                | 46132.40           |
  | 6     | 118      | Compute                  | Layer 59                                                                                                                                                                                                                                                                                              | 46132.40           | 4.59                 | 46137.00           |
  | 6     | 119      | Activation Communication | Layer 59                                                                                                                                                                                                                                                                                              | 46137.00           | 174.41               | 46311.40           |
  | 6     | 120      | Compute                  | Layer 60                                                                                                                                                                                                                                                                                              | 46311.40           | 5.51                 | 46316.91           |
  | 6     | 121      | Activation Communication | Layer 60                                                                                                                                                                                                                                                                                              | 46316.91           | 47.28                | 46364.19           |
  | 6     | 122      | Compute                  | Layer 61                                                                                                                                                                                                                                                                                              | 46364.19           | 4.59                 | 46368.78           |
  | 6     | 123      | Activation Communication | Layer 61                                                                                                                                                                                                                                                                                              | 46368.78           | 15.76                | 46384.54           |
  | 6     | 124      | Compute                  | Layer 62                                                                                                                                                                                                                                                                                              | 46384.54           | 0.46                 | 46385.00           |
  | 6     | 125      | Activation Communication | Layer 62                                                                                                                                                                                                                                                                                              | 46385.00           | 0                    | 46385.00           |
  | 6     | 126      | Compute                  | Layer 63                                                                                                                                                                                                                                                                                              | 46385.00           | 0.46                 | 46385.47           |
  | 6     | 127      | Activation Communication | Layer 63                                                                                                                                                                                                                                                                                              | 46385.47           | 47.28                | 46432.75           |
  | 6     | 128      | Compute                  | Layer 64                                                                                                                                                                                                                                                                                              | 46432.75           | 1.84                 | 46434.58           |
  | 6     | 129      | Activation Communication | Layer 64                                                                                                                                                                                                                                                                                              | 46434.58           | 44.12                | 46478.70           |
  | 6     | 130      | Compute                  | Layer 65                                                                                                                                                                                                                                                                                              | 46478.70           | 5.51                 | 46484.21           |
  | 6     | 131      | Activation Communication | Layer 65                                                                                                                                                                                                                                                                                              | 46484.21           | 177.56               | 46661.77           |
  | 6     | 132      | Compute                  | Layer 66                                                                                                                                                                                                                                                                                              | 46661.77           | 5.51                 | 46667.28           |
  | 6     | 133      | Activation Communication | Layer 66                                                                                                                                                                                                                                                                                              | 46667.28           | 47.28                | 46714.56           |
  | 6     | 134      | Compute                  | Layer 67                                                                                                                                                                                                                                                                                              | 46714.56           | 4.59                 | 46719.15           |
  | 6     | 135      | Activation Communication | Layer 67                                                                                                                                                                                                                                                                                              | 46719.15           | 15.76                | 46734.91           |
  | 6     | 136      | Compute                  | Layer 68                                                                                                                                                                                                                                                                                              | 46734.91           | 0.46                 | 46735.37           |
  | 6     | 137      | Activation Communication | Layer 68                                                                                                                                                                                                                                                                                              | 46735.37           | 0                    | 46735.37           |
  | 6     | 138      | Compute                  | Layer 69                                                                                                                                                                                                                                                                                              | 46735.37           | 0.46                 | 46735.83           |
  | 6     | 139      | Activation Communication | Layer 69                                                                                                                                                                                                                                                                                              | 46735.83           | 47.28                | 46783.11           |
  | 6     | 140      | Compute                  | Layer 70                                                                                                                                                                                                                                                                                              | 46783.11           | 1.84                 | 46784.95           |
  | 6     | 141      | Activation Communication | Layer 70                                                                                                                                                                                                                                                                                              | 46784.95           | 44.12                | 46829.07           |
  | 6     | 142      | Compute                  | Layer 71                                                                                                                                                                                                                                                                                              | 46829.07           | 5.51                 | 46834.58           |
  | 6     | 143      | Activation Communication | Layer 71                                                                                                                                                                                                                                                                                              | 46834.58           | 177.56               | 47012.14           |
  | 6     | 144      | Compute                  | Layer 72                                                                                                                                                                                                                                                                                              | 47012.14           | 5.51                 | 47017.65           |
  | 6     | 145      | Activation Communication | Layer 72                                                                                                                                                                                                                                                                                              | 47017.65           | 47.28                | 47064.93           |
  | 6     | 146      | Compute                  | Layer 73                                                                                                                                                                                                                                                                                              | 47064.93           | 0.01                 | 47064.94           |
  | 7     | 0        | Compute                  | Layer 0                                                                                                                                                                                                                                                                                               | 47064.94           | 1.83                 | 47066.77           |
  | 7     | 1        | Activation Communication | Layer 0                                                                                                                                                                                                                                                                                               | 47066.77           | 0                    | 47066.77           |
  | 7     | 2        | Compute                  | Layer 1                                                                                                                                                                                                                                                                                               | 47066.77           | 4.59                 | 47071.36           |
  | 7     | 3        | Activation Communication | Layer 1                                                                                                                                                                                                                                                                                               | 47071.36           | 141.84               | 47213.20           |
  | 7     | 4        | Compute                  | Layer 2                                                                                                                                                                                                                                                                                               | 47213.20           | 0.46                 | 47213.66           |
  | 7     | 5        | Activation Communication | Layer 2                                                                                                                                                                                                                                                                                               | 47213.66           | 12.12                | 47225.78           |
  | 7     | 6        | Compute                  | Layer 3                                                                                                                                                                                                                                                                                               | 47225.78           | 0.46                 | 47226.24           |
  | 7     | 7        | Activation Communication | Layer 3                                                                                                                                                                                                                                                                                               | 47226.24           | 2.62                 | 47228.87           |
  | 7     | 8        | Compute                  | Layer 4                                                                                                                                                                                                                                                                                               | 47228.87           | 1.84                 | 47230.71           |
  | 7     | 9        | Activation Communication | Layer 4                                                                                                                                                                                                                                                                                               | 47230.71           | 47.28                | 47277.99           |
  | 7     | 10       | Compute                  | Layer 5                                                                                                                                                                                                                                                                                               | 47277.99           | 2.75                 | 47280.74           |
  | 7     | 11       | Activation Communication | Layer 5                                                                                                                                                                                                                                                                                               | 47280.74           | 155.49               | 47436.24           |
  | 7     | 12       | Compute                  | Layer 6                                                                                                                                                                                                                                                                                               | 47436.24           | 5.51                 | 47441.74           |
  | 7     | 13       | Activation Communication | Layer 6                                                                                                                                                                                                                                                                                               | 47441.74           | 47.28                | 47489.02           |
  | 7     | 14       | Compute                  | Layer 7                                                                                                                                                                                                                                                                                               | 47489.02           | 4.59                 | 47493.62           |
  | 7     | 15       | Activation Communication | Layer 7                                                                                                                                                                                                                                                                                               | 47493.62           | 15.76                | 47509.38           |
  | 7     | 16       | Compute                  | Layer 8                                                                                                                                                                                                                                                                                               | 47509.38           | 0.46                 | 47509.84           |
  | 7     | 17       | Activation Communication | Layer 8                                                                                                                                                                                                                                                                                               | 47509.84           | 0                    | 47509.84           |
  | 7     | 18       | Compute                  | Layer 9                                                                                                                                                                                                                                                                                               | 47509.84           | 0.46                 | 47510.30           |
  | 7     | 19       | Activation Communication | Layer 9                                                                                                                                                                                                                                                                                               | 47510.30           | 47.28                | 47557.58           |
  | 7     | 20       | Compute                  | Layer 10                                                                                                                                                                                                                                                                                              | 47557.58           | 1.84                 | 47559.41           |
  | 7     | 21       | Activation Communication | Layer 10                                                                                                                                                                                                                                                                                              | 47559.41           | 44.12                | 47603.54           |
  | 7     | 22       | Compute                  | Layer 11                                                                                                                                                                                                                                                                                              | 47603.54           | 5.51                 | 47609.05           |
  | 7     | 23       | Activation Communication | Layer 11                                                                                                                                                                                                                                                                                              | 47609.05           | 320.45               | 47929.50           |
  | 7     | 24       | Compute                  | Layer 12                                                                                                                                                                                                                                                                                              | 47929.50           | 5.51                 | 47935.01           |
  | 7     | 25       | Activation Communication | Layer 12                                                                                                                                                                                                                                                                                              | 47935.01           | 45.17                | 47980.18           |
  | 7     | 26       | Compute                  | Layer 13                                                                                                                                                                                                                                                                                              | 47980.18           | 4.59                 | 47984.77           |
  | 7     | 27       | Activation Communication | Layer 13                                                                                                                                                                                                                                                                                              | 47984.77           | 0                    | 47984.77           |
  | 7     | 28       | Compute                  | Layer 14                                                                                                                                                                                                                                                                                              | 47984.77           | 0.46                 | 47985.24           |
  | 7     | 29       | Activation Communication | Layer 14                                                                                                                                                                                                                                                                                              | 47985.24           | 0                    | 47985.24           |
  | 7     | 30       | Compute                  | Layer 15                                                                                                                                                                                                                                                                                              | 47985.24           | 0.46                 | 47985.70           |
  | 7     | 31       | Activation Communication | Layer 15                                                                                                                                                                                                                                                                                              | 47985.70           | 47.28                | 48032.98           |
  | 7     | 32       | Compute                  | Layer 16                                                                                                                                                                                                                                                                                              | 48032.98           | 1.84                 | 48034.81           |
  | 7     | 33       | Activation Communication | Layer 16                                                                                                                                                                                                                                                                                              | 48034.81           | 46.49                | 48081.30           |
  | 7     | 34       | Compute                  | Layer 17                                                                                                                                                                                                                                                                                              | 48081.30           | 4.59                 | 48085.89           |
  | 7     | 35       | Activation Communication | Layer 17                                                                                                                                                                                                                                                                                              | 48085.89           | 174.41               | 48260.30           |
  | 7     | 36       | Compute                  | Layer 18                                                                                                                                                                                                                                                                                              | 48260.30           | 5.51                 | 48265.81           |
  | 7     | 37       | Activation Communication | Layer 18                                                                                                                                                                                                                                                                                              | 48265.81           | 47.28                | 48313.09           |
  | 7     | 38       | Compute                  | Layer 19                                                                                                                                                                                                                                                                                              | 48313.09           | 4.59                 | 48317.68           |
  | 7     | 39       | Activation Communication | Layer 19                                                                                                                                                                                                                                                                                              | 48317.68           | 15.76                | 48333.44           |
  | 7     | 40       | Compute                  | Layer 20                                                                                                                                                                                                                                                                                              | 48333.44           | 0.46                 | 48333.90           |
  | 7     | 41       | Activation Communication | Layer 20                                                                                                                                                                                                                                                                                              | 48333.90           | 0                    | 48333.90           |
  | 7     | 42       | Compute                  | Layer 21                                                                                                                                                                                                                                                                                              | 48333.90           | 0.46                 | 48334.36           |
  | 7     | 43       | Activation Communication | Layer 21                                                                                                                                                                                                                                                                                              | 48334.36           | 47.28                | 48381.64           |
  | 7     | 44       | Compute                  | Layer 22                                                                                                                                                                                                                                                                                              | 48381.64           | 1.84                 | 48383.48           |
  | 7     | 45       | Activation Communication | Layer 22                                                                                                                                                                                                                                                                                              | 48383.48           | 42.02                | 48425.50           |
  | 7     | 46       | Compute                  | Layer 23                                                                                                                                                                                                                                                                                              | 48425.50           | 5.51                 | 48431.01           |
  | 7     | 47       | Activation Communication | Layer 23                                                                                                                                                                                                                                                                                              | 48431.01           | 177.56               | 48608.57           |
  | 7     | 48       | Compute                  | Layer 24                                                                                                                                                                                                                                                                                              | 48608.57           | 5.51                 | 48614.08           |
  | 7     | 49       | Activation Communication | Layer 24                                                                                                                                                                                                                                                                                              | 48614.08           | 47.28                | 48661.36           |
  | 7     | 50       | Compute                  | Layer 25                                                                                                                                                                                                                                                                                              | 48661.36           | 4.59                 | 48665.95           |
  | 7     | 51       | Activation Communication | Layer 25                                                                                                                                                                                                                                                                                              | 48665.95           | 15.76                | 48681.71           |
  | 7     | 52       | Compute                  | Layer 26                                                                                                                                                                                                                                                                                              | 48681.71           | 0.46                 | 48682.17           |
  | 7     | 53       | Activation Communication | Layer 26                                                                                                                                                                                                                                                                                              | 48682.17           | 0                    | 48682.17           |
  | 7     | 54       | Compute                  | Layer 27                                                                                                                                                                                                                                                                                              | 48682.17           | 0.46                 | 48682.63           |
  | 7     | 55       | Activation Communication | Layer 27                                                                                                                                                                                                                                                                                              | 48682.63           | 47.28                | 48729.91           |
  | 7     | 56       | Compute                  | Layer 28                                                                                                                                                                                                                                                                                              | 48729.91           | 1.84                 | 48731.75           |
  | 7     | 57       | Activation Communication | Layer 28                                                                                                                                                                                                                                                                                              | 48731.75           | 44.12                | 48775.87           |
  | 7     | 58       | Compute                  | Layer 29                                                                                                                                                                                                                                                                                              | 48775.87           | 5.51                 | 48781.38           |
  | 7     | 59       | Activation Communication | Layer 29                                                                                                                                                                                                                                                                                              | 48781.38           | 177.56               | 48958.94           |
  | 7     | 60       | Compute                  | Layer 30                                                                                                                                                                                                                                                                                              | 48958.94           | 5.51                 | 48964.44           |
  | 7     | 61       | Activation Communication | Layer 30                                                                                                                                                                                                                                                                                              | 48964.44           | 47.28                | 49011.72           |
  | 7     | 62       | Compute                  | Layer 31                                                                                                                                                                                                                                                                                              | 49011.72           | 4.59                 | 49016.32           |
  | 7     | 63       | Activation Communication | Layer 31                                                                                                                                                                                                                                                                                              | 49016.32           | 15.76                | 49032.08           |
  | 7     | 64       | Compute                  | Layer 32                                                                                                                                                                                                                                                                                              | 49032.08           | 0.46                 | 49032.54           |
  | 7     | 65       | Activation Communication | Layer 32                                                                                                                                                                                                                                                                                              | 49032.54           | 0                    | 49032.54           |
  | 7     | 66       | Compute                  | Layer 33                                                                                                                                                                                                                                                                                              | 49032.54           | 0.46                 | 49033.00           |
  | 7     | 67       | Activation Communication | Layer 33                                                                                                                                                                                                                                                                                              | 49033.00           | 47.28                | 49080.28           |
  | 7     | 68       | Compute                  | Layer 34                                                                                                                                                                                                                                                                                              | 49080.28           | 1.84                 | 49082.11           |
  | 7     | 69       | Activation Communication | Layer 34                                                                                                                                                                                                                                                                                              | 49082.11           | 44.12                | 49126.24           |
  | 7     | 70       | Compute                  | Layer 35                                                                                                                                                                                                                                                                                              | 49126.24           | 5.51                 | 49131.75           |
  | 7     | 71       | Activation Communication | Layer 35                                                                                                                                                                                                                                                                                              | 49131.75           | 177.56               | 49309.30           |
  | 7     | 72       | Compute                  | Layer 36                                                                                                                                                                                                                                                                                              | 49309.30           | 5.51                 | 49314.81           |
  | 7     | 73       | Activation Communication | Layer 36                                                                                                                                                                                                                                                                                              | 49314.81           | 47.28                | 49362.09           |
  | 7     | 74       | Compute                  | Layer 37                                                                                                                                                                                                                                                                                              | 49362.09           | 4.59                 | 49366.68           |
  | 7     | 75       | Activation Communication | Layer 37                                                                                                                                                                                                                                                                                              | 49366.68           | 137.90               | 49504.58           |
  | 7     | 76       | Compute                  | Layer 38                                                                                                                                                                                                                                                                                              | 49504.58           | 0.46                 | 49505.05           |
  | 7     | 77       | Activation Communication | Layer 38                                                                                                                                                                                                                                                                                              | 49505.05           | 12.12                | 49517.17           |
  | 7     | 78       | Compute                  | Layer 39                                                                                                                                                                                                                                                                                              | 49517.17           | 0.46                 | 49517.63           |
  | 7     | 79       | Activation Communication | Layer 39                                                                                                                                                                                                                                                                                              | 49517.63           | 28.89                | 49546.52           |
  | 7     | 80       | Compute                  | Layer 40                                                                                                                                                                                                                                                                                              | 49546.52           | 1.84                 | 49548.36           |
  | 7     | 81       | Activation Communication | Layer 40                                                                                                                                                                                                                                                                                              | 49548.36           | 47.28                | 49595.64           |
  | 7     | 82       | Compute                  | Layer 41                                                                                                                                                                                                                                                                                              | 49595.64           | 2.75                 | 49598.40           |
  | 7     | 83       | Activation Communication | Layer 41                                                                                                                                                                                                                                                                                              | 49598.40           | 204.88               | 49803.28           |
  | 7     | 84       | Compute                  | Layer 42                                                                                                                                                                                                                                                                                              | 49803.28           | 2.75                 | 49806.03           |
  | 7     | 85       | Activation Communication | Layer 42                                                                                                                                                                                                                                                                                              | 49806.03           | 39.40                | 49845.43           |
  | 7     | 86       | Compute                  | Layer 43                                                                                                                                                                                                                                                                                              | 49845.43           | 4.59                 | 49850.02           |
  | 7     | 87       | Activation Communication | Layer 43                                                                                                                                                                                                                                                                                              | 49850.02           | 0                    | 49850.02           |
  | 7     | 88       | Compute                  | Layer 44                                                                                                                                                                                                                                                                                              | 49850.02           | 0.46                 | 49850.48           |
  | 7     | 89       | Activation Communication | Layer 44                                                                                                                                                                                                                                                                                              | 49850.48           | 0                    | 49850.48           |
  | 7     | 90       | Compute                  | Layer 45                                                                                                                                                                                                                                                                                              | 49850.48           | 0.46                 | 49850.94           |
  | 7     | 91       | Activation Communication | Layer 45                                                                                                                                                                                                                                                                                              | 49850.94           | 47.28                | 49898.22           |
  | 7     | 92       | Compute                  | Layer 46                                                                                                                                                                                                                                                                                              | 49898.22           | 1.84                 | 49900.06           |
  | 7     | 93       | Activation Communication | Layer 46                                                                                                                                                                                                                                                                                              | 49900.06           | 45.96                | 49946.02           |
  | 7     | 94       | Compute                  | Layer 47                                                                                                                                                                                                                                                                                              | 49946.02           | 4.59                 | 49950.61           |
  | 7     | 95       | Activation Communication | Layer 47                                                                                                                                                                                                                                                                                              | 49950.61           | 309.59               | 50260.20           |
  | 7     | 96       | Compute                  | Layer 48                                                                                                                                                                                                                                                                                              | 50260.20           | 5.51                 | 50265.71           |
  | 7     | 97       | Activation Communication | Layer 48                                                                                                                                                                                                                                                                                              | 50265.71           | 44.39                | 50310.10           |
  | 7     | 98       | Compute                  | Layer 49                                                                                                                                                                                                                                                                                              | 50310.10           | 4.59                 | 50314.69           |
  | 7     | 99       | Activation Communication | Layer 49                                                                                                                                                                                                                                                                                              | 50314.69           | 0                    | 50314.69           |
  | 7     | 100      | Compute                  | Layer 50                                                                                                                                                                                                                                                                                              | 50314.69           | 0.46                 | 50315.15           |
  | 7     | 101      | Activation Communication | Layer 50                                                                                                                                                                                                                                                                                              | 50315.15           | 0                    | 50315.15           |
  | 7     | 102      | Compute                  | Layer 51                                                                                                                                                                                                                                                                                              | 50315.15           | 0.46                 | 50315.61           |
  | 7     | 103      | Activation Communication | Layer 51                                                                                                                                                                                                                                                                                              | 50315.61           | 47.28                | 50362.89           |
  | 7     | 104      | Compute                  | Layer 52                                                                                                                                                                                                                                                                                              | 50362.89           | 1.84                 | 50364.73           |
  | 7     | 105      | Activation Communication | Layer 52                                                                                                                                                                                                                                                                                              | 50364.73           | 46.49                | 50411.22           |
  | 7     | 106      | Compute                  | Layer 53                                                                                                                                                                                                                                                                                              | 50411.22           | 4.59                 | 50415.81           |
  | 7     | 107      | Activation Communication | Layer 53                                                                                                                                                                                                                                                                                              | 50415.81           | 312.04               | 50727.85           |
  | 7     | 108      | Compute                  | Layer 54                                                                                                                                                                                                                                                                                              | 50727.85           | 5.51                 | 50733.36           |
  | 7     | 109      | Activation Communication | Layer 54                                                                                                                                                                                                                                                                                              | 50733.36           | 45.17                | 50778.54           |
  | 7     | 110      | Compute                  | Layer 55                                                                                                                                                                                                                                                                                              | 50778.54           | 4.59                 | 50783.13           |
  | 7     | 111      | Activation Communication | Layer 55                                                                                                                                                                                                                                                                                              | 50783.13           | 0                    | 50783.13           |
  | 7     | 112      | Compute                  | Layer 56                                                                                                                                                                                                                                                                                              | 50783.13           | 0.46                 | 50783.59           |
  | 7     | 113      | Activation Communication | Layer 56                                                                                                                                                                                                                                                                                              | 50783.59           | 0                    | 50783.59           |
  | 7     | 114      | Compute                  | Layer 57                                                                                                                                                                                                                                                                                              | 50783.59           | 0.46                 | 50784.05           |
  | 7     | 115      | Activation Communication | Layer 57                                                                                                                                                                                                                                                                                              | 50784.05           | 47.28                | 50831.33           |
  | 7     | 116      | Compute                  | Layer 58                                                                                                                                                                                                                                                                                              | 50831.33           | 1.84                 | 50833.17           |
  | 7     | 117      | Activation Communication | Layer 58                                                                                                                                                                                                                                                                                              | 50833.17           | 46.49                | 50879.65           |
  | 7     | 118      | Compute                  | Layer 59                                                                                                                                                                                                                                                                                              | 50879.65           | 4.59                 | 50884.24           |
  | 7     | 119      | Activation Communication | Layer 59                                                                                                                                                                                                                                                                                              | 50884.24           | 174.41               | 51058.65           |
  | 7     | 120      | Compute                  | Layer 60                                                                                                                                                                                                                                                                                              | 51058.65           | 5.51                 | 51064.16           |
  | 7     | 121      | Activation Communication | Layer 60                                                                                                                                                                                                                                                                                              | 51064.16           | 47.28                | 51111.44           |
  | 7     | 122      | Compute                  | Layer 61                                                                                                                                                                                                                                                                                              | 51111.44           | 4.59                 | 51116.03           |
  | 7     | 123      | Activation Communication | Layer 61                                                                                                                                                                                                                                                                                              | 51116.03           | 15.76                | 51131.79           |
  | 7     | 124      | Compute                  | Layer 62                                                                                                                                                                                                                                                                                              | 51131.79           | 0.46                 | 51132.25           |
  | 7     | 125      | Activation Communication | Layer 62                                                                                                                                                                                                                                                                                              | 51132.25           | 0                    | 51132.25           |
  | 7     | 126      | Compute                  | Layer 63                                                                                                                                                                                                                                                                                              | 51132.25           | 0.46                 | 51132.71           |
  | 7     | 127      | Activation Communication | Layer 63                                                                                                                                                                                                                                                                                              | 51132.71           | 47.28                | 51179.99           |
  | 7     | 128      | Compute                  | Layer 64                                                                                                                                                                                                                                                                                              | 51179.99           | 1.84                 | 51181.83           |
  | 7     | 129      | Activation Communication | Layer 64                                                                                                                                                                                                                                                                                              | 51181.83           | 44.12                | 51225.95           |
  | 7     | 130      | Compute                  | Layer 65                                                                                                                                                                                                                                                                                              | 51225.95           | 5.51                 | 51231.46           |
  | 7     | 131      | Activation Communication | Layer 65                                                                                                                                                                                                                                                                                              | 51231.46           | 177.56               | 51409.02           |
  | 7     | 132      | Compute                  | Layer 66                                                                                                                                                                                                                                                                                              | 51409.02           | 5.51                 | 51414.53           |
  | 7     | 133      | Activation Communication | Layer 66                                                                                                                                                                                                                                                                                              | 51414.53           | 47.28                | 51461.81           |
  | 7     | 134      | Compute                  | Layer 67                                                                                                                                                                                                                                                                                              | 51461.81           | 4.59                 | 51466.40           |
  | 7     | 135      | Activation Communication | Layer 67                                                                                                                                                                                                                                                                                              | 51466.40           | 15.76                | 51482.16           |
  | 7     | 136      | Compute                  | Layer 68                                                                                                                                                                                                                                                                                              | 51482.16           | 0.46                 | 51482.62           |
  | 7     | 137      | Activation Communication | Layer 68                                                                                                                                                                                                                                                                                              | 51482.62           | 0                    | 51482.62           |
  | 7     | 138      | Compute                  | Layer 69                                                                                                                                                                                                                                                                                              | 51482.62           | 0.46                 | 51483.08           |
  | 7     | 139      | Activation Communication | Layer 69                                                                                                                                                                                                                                                                                              | 51483.08           | 47.28                | 51530.36           |
  | 7     | 140      | Compute                  | Layer 70                                                                                                                                                                                                                                                                                              | 51530.36           | 1.84                 | 51532.20           |
  | 7     | 141      | Activation Communication | Layer 70                                                                                                                                                                                                                                                                                              | 51532.20           | 44.12                | 51576.32           |
  | 7     | 142      | Compute                  | Layer 71                                                                                                                                                                                                                                                                                              | 51576.32           | 5.51                 | 51581.83           |
  | 7     | 143      | Activation Communication | Layer 71                                                                                                                                                                                                                                                                                              | 51581.83           | 177.56               | 51759.39           |
  | 7     | 144      | Compute                  | Layer 72                                                                                                                                                                                                                                                                                              | 51759.39           | 5.51                 | 51764.90           |
  | 7     | 145      | Activation Communication | Layer 72                                                                                                                                                                                                                                                                                              | 51764.90           | 47.28                | 51812.18           |
  | 7     | 146      | Compute                  | Layer 73                                                                                                                                                                                                                                                                                              | 51812.18           | 0.01                 | 51812.19           |
  | 8     | 0        | Compute                  | Layer 0                                                                                                                                                                                                                                                                                               | 51812.19           | 1.83                 | 51814.02           |
  | 8     | 1        | Activation Communication | Layer 0                                                                                                                                                                                                                                                                                               | 51814.02           | 0                    | 51814.02           |
  | 8     | 2        | Compute                  | Layer 1                                                                                                                                                                                                                                                                                               | 51814.02           | 4.59                 | 51818.61           |
  | 8     | 3        | Activation Communication | Layer 1                                                                                                                                                                                                                                                                                               | 51818.61           | 141.84               | 51960.45           |
  | 8     | 4        | Compute                  | Layer 2                                                                                                                                                                                                                                                                                               | 51960.45           | 0.46                 | 51960.91           |
  | 8     | 5        | Activation Communication | Layer 2                                                                                                                                                                                                                                                                                               | 51960.91           | 12.12                | 51973.03           |
  | 8     | 6        | Compute                  | Layer 3                                                                                                                                                                                                                                                                                               | 51973.03           | 0.46                 | 51973.49           |
  | 8     | 7        | Activation Communication | Layer 3                                                                                                                                                                                                                                                                                               | 51973.49           | 2.62                 | 51976.12           |
  | 8     | 8        | Compute                  | Layer 4                                                                                                                                                                                                                                                                                               | 51976.12           | 1.84                 | 51977.96           |
  | 8     | 9        | Activation Communication | Layer 4                                                                                                                                                                                                                                                                                               | 51977.96           | 47.28                | 52025.24           |
  | 8     | 10       | Compute                  | Layer 5                                                                                                                                                                                                                                                                                               | 52025.24           | 2.75                 | 52027.99           |
  | 8     | 11       | Activation Communication | Layer 5                                                                                                                                                                                                                                                                                               | 52027.99           | 155.49               | 52183.48           |
  | 8     | 12       | Compute                  | Layer 6                                                                                                                                                                                                                                                                                               | 52183.48           | 5.51                 | 52188.99           |
  | 8     | 13       | Activation Communication | Layer 6                                                                                                                                                                                                                                                                                               | 52188.99           | 47.28                | 52236.27           |
  | 8     | 14       | Compute                  | Layer 7                                                                                                                                                                                                                                                                                               | 52236.27           | 4.59                 | 52240.86           |
  | 8     | 15       | Activation Communication | Layer 7                                                                                                                                                                                                                                                                                               | 52240.86           | 15.76                | 52256.62           |
  | 8     | 16       | Compute                  | Layer 8                                                                                                                                                                                                                                                                                               | 52256.62           | 0.46                 | 52257.09           |
  | 8     | 17       | Activation Communication | Layer 8                                                                                                                                                                                                                                                                                               | 52257.09           | 0                    | 52257.09           |
  | 8     | 18       | Compute                  | Layer 9                                                                                                                                                                                                                                                                                               | 52257.09           | 0.46                 | 52257.55           |
  | 8     | 19       | Activation Communication | Layer 9                                                                                                                                                                                                                                                                                               | 52257.55           | 47.28                | 52304.83           |
  | 8     | 20       | Compute                  | Layer 10                                                                                                                                                                                                                                                                                              | 52304.83           | 1.84                 | 52306.66           |
  | 8     | 21       | Activation Communication | Layer 10                                                                                                                                                                                                                                                                                              | 52306.66           | 44.12                | 52350.79           |
  | 8     | 22       | Compute                  | Layer 11                                                                                                                                                                                                                                                                                              | 52350.79           | 5.51                 | 52356.30           |
  | 8     | 23       | Activation Communication | Layer 11                                                                                                                                                                                                                                                                                              | 52356.30           | 320.45               | 52676.75           |
  | 8     | 24       | Compute                  | Layer 12                                                                                                                                                                                                                                                                                              | 52676.75           | 5.51                 | 52682.26           |
  | 8     | 25       | Activation Communication | Layer 12                                                                                                                                                                                                                                                                                              | 52682.26           | 45.17                | 52727.43           |
  | 8     | 26       | Compute                  | Layer 13                                                                                                                                                                                                                                                                                              | 52727.43           | 4.59                 | 52732.02           |
  | 8     | 27       | Activation Communication | Layer 13                                                                                                                                                                                                                                                                                              | 52732.02           | 0                    | 52732.02           |
  | 8     | 28       | Compute                  | Layer 14                                                                                                                                                                                                                                                                                              | 52732.02           | 0.46                 | 52732.48           |
  | 8     | 29       | Activation Communication | Layer 14                                                                                                                                                                                                                                                                                              | 52732.48           | 0                    | 52732.48           |
  | 8     | 30       | Compute                  | Layer 15                                                                                                                                                                                                                                                                                              | 52732.48           | 0.46                 | 52732.95           |
  | 8     | 31       | Activation Communication | Layer 15                                                                                                                                                                                                                                                                                              | 52732.95           | 47.28                | 52780.23           |
  | 8     | 32       | Compute                  | Layer 16                                                                                                                                                                                                                                                                                              | 52780.23           | 1.84                 | 52782.06           |
  | 8     | 33       | Activation Communication | Layer 16                                                                                                                                                                                                                                                                                              | 52782.06           | 46.49                | 52828.55           |
  | 8     | 34       | Compute                  | Layer 17                                                                                                                                                                                                                                                                                              | 52828.55           | 4.59                 | 52833.14           |
  | 8     | 35       | Activation Communication | Layer 17                                                                                                                                                                                                                                                                                              | 52833.14           | 174.41               | 53007.55           |
  | 8     | 36       | Compute                  | Layer 18                                                                                                                                                                                                                                                                                              | 53007.55           | 5.51                 | 53013.06           |
  | 8     | 37       | Activation Communication | Layer 18                                                                                                                                                                                                                                                                                              | 53013.06           | 47.28                | 53060.34           |
  | 8     | 38       | Compute                  | Layer 19                                                                                                                                                                                                                                                                                              | 53060.34           | 4.59                 | 53064.93           |
  | 8     | 39       | Activation Communication | Layer 19                                                                                                                                                                                                                                                                                              | 53064.93           | 15.76                | 53080.69           |
  | 8     | 40       | Compute                  | Layer 20                                                                                                                                                                                                                                                                                              | 53080.69           | 0.46                 | 53081.15           |
  | 8     | 41       | Activation Communication | Layer 20                                                                                                                                                                                                                                                                                              | 53081.15           | 0                    | 53081.15           |
  | 8     | 42       | Compute                  | Layer 21                                                                                                                                                                                                                                                                                              | 53081.15           | 0.46                 | 53081.61           |
  | 8     | 43       | Activation Communication | Layer 21                                                                                                                                                                                                                                                                                              | 53081.61           | 47.28                | 53128.89           |
  | 8     | 44       | Compute                  | Layer 22                                                                                                                                                                                                                                                                                              | 53128.89           | 1.84                 | 53130.73           |
  | 8     | 45       | Activation Communication | Layer 22                                                                                                                                                                                                                                                                                              | 53130.73           | 42.02                | 53172.75           |
  | 8     | 46       | Compute                  | Layer 23                                                                                                                                                                                                                                                                                              | 53172.75           | 5.51                 | 53178.26           |
  | 8     | 47       | Activation Communication | Layer 23                                                                                                                                                                                                                                                                                              | 53178.26           | 177.56               | 53355.82           |
  | 8     | 48       | Compute                  | Layer 24                                                                                                                                                                                                                                                                                              | 53355.82           | 5.51                 | 53361.32           |
  | 8     | 49       | Activation Communication | Layer 24                                                                                                                                                                                                                                                                                              | 53361.32           | 47.28                | 53408.60           |
  | 8     | 50       | Compute                  | Layer 25                                                                                                                                                                                                                                                                                              | 53408.60           | 4.59                 | 53413.20           |
  | 8     | 51       | Activation Communication | Layer 25                                                                                                                                                                                                                                                                                              | 53413.20           | 15.76                | 53428.96           |
  | 8     | 52       | Compute                  | Layer 26                                                                                                                                                                                                                                                                                              | 53428.96           | 0.46                 | 53429.42           |
  | 8     | 53       | Activation Communication | Layer 26                                                                                                                                                                                                                                                                                              | 53429.42           | 0                    | 53429.42           |
  | 8     | 54       | Compute                  | Layer 27                                                                                                                                                                                                                                                                                              | 53429.42           | 0.46                 | 53429.88           |
  | 8     | 55       | Activation Communication | Layer 27                                                                                                                                                                                                                                                                                              | 53429.88           | 47.28                | 53477.16           |
  | 8     | 56       | Compute                  | Layer 28                                                                                                                                                                                                                                                                                              | 53477.16           | 1.84                 | 53478.99           |
  | 8     | 57       | Activation Communication | Layer 28                                                                                                                                                                                                                                                                                              | 53478.99           | 44.12                | 53523.12           |
  | 8     | 58       | Compute                  | Layer 29                                                                                                                                                                                                                                                                                              | 53523.12           | 5.51                 | 53528.63           |
  | 8     | 59       | Activation Communication | Layer 29                                                                                                                                                                                                                                                                                              | 53528.63           | 177.56               | 53706.18           |
  | 8     | 60       | Compute                  | Layer 30                                                                                                                                                                                                                                                                                              | 53706.18           | 5.51                 | 53711.69           |
  | 8     | 61       | Activation Communication | Layer 30                                                                                                                                                                                                                                                                                              | 53711.69           | 47.28                | 53758.97           |
  | 8     | 62       | Compute                  | Layer 31                                                                                                                                                                                                                                                                                              | 53758.97           | 4.59                 | 53763.56           |
  | 8     | 63       | Activation Communication | Layer 31                                                                                                                                                                                                                                                                                              | 53763.56           | 15.76                | 53779.32           |
  | 8     | 64       | Compute                  | Layer 32                                                                                                                                                                                                                                                                                              | 53779.32           | 0.46                 | 53779.79           |
  | 8     | 65       | Activation Communication | Layer 32                                                                                                                                                                                                                                                                                              | 53779.79           | 0                    | 53779.79           |
  | 8     | 66       | Compute                  | Layer 33                                                                                                                                                                                                                                                                                              | 53779.79           | 0.46                 | 53780.25           |
  | 8     | 67       | Activation Communication | Layer 33                                                                                                                                                                                                                                                                                              | 53780.25           | 47.28                | 53827.53           |
  | 8     | 68       | Compute                  | Layer 34                                                                                                                                                                                                                                                                                              | 53827.53           | 1.84                 | 53829.36           |
  | 8     | 69       | Activation Communication | Layer 34                                                                                                                                                                                                                                                                                              | 53829.36           | 44.12                | 53873.49           |
  | 8     | 70       | Compute                  | Layer 35                                                                                                                                                                                                                                                                                              | 53873.49           | 5.51                 | 53879.00           |
  | 8     | 71       | Activation Communication | Layer 35                                                                                                                                                                                                                                                                                              | 53879.00           | 177.56               | 54056.55           |
  | 8     | 72       | Compute                  | Layer 36                                                                                                                                                                                                                                                                                              | 54056.55           | 5.51                 | 54062.06           |
  | 8     | 73       | Activation Communication | Layer 36                                                                                                                                                                                                                                                                                              | 54062.06           | 47.28                | 54109.34           |
  | 8     | 74       | Compute                  | Layer 37                                                                                                                                                                                                                                                                                              | 54109.34           | 4.59                 | 54113.93           |
  | 8     | 75       | Activation Communication | Layer 37                                                                                                                                                                                                                                                                                              | 54113.93           | 137.90               | 54251.83           |
  | 8     | 76       | Compute                  | Layer 38                                                                                                                                                                                                                                                                                              | 54251.83           | 0.46                 | 54252.30           |
  | 8     | 77       | Activation Communication | Layer 38                                                                                                                                                                                                                                                                                              | 54252.30           | 12.12                | 54264.42           |
  | 8     | 78       | Compute                  | Layer 39                                                                                                                                                                                                                                                                                              | 54264.42           | 0.46                 | 54264.88           |
  | 8     | 79       | Activation Communication | Layer 39                                                                                                                                                                                                                                                                                              | 54264.88           | 28.89                | 54293.77           |
  | 8     | 80       | Compute                  | Layer 40                                                                                                                                                                                                                                                                                              | 54293.77           | 1.84                 | 54295.61           |
  | 8     | 81       | Activation Communication | Layer 40                                                                                                                                                                                                                                                                                              | 54295.61           | 47.28                | 54342.89           |
  | 8     | 82       | Compute                  | Layer 41                                                                                                                                                                                                                                                                                              | 54342.89           | 2.75                 | 54345.64           |
  | 8     | 83       | Activation Communication | Layer 41                                                                                                                                                                                                                                                                                              | 54345.64           | 204.88               | 54550.53           |
  | 8     | 84       | Compute                  | Layer 42                                                                                                                                                                                                                                                                                              | 54550.53           | 2.75                 | 54553.28           |
  | 8     | 85       | Activation Communication | Layer 42                                                                                                                                                                                                                                                                                              | 54553.28           | 39.40                | 54592.68           |
  | 8     | 86       | Compute                  | Layer 43                                                                                                                                                                                                                                                                                              | 54592.68           | 4.59                 | 54597.27           |
  | 8     | 87       | Activation Communication | Layer 43                                                                                                                                                                                                                                                                                              | 54597.27           | 0                    | 54597.27           |
  | 8     | 88       | Compute                  | Layer 44                                                                                                                                                                                                                                                                                              | 54597.27           | 0.46                 | 54597.73           |
  | 8     | 89       | Activation Communication | Layer 44                                                                                                                                                                                                                                                                                              | 54597.73           | 0                    | 54597.73           |
  | 8     | 90       | Compute                  | Layer 45                                                                                                                                                                                                                                                                                              | 54597.73           | 0.46                 | 54598.19           |
  | 8     | 91       | Activation Communication | Layer 45                                                                                                                                                                                                                                                                                              | 54598.19           | 47.28                | 54645.47           |
  | 8     | 92       | Compute                  | Layer 46                                                                                                                                                                                                                                                                                              | 54645.47           | 1.84                 | 54647.31           |
  | 8     | 93       | Activation Communication | Layer 46                                                                                                                                                                                                                                                                                              | 54647.31           | 45.96                | 54693.27           |
  | 8     | 94       | Compute                  | Layer 47                                                                                                                                                                                                                                                                                              | 54693.27           | 4.59                 | 54697.86           |
  | 8     | 95       | Activation Communication | Layer 47                                                                                                                                                                                                                                                                                              | 54697.86           | 309.59               | 55007.45           |
  | 8     | 96       | Compute                  | Layer 48                                                                                                                                                                                                                                                                                              | 55007.45           | 5.51                 | 55012.96           |
  | 8     | 97       | Activation Communication | Layer 48                                                                                                                                                                                                                                                                                              | 55012.96           | 44.39                | 55057.35           |
  | 8     | 98       | Compute                  | Layer 49                                                                                                                                                                                                                                                                                              | 55057.35           | 4.59                 | 55061.94           |
  | 8     | 99       | Activation Communication | Layer 49                                                                                                                                                                                                                                                                                              | 55061.94           | 0                    | 55061.94           |
  | 8     | 100      | Compute                  | Layer 50                                                                                                                                                                                                                                                                                              | 55061.94           | 0.46                 | 55062.40           |
  | 8     | 101      | Activation Communication | Layer 50                                                                                                                                                                                                                                                                                              | 55062.40           | 0                    | 55062.40           |
  | 8     | 102      | Compute                  | Layer 51                                                                                                                                                                                                                                                                                              | 55062.40           | 0.46                 | 55062.86           |
  | 8     | 103      | Activation Communication | Layer 51                                                                                                                                                                                                                                                                                              | 55062.86           | 47.28                | 55110.14           |
  | 8     | 104      | Compute                  | Layer 52                                                                                                                                                                                                                                                                                              | 55110.14           | 1.84                 | 55111.98           |
  | 8     | 105      | Activation Communication | Layer 52                                                                                                                                                                                                                                                                                              | 55111.98           | 46.49                | 55158.47           |
  | 8     | 106      | Compute                  | Layer 53                                                                                                                                                                                                                                                                                              | 55158.47           | 4.59                 | 55163.06           |
  | 8     | 107      | Activation Communication | Layer 53                                                                                                                                                                                                                                                                                              | 55163.06           | 312.04               | 55475.10           |
  | 8     | 108      | Compute                  | Layer 54                                                                                                                                                                                                                                                                                              | 55475.10           | 5.51                 | 55480.61           |
  | 8     | 109      | Activation Communication | Layer 54                                                                                                                                                                                                                                                                                              | 55480.61           | 45.17                | 55525.79           |
  | 8     | 110      | Compute                  | Layer 55                                                                                                                                                                                                                                                                                              | 55525.79           | 4.59                 | 55530.38           |
  | 8     | 111      | Activation Communication | Layer 55                                                                                                                                                                                                                                                                                              | 55530.38           | 0                    | 55530.38           |
  | 8     | 112      | Compute                  | Layer 56                                                                                                                                                                                                                                                                                              | 55530.38           | 0.46                 | 55530.84           |
  | 8     | 113      | Activation Communication | Layer 56                                                                                                                                                                                                                                                                                              | 55530.84           | 0                    | 55530.84           |
  | 8     | 114      | Compute                  | Layer 57                                                                                                                                                                                                                                                                                              | 55530.84           | 0.46                 | 55531.30           |
  | 8     | 115      | Activation Communication | Layer 57                                                                                                                                                                                                                                                                                              | 55531.30           | 47.28                | 55578.58           |
  | 8     | 116      | Compute                  | Layer 58                                                                                                                                                                                                                                                                                              | 55578.58           | 1.84                 | 55580.42           |
  | 8     | 117      | Activation Communication | Layer 58                                                                                                                                                                                                                                                                                              | 55580.42           | 46.49                | 55626.90           |
  | 8     | 118      | Compute                  | Layer 59                                                                                                                                                                                                                                                                                              | 55626.90           | 4.59                 | 55631.49           |
  | 8     | 119      | Activation Communication | Layer 59                                                                                                                                                                                                                                                                                              | 55631.49           | 174.41               | 55805.90           |
  | 8     | 120      | Compute                  | Layer 60                                                                                                                                                                                                                                                                                              | 55805.90           | 5.51                 | 55811.41           |
  | 8     | 121      | Activation Communication | Layer 60                                                                                                                                                                                                                                                                                              | 55811.41           | 47.28                | 55858.69           |
  | 8     | 122      | Compute                  | Layer 61                                                                                                                                                                                                                                                                                              | 55858.69           | 4.59                 | 55863.28           |
  | 8     | 123      | Activation Communication | Layer 61                                                                                                                                                                                                                                                                                              | 55863.28           | 15.76                | 55879.04           |
  | 8     | 124      | Compute                  | Layer 62                                                                                                                                                                                                                                                                                              | 55879.04           | 0.46                 | 55879.50           |
  | 8     | 125      | Activation Communication | Layer 62                                                                                                                                                                                                                                                                                              | 55879.50           | 0                    | 55879.50           |
  | 8     | 126      | Compute                  | Layer 63                                                                                                                                                                                                                                                                                              | 55879.50           | 0.46                 | 55879.96           |
  | 8     | 127      | Activation Communication | Layer 63                                                                                                                                                                                                                                                                                              | 55879.96           | 47.28                | 55927.24           |
  | 8     | 128      | Compute                  | Layer 64                                                                                                                                                                                                                                                                                              | 55927.24           | 1.84                 | 55929.08           |
  | 8     | 129      | Activation Communication | Layer 64                                                                                                                                                                                                                                                                                              | 55929.08           | 44.12                | 55973.20           |
  | 8     | 130      | Compute                  | Layer 65                                                                                                                                                                                                                                                                                              | 55973.20           | 5.51                 | 55978.71           |
  | 8     | 131      | Activation Communication | Layer 65                                                                                                                                                                                                                                                                                              | 55978.71           | 177.56               | 56156.27           |
  | 8     | 132      | Compute                  | Layer 66                                                                                                                                                                                                                                                                                              | 56156.27           | 5.51                 | 56161.78           |
  | 8     | 133      | Activation Communication | Layer 66                                                                                                                                                                                                                                                                                              | 56161.78           | 47.28                | 56209.06           |
  | 8     | 134      | Compute                  | Layer 67                                                                                                                                                                                                                                                                                              | 56209.06           | 4.59                 | 56213.65           |
  | 8     | 135      | Activation Communication | Layer 67                                                                                                                                                                                                                                                                                              | 56213.65           | 15.76                | 56229.41           |
  | 8     | 136      | Compute                  | Layer 68                                                                                                                                                                                                                                                                                              | 56229.41           | 0.46                 | 56229.87           |
  | 8     | 137      | Activation Communication | Layer 68                                                                                                                                                                                                                                                                                              | 56229.87           | 0                    | 56229.87           |
  | 8     | 138      | Compute                  | Layer 69                                                                                                                                                                                                                                                                                              | 56229.87           | 0.46                 | 56230.33           |
  | 8     | 139      | Activation Communication | Layer 69                                                                                                                                                                                                                                                                                              | 56230.33           | 47.28                | 56277.61           |
  | 8     | 140      | Compute                  | Layer 70                                                                                                                                                                                                                                                                                              | 56277.61           | 1.84                 | 56279.45           |
  | 8     | 141      | Activation Communication | Layer 70                                                                                                                                                                                                                                                                                              | 56279.45           | 44.12                | 56323.57           |
  | 8     | 142      | Compute                  | Layer 71                                                                                                                                                                                                                                                                                              | 56323.57           | 5.51                 | 56329.08           |
  | 8     | 143      | Activation Communication | Layer 71                                                                                                                                                                                                                                                                                              | 56329.08           | 177.56               | 56506.64           |
  | 8     | 144      | Compute                  | Layer 72                                                                                                                                                                                                                                                                                              | 56506.64           | 5.51                 | 56512.15           |
  | 8     | 145      | Activation Communication | Layer 72                                                                                                                                                                                                                                                                                              | 56512.15           | 47.28                | 56559.43           |
  | 8     | 146      | Compute                  | Layer 73                                                                                                                                                                                                                                                                                              | 56559.43           | 0.01                 | 56559.44           |
  | 9     | 0        | Compute                  | Layer 0                                                                                                                                                                                                                                                                                               | 56559.44           | 1.83                 | 56561.26           |
  | 9     | 1        | Activation Communication | Layer 0                                                                                                                                                                                                                                                                                               | 56561.26           | 0                    | 56561.26           |
  | 9     | 2        | Compute                  | Layer 1                                                                                                                                                                                                                                                                                               | 56561.26           | 4.59                 | 56565.85           |
  | 9     | 3        | Activation Communication | Layer 1                                                                                                                                                                                                                                                                                               | 56565.85           | 141.84               | 56707.69           |
  | 9     | 4        | Compute                  | Layer 2                                                                                                                                                                                                                                                                                               | 56707.69           | 0.46                 | 56708.16           |
  | 9     | 5        | Activation Communication | Layer 2                                                                                                                                                                                                                                                                                               | 56708.16           | 12.12                | 56720.28           |
  | 9     | 6        | Compute                  | Layer 3                                                                                                                                                                                                                                                                                               | 56720.28           | 0.46                 | 56720.74           |
  | 9     | 7        | Activation Communication | Layer 3                                                                                                                                                                                                                                                                                               | 56720.74           | 2.62                 | 56723.37           |
  | 9     | 8        | Compute                  | Layer 4                                                                                                                                                                                                                                                                                               | 56723.37           | 1.84                 | 56725.20           |
  | 9     | 9        | Activation Communication | Layer 4                                                                                                                                                                                                                                                                                               | 56725.20           | 47.28                | 56772.48           |
  | 9     | 10       | Compute                  | Layer 5                                                                                                                                                                                                                                                                                               | 56772.48           | 2.75                 | 56775.24           |
  | 9     | 11       | Activation Communication | Layer 5                                                                                                                                                                                                                                                                                               | 56775.24           | 155.49               | 56930.73           |
  | 9     | 12       | Compute                  | Layer 6                                                                                                                                                                                                                                                                                               | 56930.73           | 5.51                 | 56936.24           |
  | 9     | 13       | Activation Communication | Layer 6                                                                                                                                                                                                                                                                                               | 56936.24           | 47.28                | 56983.52           |
  | 9     | 14       | Compute                  | Layer 7                                                                                                                                                                                                                                                                                               | 56983.52           | 4.59                 | 56988.11           |
  | 9     | 15       | Activation Communication | Layer 7                                                                                                                                                                                                                                                                                               | 56988.11           | 15.76                | 57003.87           |
  | 9     | 16       | Compute                  | Layer 8                                                                                                                                                                                                                                                                                               | 57003.87           | 0.46                 | 57004.33           |
  | 9     | 17       | Activation Communication | Layer 8                                                                                                                                                                                                                                                                                               | 57004.33           | 0                    | 57004.33           |
  | 9     | 18       | Compute                  | Layer 9                                                                                                                                                                                                                                                                                               | 57004.33           | 0.46                 | 57004.80           |
  | 9     | 19       | Activation Communication | Layer 9                                                                                                                                                                                                                                                                                               | 57004.80           | 47.28                | 57052.08           |
  | 9     | 20       | Compute                  | Layer 10                                                                                                                                                                                                                                                                                              | 57052.08           | 1.84                 | 57053.91           |
  | 9     | 21       | Activation Communication | Layer 10                                                                                                                                                                                                                                                                                              | 57053.91           | 44.12                | 57098.04           |
  | 9     | 22       | Compute                  | Layer 11                                                                                                                                                                                                                                                                                              | 57098.04           | 5.51                 | 57103.54           |
  | 9     | 23       | Activation Communication | Layer 11                                                                                                                                                                                                                                                                                              | 57103.54           | 320.45               | 57424.00           |
  | 9     | 24       | Compute                  | Layer 12                                                                                                                                                                                                                                                                                              | 57424.00           | 5.51                 | 57429.51           |
  | 9     | 25       | Activation Communication | Layer 12                                                                                                                                                                                                                                                                                              | 57429.51           | 45.17                | 57474.68           |
  | 9     | 26       | Compute                  | Layer 13                                                                                                                                                                                                                                                                                              | 57474.68           | 4.59                 | 57479.27           |
  | 9     | 27       | Activation Communication | Layer 13                                                                                                                                                                                                                                                                                              | 57479.27           | 0                    | 57479.27           |
  | 9     | 28       | Compute                  | Layer 14                                                                                                                                                                                                                                                                                              | 57479.27           | 0.46                 | 57479.73           |
  | 9     | 29       | Activation Communication | Layer 14                                                                                                                                                                                                                                                                                              | 57479.73           | 0                    | 57479.73           |
  | 9     | 30       | Compute                  | Layer 15                                                                                                                                                                                                                                                                                              | 57479.73           | 0.46                 | 57480.19           |
  | 9     | 31       | Activation Communication | Layer 15                                                                                                                                                                                                                                                                                              | 57480.19           | 47.28                | 57527.47           |
  | 9     | 32       | Compute                  | Layer 16                                                                                                                                                                                                                                                                                              | 57527.47           | 1.84                 | 57529.31           |
  | 9     | 33       | Activation Communication | Layer 16                                                                                                                                                                                                                                                                                              | 57529.31           | 46.49                | 57575.80           |
  | 9     | 34       | Compute                  | Layer 17                                                                                                                                                                                                                                                                                              | 57575.80           | 4.59                 | 57580.39           |
  | 9     | 35       | Activation Communication | Layer 17                                                                                                                                                                                                                                                                                              | 57580.39           | 174.41               | 57754.80           |
  | 9     | 36       | Compute                  | Layer 18                                                                                                                                                                                                                                                                                              | 57754.80           | 5.51                 | 57760.30           |
  | 9     | 37       | Activation Communication | Layer 18                                                                                                                                                                                                                                                                                              | 57760.30           | 47.28                | 57807.58           |
  | 9     | 38       | Compute                  | Layer 19                                                                                                                                                                                                                                                                                              | 57807.58           | 4.59                 | 57812.18           |
  | 9     | 39       | Activation Communication | Layer 19                                                                                                                                                                                                                                                                                              | 57812.18           | 15.76                | 57827.94           |
  | 9     | 40       | Compute                  | Layer 20                                                                                                                                                                                                                                                                                              | 57827.94           | 0.46                 | 57828.40           |
  | 9     | 41       | Activation Communication | Layer 20                                                                                                                                                                                                                                                                                              | 57828.40           | 0                    | 57828.40           |
  | 9     | 42       | Compute                  | Layer 21                                                                                                                                                                                                                                                                                              | 57828.40           | 0.46                 | 57828.86           |
  | 9     | 43       | Activation Communication | Layer 21                                                                                                                                                                                                                                                                                              | 57828.86           | 47.28                | 57876.14           |
  | 9     | 44       | Compute                  | Layer 22                                                                                                                                                                                                                                                                                              | 57876.14           | 1.84                 | 57877.97           |
  | 9     | 45       | Activation Communication | Layer 22                                                                                                                                                                                                                                                                                              | 57877.97           | 42.02                | 57920.00           |
  | 9     | 46       | Compute                  | Layer 23                                                                                                                                                                                                                                                                                              | 57920.00           | 5.51                 | 57925.51           |
  | 9     | 47       | Activation Communication | Layer 23                                                                                                                                                                                                                                                                                              | 57925.51           | 177.56               | 58103.06           |
  | 9     | 48       | Compute                  | Layer 24                                                                                                                                                                                                                                                                                              | 58103.06           | 5.51                 | 58108.57           |
  | 9     | 49       | Activation Communication | Layer 24                                                                                                                                                                                                                                                                                              | 58108.57           | 47.28                | 58155.85           |
  | 9     | 50       | Compute                  | Layer 25                                                                                                                                                                                                                                                                                              | 58155.85           | 4.59                 | 58160.44           |
  | 9     | 51       | Activation Communication | Layer 25                                                                                                                                                                                                                                                                                              | 58160.44           | 15.76                | 58176.20           |
  | 9     | 52       | Compute                  | Layer 26                                                                                                                                                                                                                                                                                              | 58176.20           | 0.46                 | 58176.67           |
  | 9     | 53       | Activation Communication | Layer 26                                                                                                                                                                                                                                                                                              | 58176.67           | 0                    | 58176.67           |
  | 9     | 54       | Compute                  | Layer 27                                                                                                                                                                                                                                                                                              | 58176.67           | 0.46                 | 58177.13           |
  | 9     | 55       | Activation Communication | Layer 27                                                                                                                                                                                                                                                                                              | 58177.13           | 47.28                | 58224.41           |
  | 9     | 56       | Compute                  | Layer 28                                                                                                                                                                                                                                                                                              | 58224.41           | 1.84                 | 58226.24           |
  | 9     | 57       | Activation Communication | Layer 28                                                                                                                                                                                                                                                                                              | 58226.24           | 44.12                | 58270.37           |
  | 9     | 58       | Compute                  | Layer 29                                                                                                                                                                                                                                                                                              | 58270.37           | 5.51                 | 58275.88           |
  | 9     | 59       | Activation Communication | Layer 29                                                                                                                                                                                                                                                                                              | 58275.88           | 177.56               | 58453.43           |
  | 9     | 60       | Compute                  | Layer 30                                                                                                                                                                                                                                                                                              | 58453.43           | 5.51                 | 58458.94           |
  | 9     | 61       | Activation Communication | Layer 30                                                                                                                                                                                                                                                                                              | 58458.94           | 47.28                | 58506.22           |
  | 9     | 62       | Compute                  | Layer 31                                                                                                                                                                                                                                                                                              | 58506.22           | 4.59                 | 58510.81           |
  | 9     | 63       | Activation Communication | Layer 31                                                                                                                                                                                                                                                                                              | 58510.81           | 15.76                | 58526.57           |
  | 9     | 64       | Compute                  | Layer 32                                                                                                                                                                                                                                                                                              | 58526.57           | 0.46                 | 58527.03           |
  | 9     | 65       | Activation Communication | Layer 32                                                                                                                                                                                                                                                                                              | 58527.03           | 0                    | 58527.03           |
  | 9     | 66       | Compute                  | Layer 33                                                                                                                                                                                                                                                                                              | 58527.03           | 0.46                 | 58527.50           |
  | 9     | 67       | Activation Communication | Layer 33                                                                                                                                                                                                                                                                                              | 58527.50           | 47.28                | 58574.78           |
  | 9     | 68       | Compute                  | Layer 34                                                                                                                                                                                                                                                                                              | 58574.78           | 1.84                 | 58576.61           |
  | 9     | 69       | Activation Communication | Layer 34                                                                                                                                                                                                                                                                                              | 58576.61           | 44.12                | 58620.74           |
  | 9     | 70       | Compute                  | Layer 35                                                                                                                                                                                                                                                                                              | 58620.74           | 5.51                 | 58626.24           |
  | 9     | 71       | Activation Communication | Layer 35                                                                                                                                                                                                                                                                                              | 58626.24           | 177.56               | 58803.80           |
  | 9     | 72       | Compute                  | Layer 36                                                                                                                                                                                                                                                                                              | 58803.80           | 5.51                 | 58809.31           |
  | 9     | 73       | Activation Communication | Layer 36                                                                                                                                                                                                                                                                                              | 58809.31           | 47.28                | 58856.59           |
  | 9     | 74       | Compute                  | Layer 37                                                                                                                                                                                                                                                                                              | 58856.59           | 4.59                 | 58861.18           |
  | 9     | 75       | Activation Communication | Layer 37                                                                                                                                                                                                                                                                                              | 58861.18           | 137.90               | 58999.08           |
  | 9     | 76       | Compute                  | Layer 38                                                                                                                                                                                                                                                                                              | 58999.08           | 0.46                 | 58999.54           |
  | 9     | 77       | Activation Communication | Layer 38                                                                                                                                                                                                                                                                                              | 58999.54           | 12.12                | 59011.67           |
  | 9     | 78       | Compute                  | Layer 39                                                                                                                                                                                                                                                                                              | 59011.67           | 0.46                 | 59012.13           |
  | 9     | 79       | Activation Communication | Layer 39                                                                                                                                                                                                                                                                                              | 59012.13           | 28.89                | 59041.02           |
  | 9     | 80       | Compute                  | Layer 40                                                                                                                                                                                                                                                                                              | 59041.02           | 1.84                 | 59042.86           |
  | 9     | 81       | Activation Communication | Layer 40                                                                                                                                                                                                                                                                                              | 59042.86           | 47.28                | 59090.14           |
  | 9     | 82       | Compute                  | Layer 41                                                                                                                                                                                                                                                                                              | 59090.14           | 2.75                 | 59092.89           |
  | 9     | 83       | Activation Communication | Layer 41                                                                                                                                                                                                                                                                                              | 59092.89           | 204.88               | 59297.78           |
  | 9     | 84       | Compute                  | Layer 42                                                                                                                                                                                                                                                                                              | 59297.78           | 2.75                 | 59300.53           |
  | 9     | 85       | Activation Communication | Layer 42                                                                                                                                                                                                                                                                                              | 59300.53           | 39.40                | 59339.93           |
  | 9     | 86       | Compute                  | Layer 43                                                                                                                                                                                                                                                                                              | 59339.93           | 4.59                 | 59344.52           |
  | 9     | 87       | Activation Communication | Layer 43                                                                                                                                                                                                                                                                                              | 59344.52           | 0                    | 59344.52           |
  | 9     | 88       | Compute                  | Layer 44                                                                                                                                                                                                                                                                                              | 59344.52           | 0.46                 | 59344.98           |
  | 9     | 89       | Activation Communication | Layer 44                                                                                                                                                                                                                                                                                              | 59344.98           | 0                    | 59344.98           |
  | 9     | 90       | Compute                  | Layer 45                                                                                                                                                                                                                                                                                              | 59344.98           | 0.46                 | 59345.44           |
  | 9     | 91       | Activation Communication | Layer 45                                                                                                                                                                                                                                                                                              | 59345.44           | 47.28                | 59392.72           |
  | 9     | 92       | Compute                  | Layer 46                                                                                                                                                                                                                                                                                              | 59392.72           | 1.84                 | 59394.56           |
  | 9     | 93       | Activation Communication | Layer 46                                                                                                                                                                                                                                                                                              | 59394.56           | 45.96                | 59440.52           |
  | 9     | 94       | Compute                  | Layer 47                                                                                                                                                                                                                                                                                              | 59440.52           | 4.59                 | 59445.11           |
  | 9     | 95       | Activation Communication | Layer 47                                                                                                                                                                                                                                                                                              | 59445.11           | 309.59               | 59754.70           |
  | 9     | 96       | Compute                  | Layer 48                                                                                                                                                                                                                                                                                              | 59754.70           | 5.51                 | 59760.21           |
  | 9     | 97       | Activation Communication | Layer 48                                                                                                                                                                                                                                                                                              | 59760.21           | 44.39                | 59804.60           |
  | 9     | 98       | Compute                  | Layer 49                                                                                                                                                                                                                                                                                              | 59804.60           | 4.59                 | 59809.19           |
  | 9     | 99       | Activation Communication | Layer 49                                                                                                                                                                                                                                                                                              | 59809.19           | 0                    | 59809.19           |
  | 9     | 100      | Compute                  | Layer 50                                                                                                                                                                                                                                                                                              | 59809.19           | 0.46                 | 59809.65           |
  | 9     | 101      | Activation Communication | Layer 50                                                                                                                                                                                                                                                                                              | 59809.65           | 0                    | 59809.65           |
  | 9     | 102      | Compute                  | Layer 51                                                                                                                                                                                                                                                                                              | 59809.65           | 0.46                 | 59810.11           |
  | 9     | 103      | Activation Communication | Layer 51                                                                                                                                                                                                                                                                                              | 59810.11           | 47.28                | 59857.39           |
  | 9     | 104      | Compute                  | Layer 52                                                                                                                                                                                                                                                                                              | 59857.39           | 1.84                 | 59859.23           |
  | 9     | 105      | Activation Communication | Layer 52                                                                                                                                                                                                                                                                                              | 59859.23           | 46.49                | 59905.72           |
  | 9     | 106      | Compute                  | Layer 53                                                                                                                                                                                                                                                                                              | 59905.72           | 4.59                 | 59910.31           |
  | 9     | 107      | Activation Communication | Layer 53                                                                                                                                                                                                                                                                                              | 59910.31           | 312.04               | 60222.35           |
  | 9     | 108      | Compute                  | Layer 54                                                                                                                                                                                                                                                                                              | 60222.35           | 5.51                 | 60227.86           |
  | 9     | 109      | Activation Communication | Layer 54                                                                                                                                                                                                                                                                                              | 60227.86           | 45.17                | 60273.03           |
  | 9     | 110      | Compute                  | Layer 55                                                                                                                                                                                                                                                                                              | 60273.03           | 4.59                 | 60277.63           |
  | 9     | 111      | Activation Communication | Layer 55                                                                                                                                                                                                                                                                                              | 60277.63           | 0                    | 60277.63           |
  | 9     | 112      | Compute                  | Layer 56                                                                                                                                                                                                                                                                                              | 60277.63           | 0.46                 | 60278.09           |
  | 9     | 113      | Activation Communication | Layer 56                                                                                                                                                                                                                                                                                              | 60278.09           | 0                    | 60278.09           |
  | 9     | 114      | Compute                  | Layer 57                                                                                                                                                                                                                                                                                              | 60278.09           | 0.46                 | 60278.55           |
  | 9     | 115      | Activation Communication | Layer 57                                                                                                                                                                                                                                                                                              | 60278.55           | 47.28                | 60325.83           |
  | 9     | 116      | Compute                  | Layer 58                                                                                                                                                                                                                                                                                              | 60325.83           | 1.84                 | 60327.66           |
  | 9     | 117      | Activation Communication | Layer 58                                                                                                                                                                                                                                                                                              | 60327.66           | 46.49                | 60374.15           |
  | 9     | 118      | Compute                  | Layer 59                                                                                                                                                                                                                                                                                              | 60374.15           | 4.59                 | 60378.74           |
  | 9     | 119      | Activation Communication | Layer 59                                                                                                                                                                                                                                                                                              | 60378.74           | 174.41               | 60553.15           |
  | 9     | 120      | Compute                  | Layer 60                                                                                                                                                                                                                                                                                              | 60553.15           | 5.51                 | 60558.66           |
  | 9     | 121      | Activation Communication | Layer 60                                                                                                                                                                                                                                                                                              | 60558.66           | 47.28                | 60605.94           |
  | 9     | 122      | Compute                  | Layer 61                                                                                                                                                                                                                                                                                              | 60605.94           | 4.59                 | 60610.53           |
  | 9     | 123      | Activation Communication | Layer 61                                                                                                                                                                                                                                                                                              | 60610.53           | 15.76                | 60626.29           |
  | 9     | 124      | Compute                  | Layer 62                                                                                                                                                                                                                                                                                              | 60626.29           | 0.46                 | 60626.75           |
  | 9     | 125      | Activation Communication | Layer 62                                                                                                                                                                                                                                                                                              | 60626.75           | 0                    | 60626.75           |
  | 9     | 126      | Compute                  | Layer 63                                                                                                                                                                                                                                                                                              | 60626.75           | 0.46                 | 60627.21           |
  | 9     | 127      | Activation Communication | Layer 63                                                                                                                                                                                                                                                                                              | 60627.21           | 47.28                | 60674.49           |
  | 9     | 128      | Compute                  | Layer 64                                                                                                                                                                                                                                                                                              | 60674.49           | 1.84                 | 60676.33           |
  | 9     | 129      | Activation Communication | Layer 64                                                                                                                                                                                                                                                                                              | 60676.33           | 44.12                | 60720.45           |
  | 9     | 130      | Compute                  | Layer 65                                                                                                                                                                                                                                                                                              | 60720.45           | 5.51                 | 60725.96           |
  | 9     | 131      | Activation Communication | Layer 65                                                                                                                                                                                                                                                                                              | 60725.96           | 177.56               | 60903.52           |
  | 9     | 132      | Compute                  | Layer 66                                                                                                                                                                                                                                                                                              | 60903.52           | 5.51                 | 60909.03           |
  | 9     | 133      | Activation Communication | Layer 66                                                                                                                                                                                                                                                                                              | 60909.03           | 47.28                | 60956.31           |
  | 9     | 134      | Compute                  | Layer 67                                                                                                                                                                                                                                                                                              | 60956.31           | 4.59                 | 60960.90           |
  | 9     | 135      | Activation Communication | Layer 67                                                                                                                                                                                                                                                                                              | 60960.90           | 15.76                | 60976.66           |
  | 9     | 136      | Compute                  | Layer 68                                                                                                                                                                                                                                                                                              | 60976.66           | 0.46                 | 60977.12           |
  | 9     | 137      | Activation Communication | Layer 68                                                                                                                                                                                                                                                                                              | 60977.12           | 0                    | 60977.12           |
  | 9     | 138      | Compute                  | Layer 69                                                                                                                                                                                                                                                                                              | 60977.12           | 0.46                 | 60977.58           |
  | 9     | 139      | Activation Communication | Layer 69                                                                                                                                                                                                                                                                                              | 60977.58           | 47.28                | 61024.86           |
  | 9     | 140      | Compute                  | Layer 70                                                                                                                                                                                                                                                                                              | 61024.86           | 1.84                 | 61026.70           |
  | 9     | 141      | Activation Communication | Layer 70                                                                                                                                                                                                                                                                                              | 61026.70           | 44.12                | 61070.82           |
  | 9     | 142      | Compute                  | Layer 71                                                                                                                                                                                                                                                                                              | 61070.82           | 5.51                 | 61076.33           |
  | 9     | 143      | Activation Communication | Layer 71                                                                                                                                                                                                                                                                                              | 61076.33           | 177.56               | 61253.89           |
  | 9     | 144      | Compute                  | Layer 72                                                                                                                                                                                                                                                                                              | 61253.89           | 5.51                 | 61259.40           |
  | 9     | 145      | Activation Communication | Layer 72                                                                                                                                                                                                                                                                                              | 61259.40           | 47.28                | 61306.68           |
  | 9     | 146      | Compute                  | Layer 73                                                                                                                                                                                                                                                                                              | 61306.68           | 0.01                 | 61306.69           |
  +-------+----------+--------------------------+-------------------------------------------------------------------------------------------------------------------------------------------------------------------------------------------------------------------------------------------------------------------------------------------------------+--------------------+----------------------+--------------------+

Weight Loading Schedule:
--------------------------------------------------
  Weight Loading Schedule Table:

  +-------+-------+------------+---------------+-----------------+--------------------+
  | Input | Op ID | Start (μs) | Duration (μs) | Completion (μs) | Next Compute Layer |
  +-------+-------+------------+---------------+-----------------+--------------------+
  | 0     | 147   | 0.00       | 13834.20      | 13834.20        | Input 0, Layer 0   |
  +-------+-------+------------+---------------+-----------------+--------------------+

Weight Loading Traffic (bytes):
--------------------------------------------------
  Weight Loading Traffic Table:

  +-------+-------+-------------------------------------------------------------------------------------------------------------------------------------------------------------------------------------------------------------------------------------------------------------------------------------------------------------------------------------------------------------------------------------------------------------------------------------------------------------------------------------------------------------------------------------------------------------------------------+
  | Input | Op ID | Traffic                                                                                                                                                                                                                                                                                                                                                                                                                                                                                                                                                                       |
  +-------+-------+-------------------------------------------------------------------------------------------------------------------------------------------------------------------------------------------------------------------------------------------------------------------------------------------------------------------------------------------------------------------------------------------------------------------------------------------------------------------------------------------------------------------------------------------------------------------------------+
  | 0     | 147   | {1: {2: 147456, 3: 118784, 4: 65536, 13: 153600, 12: 112640, 11: 153599, 21: 153599, 22: 16384, 31: 112640, 32: 153600, 33: 28671, 42: 153600, 41: 112640, 44: 153599, 34: 22527, 43: 153600}, 91: {51: 153599, 52: 139263, 61: 153600, 62: 112640, 63: 153599, 53: 126975, 64: 153600, 54: 112640, 72: 153600, 55: 61439, 71: 112640, 81: 153600, 82: 153599, 83: 153599, 92: 112640, 93: 153600, 94: 45055, 73: 112640, 74: 153600, 75: 28671, 84: 153600, 85: 112640}, 100: {86: 153599, 76: 22527, 87: 153600, 77: 112640, 67: 153599, 57: 22527, 66: 153456, 56: 42000}} |
  +-------+-------+-------------------------------------------------------------------------------------------------------------------------------------------------------------------------------------------------------------------------------------------------------------------------------------------------------------------------------------------------------------------------------------------------------------------------------------------------------------------------------------------------------------------------------------------------------------------------------+

Activation Communication Traffic (bytes):
--------------------------------------------------
  Activation Communication Traffic Table:

  +-------+-----------------------------------------------+
  | Layer | Traffic                                       |
  +-------+-----------------------------------------------+
  | 0     | {2: {}}                                       |
  | 1     | {2: {3: 28368}}                               |
  | 2     | {2: {3: 2425}}                                |
  | 3     | {2: {3: 525}, 3: {}}                          |
  | 4     | {3: {4: 9456}}                                |
  | 5     | {3: {13: 21013}, 4: {13: 16810}}              |
  | 6     | {13: {12: 9456}}                              |
  | 7     | {12: {}, 13: {12: 3152}}                      |
  | 8     | {12: {}}                                      |
  | 9     | {12: {11: 9456}}                              |
  | 10    | {11: {21: 7354}, 12: {11: 2101, 21: 2101}}    |
  | 11    | {11: {21: 32045, 22: 32045}, 21: {22: 5778}}  |
  | 12    | {21: {31: 8405}, 22: {31: 1050}}              |
  | 13    | {31: {}}                                      |
  | 14    | {31: {}}                                      |
  | 15    | {31: {32: 9456}}                              |
  | 16    | {31: {32: 525, 33: 525}, 32: {33: 8930}}      |
  | 17    | {32: {42: 30469}, 33: {42: 7354}}             |
  | 18    | {42: {41: 9456}}                              |
  | 19    | {41: {}, 42: {41: 3152}}                      |
  | 20    | {41: {}}                                      |
  | 21    | {41: {51: 9456}}                              |
  | 22    | {41: {51: 2101, 52: 2101}, 51: {52: 7354}}    |
  | 23    | {51: {61: 32045}, 52: {61: 5778}}             |
  | 24    | {61: {62: 9456}}                              |
  | 25    | {61: {62: 3152}, 62: {}}                      |
  | 26    | {62: {}}                                      |
  | 27    | {62: {63: 9456}}                              |
  | 28    | {62: {53: 2101, 63: 2101}, 63: {53: 7354}}    |
  | 29    | {53: {64: 5778}, 63: {64: 32045}}             |
  | 30    | {64: {54: 9456}}                              |
  | 31    | {54: {}, 64: {54: 3152}}                      |
  | 32    | {54: {}}                                      |
  | 33    | {54: {44: 9456}}                              |
  | 34    | {44: {34: 7354}, 54: {34: 2101, 44: 2101}}    |
  | 35    | {34: {43: 5778}, 44: {43: 32045}}             |
  | 36    | {43: {53: 9456}}                              |
  | 37    | {43: {53: 3152, 52: 1576}, 53: {52: 26792}}   |
  | 38    | {53: {52: 2425}}                              |
  | 39    | {52: {}, 53: {52: 5778}}                      |
  | 40    | {52: {72: 9456}}                              |
  | 41    | {52: {55: 20488, 72: 20488}, 72: {55: 17336}} |
  | 42    | {55: {71: 3939}, 72: {71: 5516}}              |
  | 43    | {71: {}}                                      |
  | 44    | {71: {}}                                      |
  | 45    | {71: {81: 9456}}                              |
  | 46    | {71: {81: 525, 82: 525}, 81: {82: 8930}}      |
  | 47    | {81: {82: 30469, 83: 30469}, 82: {83: 7354}}  |
  | 48    | {82: {92: 8011}, 83: {92: 1444}}              |
  | 49    | {92: {}}                                      |
  | 50    | {92: {}}                                      |
  | 51    | {92: {93: 9456}}                              |
  | 52    | {92: {93: 525, 94: 525}, 93: {94: 8930}}      |
  | 53    | {93: {83: 30469, 94: 30469}, 94: {83: 7354}}  |
  | 54    | {83: {73: 8405}, 94: {73: 1050}}              |
  | 55    | {73: {}}                                      |
  | 56    | {73: {}}                                      |
  | 57    | {73: {74: 9456}}                              |
  | 58    | {73: {74: 525, 75: 525}, 74: {75: 8930}}      |
  | 59    | {74: {84: 30469}, 75: {84: 7354}}             |
  | 60    | {84: {85: 9456}}                              |
  | 61    | {84: {85: 3152}, 85: {}}                      |
  | 62    | {85: {}}                                      |
  | 63    | {85: {86: 9456}}                              |
  | 64    | {85: {76: 2101, 86: 2101}, 86: {76: 7354}}    |
  | 65    | {76: {87: 5778}, 86: {87: 32045}}             |
  | 66    | {87: {77: 9456}}                              |
  | 67    | {77: {}, 87: {77: 3152}}                      |
  | 68    | {77: {}}                                      |
  | 69    | {77: {67: 9456}}                              |
  | 70    | {67: {57: 7354}, 77: {57: 2101, 67: 2101}}    |
  | 71    | {57: {66: 5778}, 67: {66: 32045}}             |
  | 72    | {66: {56: 9456}}                              |
  | 73    | {}                                            |
  +-------+-----------------------------------------------+

Communication Co-active Layers:
--------------------------------------------------
  No co-active layers detected for this model

Communication Co-active Traffic:
--------------------------------------------------
  Co-active Traffic Table:

  +----------+-----------+-------+-------+-------+-------+--------------------------+---------------+-------------------+
  | Sim Call | Time (μs) | Model | Input | Layer | Phase | Type                     | Next Layer    | Co-active Traffic |
  +----------+-----------+-------+-------+-------+-------+--------------------------+---------------+-------------------+
  | 1        | 0.00      | 1     | 0     | 0     | 147   | Weight Loading           | Next: Layer 0 | {}                |
  | 2        | 13842.00  | 1     | 0     | 1     | 3     | Activation Communication |               | {}                |
  | 3        | 13986.00  | 1     | 0     | 2     | 5     | Activation Communication |               | {}                |
  | 4        | 13999.00  | 1     | 0     | 3     | 7     | Activation Communication |               | {}                |
  | 5        | 14003.00  | 1     | 0     | 4     | 9     | Activation Communication |               | {}                |
  | 6        | 14051.00  | 1     | 0     | 5     | 11    | Activation Communication |               | {}                |
  | 7        | 14213.00  | 1     | 0     | 6     | 13    | Activation Communication |               | {}                |
  | 8        | 14264.00  | 1     | 0     | 7     | 15    | Activation Communication |               | {}                |
  | 9        | 14285.00  | 1     | 0     | 9     | 19    | Activation Communication |               | {}                |
  | 10       | 14330.00  | 1     | 0     | 10    | 21    | Activation Communication |               | {}                |
  | 11       | 14380.00  | 1     | 0     | 11    | 23    | Activation Communication |               | {}                |
  | 12       | 14706.00  | 1     | 0     | 12    | 25    | Activation Communication |               | {}                |
  | 13       | 14762.00  | 1     | 0     | 15    | 31    | Activation Communication |               | {}                |
  | 14       | 14806.00  | 1     | 0     | 16    | 33    | Activation Communication |               | {}                |
  | 15       | 14857.00  | 1     | 0     | 17    | 35    | Activation Communication |               | {}                |
  | 16       | 15037.00  | 1     | 0     | 18    | 37    | Activation Communication |               | {}                |
  | 17       | 15088.00  | 1     | 0     | 19    | 39    | Activation Communication |               | {}                |
  | 18       | 15109.00  | 1     | 0     | 21    | 43    | Activation Communication |               | {}                |
  | 19       | 15154.00  | 1     | 0     | 22    | 45    | Activation Communication |               | {}                |
  | 20       | 15202.00  | 1     | 0     | 23    | 47    | Activation Communication |               | {}                |
  | 21       | 15385.00  | 1     | 0     | 24    | 49    | Activation Communication |               | {}                |
  | 22       | 15437.00  | 1     | 0     | 25    | 51    | Activation Communication |               | {}                |
  | 23       | 15457.00  | 1     | 0     | 27    | 55    | Activation Communication |               | {}                |
  | 24       | 15503.00  | 1     | 0     | 28    | 57    | Activation Communication |               | {}                |
  | 25       | 15552.00  | 1     | 0     | 29    | 59    | Activation Communication |               | {}                |
  | 26       | 15735.00  | 1     | 0     | 30    | 61    | Activation Communication |               | {}                |
  | 27       | 15787.00  | 1     | 0     | 31    | 63    | Activation Communication |               | {}                |
  | 28       | 15808.00  | 1     | 0     | 33    | 67    | Activation Communication |               | {}                |
  | 29       | 15853.00  | 1     | 0     | 34    | 69    | Activation Communication |               | {}                |
  | 30       | 15903.00  | 1     | 0     | 35    | 71    | Activation Communication |               | {}                |
  | 31       | 16086.00  | 1     | 0     | 36    | 73    | Activation Communication |               | {}                |
  | 32       | 16137.00  | 1     | 0     | 37    | 75    | Activation Communication |               | {}                |
  | 33       | 16277.00  | 1     | 0     | 38    | 77    | Activation Communication |               | {}                |
  | 34       | 16290.00  | 1     | 0     | 39    | 79    | Activation Communication |               | {}                |
  | 35       | 16319.00  | 1     | 0     | 40    | 81    | Activation Communication |               | {}                |
  | 36       | 16369.00  | 1     | 0     | 41    | 83    | Activation Communication |               | {}                |
  | 37       | 16577.00  | 1     | 0     | 42    | 85    | Activation Communication |               | {}                |
  | 38       | 16627.00  | 1     | 0     | 45    | 91    | Activation Communication |               | {}                |
  | 39       | 16671.00  | 1     | 0     | 46    | 93    | Activation Communication |               | {}                |
  | 40       | 16721.00  | 1     | 0     | 47    | 95    | Activation Communication |               | {}                |
  | 41       | 17036.00  | 1     | 0     | 48    | 97    | Activation Communication |               | {}                |
  | 42       | 17091.00  | 1     | 0     | 51    | 103   | Activation Communication |               | {}                |
  | 43       | 17136.00  | 1     | 0     | 52    | 105   | Activation Communication |               | {}                |
  | 44       | 17187.00  | 1     | 0     | 53    | 107   | Activation Communication |               | {}                |
  | 45       | 17504.00  | 1     | 0     | 54    | 109   | Activation Communication |               | {}                |
  | 46       | 17560.00  | 1     | 0     | 57    | 115   | Activation Communication |               | {}                |
  | 47       | 17604.00  | 1     | 0     | 58    | 117   | Activation Communication |               | {}                |
  | 48       | 17655.00  | 1     | 0     | 59    | 119   | Activation Communication |               | {}                |
  | 49       | 17835.00  | 1     | 0     | 60    | 121   | Activation Communication |               | {}                |
  | 50       | 17887.00  | 1     | 0     | 61    | 123   | Activation Communication |               | {}                |
  | 51       | 17908.00  | 1     | 0     | 63    | 127   | Activation Communication |               | {}                |
  | 52       | 17953.00  | 1     | 0     | 64    | 129   | Activation Communication |               | {}                |
  | 53       | 18002.00  | 1     | 0     | 65    | 131   | Activation Communication |               | {}                |
  | 54       | 18185.00  | 1     | 0     | 66    | 133   | Activation Communication |               | {}                |
  | 55       | 18237.00  | 1     | 0     | 67    | 135   | Activation Communication |               | {}                |
  | 56       | 18258.00  | 1     | 0     | 69    | 139   | Activation Communication |               | {}                |
  | 57       | 18303.00  | 1     | 0     | 70    | 141   | Activation Communication |               | {}                |
  | 58       | 18353.00  | 1     | 0     | 71    | 143   | Activation Communication |               | {}                |
  | 59       | 18536.00  | 1     | 0     | 72    | 145   | Activation Communication |               | {}                |
  | 60       | 18590.00  | 1     | 1     | 1     | 3     | Activation Communication |               | {}                |
  | 61       | 18733.00  | 1     | 1     | 2     | 5     | Activation Communication |               | {}                |
  | 62       | 18746.00  | 1     | 1     | 3     | 7     | Activation Communication |               | {}                |
  | 63       | 18750.00  | 1     | 1     | 4     | 9     | Activation Communication |               | {}                |
  | 64       | 18799.00  | 1     | 1     | 5     | 11    | Activation Communication |               | {}                |
  | 65       | 18960.00  | 1     | 1     | 6     | 13    | Activation Communication |               | {}                |
  | 66       | 19012.00  | 1     | 1     | 7     | 15    | Activation Communication |               | {}                |
  | 67       | 19032.00  | 1     | 1     | 9     | 19    | Activation Communication |               | {}                |
  | 68       | 19078.00  | 1     | 1     | 10    | 21    | Activation Communication |               | {}                |
  | 69       | 19127.00  | 1     | 1     | 11    | 23    | Activation Communication |               | {}                |
  | 70       | 19453.00  | 1     | 1     | 12    | 25    | Activation Communication |               | {}                |
  | 71       | 19509.00  | 1     | 1     | 15    | 31    | Activation Communication |               | {}                |
  | 72       | 19553.00  | 1     | 1     | 16    | 33    | Activation Communication |               | {}                |
  | 73       | 19604.00  | 1     | 1     | 17    | 35    | Activation Communication |               | {}                |
  | 74       | 19784.00  | 1     | 1     | 18    | 37    | Activation Communication |               | {}                |
  | 75       | 19836.00  | 1     | 1     | 19    | 39    | Activation Communication |               | {}                |
  | 76       | 19856.00  | 1     | 1     | 21    | 43    | Activation Communication |               | {}                |
  | 77       | 19902.00  | 1     | 1     | 22    | 45    | Activation Communication |               | {}                |
  | 78       | 19949.00  | 1     | 1     | 23    | 47    | Activation Communication |               | {}                |
  | 79       | 20132.00  | 1     | 1     | 24    | 49    | Activation Communication |               | {}                |
  | 80       | 20184.00  | 1     | 1     | 25    | 51    | Activation Communication |               | {}                |
  | 81       | 20205.00  | 1     | 1     | 27    | 55    | Activation Communication |               | {}                |
  | 82       | 20250.00  | 1     | 1     | 28    | 57    | Activation Communication |               | {}                |
  | 83       | 20299.00  | 1     | 1     | 29    | 59    | Activation Communication |               | {}                |
  | 84       | 20482.00  | 1     | 1     | 30    | 61    | Activation Communication |               | {}                |
  | 85       | 20534.00  | 1     | 1     | 31    | 63    | Activation Communication |               | {}                |
  | 86       | 20555.00  | 1     | 1     | 33    | 67    | Activation Communication |               | {}                |
  | 87       | 20600.00  | 1     | 1     | 34    | 69    | Activation Communication |               | {}                |
  | 88       | 20650.00  | 1     | 1     | 35    | 71    | Activation Communication |               | {}                |
  | 89       | 20833.00  | 1     | 1     | 36    | 73    | Activation Communication |               | {}                |
  | 90       | 20885.00  | 1     | 1     | 37    | 75    | Activation Communication |               | {}                |
  | 91       | 21025.00  | 1     | 1     | 38    | 77    | Activation Communication |               | {}                |
  | 92       | 21037.00  | 1     | 1     | 39    | 79    | Activation Communication |               | {}                |
  | 93       | 21067.00  | 1     | 1     | 40    | 81    | Activation Communication |               | {}                |
  | 94       | 21116.00  | 1     | 1     | 41    | 83    | Activation Communication |               | {}                |
  | 95       | 21324.00  | 1     | 1     | 42    | 85    | Activation Communication |               | {}                |
  | 96       | 21374.00  | 1     | 1     | 45    | 91    | Activation Communication |               | {}                |
  | 97       | 21418.00  | 1     | 1     | 46    | 93    | Activation Communication |               | {}                |
  | 98       | 21469.00  | 1     | 1     | 47    | 95    | Activation Communication |               | {}                |
  | 99       | 21784.00  | 1     | 1     | 48    | 97    | Activation Communication |               | {}                |
  | 100      | 21839.00  | 1     | 1     | 51    | 103   | Activation Communication |               | {}                |
  | 101      | 21883.00  | 1     | 1     | 52    | 105   | Activation Communication |               | {}                |
  | 102      | 21934.00  | 1     | 1     | 53    | 107   | Activation Communication |               | {}                |
  | 103      | 22251.00  | 1     | 1     | 54    | 109   | Activation Communication |               | {}                |
  | 104      | 22307.00  | 1     | 1     | 57    | 115   | Activation Communication |               | {}                |
  | 105      | 22351.00  | 1     | 1     | 58    | 117   | Activation Communication |               | {}                |
  | 106      | 22402.00  | 1     | 1     | 59    | 119   | Activation Communication |               | {}                |
  | 107      | 22582.00  | 1     | 1     | 60    | 121   | Activation Communication |               | {}                |
  | 108      | 22634.00  | 1     | 1     | 61    | 123   | Activation Communication |               | {}                |
  | 109      | 22655.00  | 1     | 1     | 63    | 127   | Activation Communication |               | {}                |
  | 110      | 22700.00  | 1     | 1     | 64    | 129   | Activation Communication |               | {}                |
  | 111      | 22749.00  | 1     | 1     | 65    | 131   | Activation Communication |               | {}                |
  | 112      | 22933.00  | 1     | 1     | 66    | 133   | Activation Communication |               | {}                |
  | 113      | 22984.00  | 1     | 1     | 67    | 135   | Activation Communication |               | {}                |
  | 114      | 23005.00  | 1     | 1     | 69    | 139   | Activation Communication |               | {}                |
  | 115      | 23050.00  | 1     | 1     | 70    | 141   | Activation Communication |               | {}                |
  | 116      | 23100.00  | 1     | 1     | 71    | 143   | Activation Communication |               | {}                |
  | 117      | 23283.00  | 1     | 1     | 72    | 145   | Activation Communication |               | {}                |
  | 118      | 23337.00  | 1     | 2     | 1     | 3     | Activation Communication |               | {}                |
  | 119      | 23480.00  | 1     | 2     | 2     | 5     | Activation Communication |               | {}                |
  | 120      | 23493.00  | 1     | 2     | 3     | 7     | Activation Communication |               | {}                |
  | 121      | 23497.00  | 1     | 2     | 4     | 9     | Activation Communication |               | {}                |
  | 122      | 23546.00  | 1     | 2     | 5     | 11    | Activation Communication |               | {}                |
  | 123      | 23707.00  | 1     | 2     | 6     | 13    | Activation Communication |               | {}                |
  | 124      | 23759.00  | 1     | 2     | 7     | 15    | Activation Communication |               | {}                |
  | 125      | 23780.00  | 1     | 2     | 9     | 19    | Activation Communication |               | {}                |
  | 126      | 23825.00  | 1     | 2     | 10    | 21    | Activation Communication |               | {}                |
  | 127      | 23874.00  | 1     | 2     | 11    | 23    | Activation Communication |               | {}                |
  | 128      | 24200.00  | 1     | 2     | 12    | 25    | Activation Communication |               | {}                |
  | 129      | 24256.00  | 1     | 2     | 15    | 31    | Activation Communication |               | {}                |
  | 130      | 24300.00  | 1     | 2     | 16    | 33    | Activation Communication |               | {}                |
  | 131      | 24351.00  | 1     | 2     | 17    | 35    | Activation Communication |               | {}                |
  | 132      | 24531.00  | 1     | 2     | 18    | 37    | Activation Communication |               | {}                |
  | 133      | 24583.00  | 1     | 2     | 19    | 39    | Activation Communication |               | {}                |
  | 134      | 24604.00  | 1     | 2     | 21    | 43    | Activation Communication |               | {}                |
  | 135      | 24649.00  | 1     | 2     | 22    | 45    | Activation Communication |               | {}                |
  | 136      | 24696.00  | 1     | 2     | 23    | 47    | Activation Communication |               | {}                |
  | 137      | 24879.00  | 1     | 2     | 24    | 49    | Activation Communication |               | {}                |
  | 138      | 24931.00  | 1     | 2     | 25    | 51    | Activation Communication |               | {}                |
  | 139      | 24952.00  | 1     | 2     | 27    | 55    | Activation Communication |               | {}                |
  | 140      | 24997.00  | 1     | 2     | 28    | 57    | Activation Communication |               | {}                |
  | 141      | 25047.00  | 1     | 2     | 29    | 59    | Activation Communication |               | {}                |
  | 142      | 25230.00  | 1     | 2     | 30    | 61    | Activation Communication |               | {}                |
  | 143      | 25282.00  | 1     | 2     | 31    | 63    | Activation Communication |               | {}                |
  | 144      | 25302.00  | 1     | 2     | 33    | 67    | Activation Communication |               | {}                |
  | 145      | 25348.00  | 1     | 2     | 34    | 69    | Activation Communication |               | {}                |
  | 146      | 25397.00  | 1     | 2     | 35    | 71    | Activation Communication |               | {}                |
  | 147      | 25580.00  | 1     | 2     | 36    | 73    | Activation Communication |               | {}                |
  | 148      | 25632.00  | 1     | 2     | 37    | 75    | Activation Communication |               | {}                |
  | 149      | 25772.00  | 1     | 2     | 38    | 77    | Activation Communication |               | {}                |
  | 150      | 25784.00  | 1     | 2     | 39    | 79    | Activation Communication |               | {}                |
  | 151      | 25814.00  | 1     | 2     | 40    | 81    | Activation Communication |               | {}                |
  | 152      | 25864.00  | 1     | 2     | 41    | 83    | Activation Communication |               | {}                |
  | 153      | 26071.00  | 1     | 2     | 42    | 85    | Activation Communication |               | {}                |
  | 154      | 26121.00  | 1     | 2     | 45    | 91    | Activation Communication |               | {}                |
  | 155      | 26165.00  | 1     | 2     | 46    | 93    | Activation Communication |               | {}                |
  | 156      | 26216.00  | 1     | 2     | 47    | 95    | Activation Communication |               | {}                |
  | 157      | 26531.00  | 1     | 2     | 48    | 97    | Activation Communication |               | {}                |
  | 158      | 26586.00  | 1     | 2     | 51    | 103   | Activation Communication |               | {}                |
  | 159      | 26630.00  | 1     | 2     | 52    | 105   | Activation Communication |               | {}                |
  | 160      | 26681.00  | 1     | 2     | 53    | 107   | Activation Communication |               | {}                |
  | 161      | 26999.00  | 1     | 2     | 54    | 109   | Activation Communication |               | {}                |
  | 162      | 27054.00  | 1     | 2     | 57    | 115   | Activation Communication |               | {}                |
  | 163      | 27099.00  | 1     | 2     | 58    | 117   | Activation Communication |               | {}                |
  | 164      | 27150.00  | 1     | 2     | 59    | 119   | Activation Communication |               | {}                |
  | 165      | 27329.00  | 1     | 2     | 60    | 121   | Activation Communication |               | {}                |
  | 166      | 27381.00  | 1     | 2     | 61    | 123   | Activation Communication |               | {}                |
  | 167      | 27402.00  | 1     | 2     | 63    | 127   | Activation Communication |               | {}                |
  | 168      | 27447.00  | 1     | 2     | 64    | 129   | Activation Communication |               | {}                |
  | 169      | 27497.00  | 1     | 2     | 65    | 131   | Activation Communication |               | {}                |
  | 170      | 27680.00  | 1     | 2     | 66    | 133   | Activation Communication |               | {}                |
  | 171      | 27732.00  | 1     | 2     | 67    | 135   | Activation Communication |               | {}                |
  | 172      | 27752.00  | 1     | 2     | 69    | 139   | Activation Communication |               | {}                |
  | 173      | 27798.00  | 1     | 2     | 70    | 141   | Activation Communication |               | {}                |
  | 174      | 27847.00  | 1     | 2     | 71    | 143   | Activation Communication |               | {}                |
  | 175      | 28030.00  | 1     | 2     | 72    | 145   | Activation Communication |               | {}                |
  | 176      | 28084.00  | 1     | 3     | 1     | 3     | Activation Communication |               | {}                |
  | 177      | 28228.00  | 1     | 3     | 2     | 5     | Activation Communication |               | {}                |
  | 178      | 28240.00  | 1     | 3     | 3     | 7     | Activation Communication |               | {}                |
  | 179      | 28244.00  | 1     | 3     | 4     | 9     | Activation Communication |               | {}                |
  | 180      | 28293.00  | 1     | 3     | 5     | 11    | Activation Communication |               | {}                |
  | 181      | 28454.00  | 1     | 3     | 6     | 13    | Activation Communication |               | {}                |
  | 182      | 28506.00  | 1     | 3     | 7     | 15    | Activation Communication |               | {}                |
  | 183      | 28527.00  | 1     | 3     | 9     | 19    | Activation Communication |               | {}                |
  | 184      | 28572.00  | 1     | 3     | 10    | 21    | Activation Communication |               | {}                |
  | 185      | 28622.00  | 1     | 3     | 11    | 23    | Activation Communication |               | {}                |
  | 186      | 28948.00  | 1     | 3     | 12    | 25    | Activation Communication |               | {}                |
  | 187      | 29003.00  | 1     | 3     | 15    | 31    | Activation Communication |               | {}                |
  | 188      | 29047.00  | 1     | 3     | 16    | 33    | Activation Communication |               | {}                |
  | 189      | 29098.00  | 1     | 3     | 17    | 35    | Activation Communication |               | {}                |
  | 190      | 29278.00  | 1     | 3     | 18    | 37    | Activation Communication |               | {}                |
  | 191      | 29330.00  | 1     | 3     | 19    | 39    | Activation Communication |               | {}                |
  | 192      | 29351.00  | 1     | 3     | 21    | 43    | Activation Communication |               | {}                |
  | 193      | 29396.00  | 1     | 3     | 22    | 45    | Activation Communication |               | {}                |
  | 194      | 29444.00  | 1     | 3     | 23    | 47    | Activation Communication |               | {}                |
  | 195      | 29627.00  | 1     | 3     | 24    | 49    | Activation Communication |               | {}                |
  | 196      | 29678.00  | 1     | 3     | 25    | 51    | Activation Communication |               | {}                |
  | 197      | 29699.00  | 1     | 3     | 27    | 55    | Activation Communication |               | {}                |
  | 198      | 29744.00  | 1     | 3     | 28    | 57    | Activation Communication |               | {}                |
  | 199      | 29794.00  | 1     | 3     | 29    | 59    | Activation Communication |               | {}                |
  | 200      | 29977.00  | 1     | 3     | 30    | 61    | Activation Communication |               | {}                |
  | 201      | 30029.00  | 1     | 3     | 31    | 63    | Activation Communication |               | {}                |
  | 202      | 30050.00  | 1     | 3     | 33    | 67    | Activation Communication |               | {}                |
  | 203      | 30095.00  | 1     | 3     | 34    | 69    | Activation Communication |               | {}                |
  | 204      | 30144.00  | 1     | 3     | 35    | 71    | Activation Communication |               | {}                |
  | 205      | 30327.00  | 1     | 3     | 36    | 73    | Activation Communication |               | {}                |
  | 206      | 30379.00  | 1     | 3     | 37    | 75    | Activation Communication |               | {}                |
  | 207      | 30519.00  | 1     | 3     | 38    | 77    | Activation Communication |               | {}                |
  | 208      | 30532.00  | 1     | 3     | 39    | 79    | Activation Communication |               | {}                |
  | 209      | 30561.00  | 1     | 3     | 40    | 81    | Activation Communication |               | {}                |
  | 210      | 30611.00  | 1     | 3     | 41    | 83    | Activation Communication |               | {}                |
  | 211      | 30819.00  | 1     | 3     | 42    | 85    | Activation Communication |               | {}                |
  | 212      | 30869.00  | 1     | 3     | 45    | 91    | Activation Communication |               | {}                |
  | 213      | 30913.00  | 1     | 3     | 46    | 93    | Activation Communication |               | {}                |
  | 214      | 30963.00  | 1     | 3     | 47    | 95    | Activation Communication |               | {}                |
  | 215      | 31278.00  | 1     | 3     | 48    | 97    | Activation Communication |               | {}                |
  | 216      | 31333.00  | 1     | 3     | 51    | 103   | Activation Communication |               | {}                |
  | 217      | 31377.00  | 1     | 3     | 52    | 105   | Activation Communication |               | {}                |
  | 218      | 31428.00  | 1     | 3     | 53    | 107   | Activation Communication |               | {}                |
  | 219      | 31746.00  | 1     | 3     | 54    | 109   | Activation Communication |               | {}                |
  | 220      | 31802.00  | 1     | 3     | 57    | 115   | Activation Communication |               | {}                |
  | 221      | 31846.00  | 1     | 3     | 58    | 117   | Activation Communication |               | {}                |
  | 222      | 31897.00  | 1     | 3     | 59    | 119   | Activation Communication |               | {}                |
  | 223      | 32077.00  | 1     | 3     | 60    | 121   | Activation Communication |               | {}                |
  | 224      | 32129.00  | 1     | 3     | 61    | 123   | Activation Communication |               | {}                |
  | 225      | 32149.00  | 1     | 3     | 63    | 127   | Activation Communication |               | {}                |
  | 226      | 32194.00  | 1     | 3     | 64    | 129   | Activation Communication |               | {}                |
  | 227      | 32244.00  | 1     | 3     | 65    | 131   | Activation Communication |               | {}                |
  | 228      | 32427.00  | 1     | 3     | 66    | 133   | Activation Communication |               | {}                |
  | 229      | 32479.00  | 1     | 3     | 67    | 135   | Activation Communication |               | {}                |
  | 230      | 32500.00  | 1     | 3     | 69    | 139   | Activation Communication |               | {}                |
  | 231      | 32545.00  | 1     | 3     | 70    | 141   | Activation Communication |               | {}                |
  | 232      | 32594.00  | 1     | 3     | 71    | 143   | Activation Communication |               | {}                |
  | 233      | 32777.00  | 1     | 3     | 72    | 145   | Activation Communication |               | {}                |
  | 234      | 32832.00  | 1     | 4     | 1     | 3     | Activation Communication |               | {}                |
  | 235      | 32975.00  | 1     | 4     | 2     | 5     | Activation Communication |               | {}                |
  | 236      | 32988.00  | 1     | 4     | 3     | 7     | Activation Communication |               | {}                |
  | 237      | 32992.00  | 1     | 4     | 4     | 9     | Activation Communication |               | {}                |
  | 238      | 33040.00  | 1     | 4     | 5     | 11    | Activation Communication |               | {}                |
  | 239      | 33201.00  | 1     | 4     | 6     | 13    | Activation Communication |               | {}                |
  | 240      | 33253.00  | 1     | 4     | 7     | 15    | Activation Communication |               | {}                |
  | 241      | 33274.00  | 1     | 4     | 9     | 19    | Activation Communication |               | {}                |
  | 242      | 33319.00  | 1     | 4     | 10    | 21    | Activation Communication |               | {}                |
  | 243      | 33369.00  | 1     | 4     | 11    | 23    | Activation Communication |               | {}                |
  | 244      | 33695.00  | 1     | 4     | 12    | 25    | Activation Communication |               | {}                |
  | 245      | 33751.00  | 1     | 4     | 15    | 31    | Activation Communication |               | {}                |
  | 246      | 33795.00  | 1     | 4     | 16    | 33    | Activation Communication |               | {}                |
  | 247      | 33846.00  | 1     | 4     | 17    | 35    | Activation Communication |               | {}                |
  | 248      | 34026.00  | 1     | 4     | 18    | 37    | Activation Communication |               | {}                |
  | 249      | 34077.00  | 1     | 4     | 19    | 39    | Activation Communication |               | {}                |
  | 250      | 34098.00  | 1     | 4     | 21    | 43    | Activation Communication |               | {}                |
  | 251      | 34143.00  | 1     | 4     | 22    | 45    | Activation Communication |               | {}                |
  | 252      | 34191.00  | 1     | 4     | 23    | 47    | Activation Communication |               | {}                |
  | 253      | 34374.00  | 1     | 4     | 24    | 49    | Activation Communication |               | {}                |
  | 254      | 34426.00  | 1     | 4     | 25    | 51    | Activation Communication |               | {}                |
  | 255      | 34446.00  | 1     | 4     | 27    | 55    | Activation Communication |               | {}                |
  | 256      | 34492.00  | 1     | 4     | 28    | 57    | Activation Communication |               | {}                |
  | 257      | 34541.00  | 1     | 4     | 29    | 59    | Activation Communication |               | {}                |
  | 258      | 34724.00  | 1     | 4     | 30    | 61    | Activation Communication |               | {}                |
  | 259      | 34776.00  | 1     | 4     | 31    | 63    | Activation Communication |               | {}                |
  | 260      | 34797.00  | 1     | 4     | 33    | 67    | Activation Communication |               | {}                |
  | 261      | 34842.00  | 1     | 4     | 34    | 69    | Activation Communication |               | {}                |
  | 262      | 34892.00  | 1     | 4     | 35    | 71    | Activation Communication |               | {}                |
  | 263      | 35075.00  | 1     | 4     | 36    | 73    | Activation Communication |               | {}                |
  | 264      | 35126.00  | 1     | 4     | 37    | 75    | Activation Communication |               | {}                |
  | 265      | 35266.00  | 1     | 4     | 38    | 77    | Activation Communication |               | {}                |
  | 266      | 35279.00  | 1     | 4     | 39    | 79    | Activation Communication |               | {}                |
  | 267      | 35308.00  | 1     | 4     | 40    | 81    | Activation Communication |               | {}                |
  | 268      | 35358.00  | 1     | 4     | 41    | 83    | Activation Communication |               | {}                |
  | 269      | 35566.00  | 1     | 4     | 42    | 85    | Activation Communication |               | {}                |
  | 270      | 35616.00  | 1     | 4     | 45    | 91    | Activation Communication |               | {}                |
  | 271      | 35660.00  | 1     | 4     | 46    | 93    | Activation Communication |               | {}                |
  | 272      | 35710.00  | 1     | 4     | 47    | 95    | Activation Communication |               | {}                |
  | 273      | 36025.00  | 1     | 4     | 48    | 97    | Activation Communication |               | {}                |
  | 274      | 36080.00  | 1     | 4     | 51    | 103   | Activation Communication |               | {}                |
  | 275      | 36125.00  | 1     | 4     | 52    | 105   | Activation Communication |               | {}                |
  | 276      | 36176.00  | 1     | 4     | 53    | 107   | Activation Communication |               | {}                |
  | 277      | 36493.00  | 1     | 4     | 54    | 109   | Activation Communication |               | {}                |
  | 278      | 36549.00  | 1     | 4     | 57    | 115   | Activation Communication |               | {}                |
  | 279      | 36593.00  | 1     | 4     | 58    | 117   | Activation Communication |               | {}                |
  | 280      | 36644.00  | 1     | 4     | 59    | 119   | Activation Communication |               | {}                |
  | 281      | 36824.00  | 1     | 4     | 60    | 121   | Activation Communication |               | {}                |
  | 282      | 36876.00  | 1     | 4     | 61    | 123   | Activation Communication |               | {}                |
  | 283      | 36897.00  | 1     | 4     | 63    | 127   | Activation Communication |               | {}                |
  | 284      | 36942.00  | 1     | 4     | 64    | 129   | Activation Communication |               | {}                |
  | 285      | 36991.00  | 1     | 4     | 65    | 131   | Activation Communication |               | {}                |
  | 286      | 37174.00  | 1     | 4     | 66    | 133   | Activation Communication |               | {}                |
  | 287      | 37226.00  | 1     | 4     | 67    | 135   | Activation Communication |               | {}                |
  | 288      | 37247.00  | 1     | 4     | 69    | 139   | Activation Communication |               | {}                |
  | 289      | 37292.00  | 1     | 4     | 70    | 141   | Activation Communication |               | {}                |
  | 290      | 37342.00  | 1     | 4     | 71    | 143   | Activation Communication |               | {}                |
  | 291      | 37525.00  | 1     | 4     | 72    | 145   | Activation Communication |               | {}                |
  | 292      | 37579.00  | 1     | 5     | 1     | 3     | Activation Communication |               | {}                |
  | 293      | 37722.00  | 1     | 5     | 2     | 5     | Activation Communication |               | {}                |
  | 294      | 37735.00  | 1     | 5     | 3     | 7     | Activation Communication |               | {}                |
  | 295      | 37739.00  | 1     | 5     | 4     | 9     | Activation Communication |               | {}                |
  | 296      | 37788.00  | 1     | 5     | 5     | 11    | Activation Communication |               | {}                |
  | 297      | 37949.00  | 1     | 5     | 6     | 13    | Activation Communication |               | {}                |
  | 298      | 38001.00  | 1     | 5     | 7     | 15    | Activation Communication |               | {}                |
  | 299      | 38021.00  | 1     | 5     | 9     | 19    | Activation Communication |               | {}                |
  | 300      | 38067.00  | 1     | 5     | 10    | 21    | Activation Communication |               | {}                |
  | 301      | 38116.00  | 1     | 5     | 11    | 23    | Activation Communication |               | {}                |
  | 302      | 38442.00  | 1     | 5     | 12    | 25    | Activation Communication |               | {}                |
  | 303      | 38498.00  | 1     | 5     | 15    | 31    | Activation Communication |               | {}                |
  | 304      | 38542.00  | 1     | 5     | 16    | 33    | Activation Communication |               | {}                |
  | 305      | 38593.00  | 1     | 5     | 17    | 35    | Activation Communication |               | {}                |
  | 306      | 38773.00  | 1     | 5     | 18    | 37    | Activation Communication |               | {}                |
  | 307      | 38825.00  | 1     | 5     | 19    | 39    | Activation Communication |               | {}                |
  | 308      | 38845.00  | 1     | 5     | 21    | 43    | Activation Communication |               | {}                |
  | 309      | 38891.00  | 1     | 5     | 22    | 45    | Activation Communication |               | {}                |
  | 310      | 38938.00  | 1     | 5     | 23    | 47    | Activation Communication |               | {}                |
  | 311      | 39121.00  | 1     | 5     | 24    | 49    | Activation Communication |               | {}                |
  | 312      | 39173.00  | 1     | 5     | 25    | 51    | Activation Communication |               | {}                |
  | 313      | 39194.00  | 1     | 5     | 27    | 55    | Activation Communication |               | {}                |
  | 314      | 39239.00  | 1     | 5     | 28    | 57    | Activation Communication |               | {}                |
  | 315      | 39288.00  | 1     | 5     | 29    | 59    | Activation Communication |               | {}                |
  | 316      | 39471.00  | 1     | 5     | 30    | 61    | Activation Communication |               | {}                |
  | 317      | 39523.00  | 1     | 5     | 31    | 63    | Activation Communication |               | {}                |
  | 318      | 39544.00  | 1     | 5     | 33    | 67    | Activation Communication |               | {}                |
  | 319      | 39589.00  | 1     | 5     | 34    | 69    | Activation Communication |               | {}                |
  | 320      | 39639.00  | 1     | 5     | 35    | 71    | Activation Communication |               | {}                |
  | 321      | 39822.00  | 1     | 5     | 36    | 73    | Activation Communication |               | {}                |
  | 322      | 39874.00  | 1     | 5     | 37    | 75    | Activation Communication |               | {}                |
  | 323      | 40014.00  | 1     | 5     | 38    | 77    | Activation Communication |               | {}                |
  | 324      | 40026.00  | 1     | 5     | 39    | 79    | Activation Communication |               | {}                |
  | 325      | 40056.00  | 1     | 5     | 40    | 81    | Activation Communication |               | {}                |
  | 326      | 40105.00  | 1     | 5     | 41    | 83    | Activation Communication |               | {}                |
  | 327      | 40313.00  | 1     | 5     | 42    | 85    | Activation Communication |               | {}                |
  | 328      | 40363.00  | 1     | 5     | 45    | 91    | Activation Communication |               | {}                |
  | 329      | 40407.00  | 1     | 5     | 46    | 93    | Activation Communication |               | {}                |
  | 330      | 40458.00  | 1     | 5     | 47    | 95    | Activation Communication |               | {}                |
  | 331      | 40773.00  | 1     | 5     | 48    | 97    | Activation Communication |               | {}                |
  | 332      | 40828.00  | 1     | 5     | 51    | 103   | Activation Communication |               | {}                |
  | 333      | 40872.00  | 1     | 5     | 52    | 105   | Activation Communication |               | {}                |
  | 334      | 40923.00  | 1     | 5     | 53    | 107   | Activation Communication |               | {}                |
  | 335      | 41240.00  | 1     | 5     | 54    | 109   | Activation Communication |               | {}                |
  | 336      | 41296.00  | 1     | 5     | 57    | 115   | Activation Communication |               | {}                |
  | 337      | 41340.00  | 1     | 5     | 58    | 117   | Activation Communication |               | {}                |
  | 338      | 41391.00  | 1     | 5     | 59    | 119   | Activation Communication |               | {}                |
  | 339      | 41571.00  | 1     | 5     | 60    | 121   | Activation Communication |               | {}                |
  | 340      | 41623.00  | 1     | 5     | 61    | 123   | Activation Communication |               | {}                |
  | 341      | 41644.00  | 1     | 5     | 63    | 127   | Activation Communication |               | {}                |
  | 342      | 41689.00  | 1     | 5     | 64    | 129   | Activation Communication |               | {}                |
  | 343      | 41738.00  | 1     | 5     | 65    | 131   | Activation Communication |               | {}                |
  | 344      | 41922.00  | 1     | 5     | 66    | 133   | Activation Communication |               | {}                |
  | 345      | 41973.00  | 1     | 5     | 67    | 135   | Activation Communication |               | {}                |
  | 346      | 41994.00  | 1     | 5     | 69    | 139   | Activation Communication |               | {}                |
  | 347      | 42039.00  | 1     | 5     | 70    | 141   | Activation Communication |               | {}                |
  | 348      | 42089.00  | 1     | 5     | 71    | 143   | Activation Communication |               | {}                |
  | 349      | 42272.00  | 1     | 5     | 72    | 145   | Activation Communication |               | {}                |
  | 350      | 42326.00  | 1     | 6     | 1     | 3     | Activation Communication |               | {}                |
  | 351      | 42469.00  | 1     | 6     | 2     | 5     | Activation Communication |               | {}                |
  | 352      | 42482.00  | 1     | 6     | 3     | 7     | Activation Communication |               | {}                |
  | 353      | 42486.00  | 1     | 6     | 4     | 9     | Activation Communication |               | {}                |
  | 354      | 42535.00  | 1     | 6     | 5     | 11    | Activation Communication |               | {}                |
  | 355      | 42696.00  | 1     | 6     | 6     | 13    | Activation Communication |               | {}                |
  | 356      | 42748.00  | 1     | 6     | 7     | 15    | Activation Communication |               | {}                |
  | 357      | 42769.00  | 1     | 6     | 9     | 19    | Activation Communication |               | {}                |
  | 358      | 42814.00  | 1     | 6     | 10    | 21    | Activation Communication |               | {}                |
  | 359      | 42863.00  | 1     | 6     | 11    | 23    | Activation Communication |               | {}                |
  | 360      | 43189.00  | 1     | 6     | 12    | 25    | Activation Communication |               | {}                |
  | 361      | 43245.00  | 1     | 6     | 15    | 31    | Activation Communication |               | {}                |
  | 362      | 43289.00  | 1     | 6     | 16    | 33    | Activation Communication |               | {}                |
  | 363      | 43340.00  | 1     | 6     | 17    | 35    | Activation Communication |               | {}                |
  | 364      | 43520.00  | 1     | 6     | 18    | 37    | Activation Communication |               | {}                |
  | 365      | 43572.00  | 1     | 6     | 19    | 39    | Activation Communication |               | {}                |
  | 366      | 43593.00  | 1     | 6     | 21    | 43    | Activation Communication |               | {}                |
  | 367      | 43638.00  | 1     | 6     | 22    | 45    | Activation Communication |               | {}                |
  | 368      | 43685.00  | 1     | 6     | 23    | 47    | Activation Communication |               | {}                |
  | 369      | 43868.00  | 1     | 6     | 24    | 49    | Activation Communication |               | {}                |
  | 370      | 43920.00  | 1     | 6     | 25    | 51    | Activation Communication |               | {}                |
  | 371      | 43941.00  | 1     | 6     | 27    | 55    | Activation Communication |               | {}                |
  | 372      | 43986.00  | 1     | 6     | 28    | 57    | Activation Communication |               | {}                |
  | 373      | 44036.00  | 1     | 6     | 29    | 59    | Activation Communication |               | {}                |
  | 374      | 44219.00  | 1     | 6     | 30    | 61    | Activation Communication |               | {}                |
  | 375      | 44271.00  | 1     | 6     | 31    | 63    | Activation Communication |               | {}                |
  | 376      | 44291.00  | 1     | 6     | 33    | 67    | Activation Communication |               | {}                |
  | 377      | 44337.00  | 1     | 6     | 34    | 69    | Activation Communication |               | {}                |
  | 378      | 44386.00  | 1     | 6     | 35    | 71    | Activation Communication |               | {}                |
  | 379      | 44569.00  | 1     | 6     | 36    | 73    | Activation Communication |               | {}                |
  | 380      | 44621.00  | 1     | 6     | 37    | 75    | Activation Communication |               | {}                |
  | 381      | 44761.00  | 1     | 6     | 38    | 77    | Activation Communication |               | {}                |
  | 382      | 44773.00  | 1     | 6     | 39    | 79    | Activation Communication |               | {}                |
  | 383      | 44803.00  | 1     | 6     | 40    | 81    | Activation Communication |               | {}                |
  | 384      | 44853.00  | 1     | 6     | 41    | 83    | Activation Communication |               | {}                |
  | 385      | 45060.00  | 1     | 6     | 42    | 85    | Activation Communication |               | {}                |
  | 386      | 45110.00  | 1     | 6     | 45    | 91    | Activation Communication |               | {}                |
  | 387      | 45154.00  | 1     | 6     | 46    | 93    | Activation Communication |               | {}                |
  | 388      | 45205.00  | 1     | 6     | 47    | 95    | Activation Communication |               | {}                |
  | 389      | 45520.00  | 1     | 6     | 48    | 97    | Activation Communication |               | {}                |
  | 390      | 45575.00  | 1     | 6     | 51    | 103   | Activation Communication |               | {}                |
  | 391      | 45619.00  | 1     | 6     | 52    | 105   | Activation Communication |               | {}                |
  | 392      | 45670.00  | 1     | 6     | 53    | 107   | Activation Communication |               | {}                |
  | 393      | 45988.00  | 1     | 6     | 54    | 109   | Activation Communication |               | {}                |
  | 394      | 46043.00  | 1     | 6     | 57    | 115   | Activation Communication |               | {}                |
  | 395      | 46088.00  | 1     | 6     | 58    | 117   | Activation Communication |               | {}                |
  | 396      | 46138.00  | 1     | 6     | 59    | 119   | Activation Communication |               | {}                |
  | 397      | 46318.00  | 1     | 6     | 60    | 121   | Activation Communication |               | {}                |
  | 398      | 46370.00  | 1     | 6     | 61    | 123   | Activation Communication |               | {}                |
  | 399      | 46391.00  | 1     | 6     | 63    | 127   | Activation Communication |               | {}                |
  | 400      | 46436.00  | 1     | 6     | 64    | 129   | Activation Communication |               | {}                |
  | 401      | 46486.00  | 1     | 6     | 65    | 131   | Activation Communication |               | {}                |
  | 402      | 46669.00  | 1     | 6     | 66    | 133   | Activation Communication |               | {}                |
  | 403      | 46721.00  | 1     | 6     | 67    | 135   | Activation Communication |               | {}                |
  | 404      | 46741.00  | 1     | 6     | 69    | 139   | Activation Communication |               | {}                |
  | 405      | 46787.00  | 1     | 6     | 70    | 141   | Activation Communication |               | {}                |
  | 406      | 46836.00  | 1     | 6     | 71    | 143   | Activation Communication |               | {}                |
  | 407      | 47019.00  | 1     | 6     | 72    | 145   | Activation Communication |               | {}                |
  | 408      | 47073.00  | 1     | 7     | 1     | 3     | Activation Communication |               | {}                |
  | 409      | 47217.00  | 1     | 7     | 2     | 5     | Activation Communication |               | {}                |
  | 410      | 47229.00  | 1     | 7     | 3     | 7     | Activation Communication |               | {}                |
  | 411      | 47233.00  | 1     | 7     | 4     | 9     | Activation Communication |               | {}                |
  | 412      | 47282.00  | 1     | 7     | 5     | 11    | Activation Communication |               | {}                |
  | 413      | 47443.00  | 1     | 7     | 6     | 13    | Activation Communication |               | {}                |
  | 414      | 47495.00  | 1     | 7     | 7     | 15    | Activation Communication |               | {}                |
  | 415      | 47516.00  | 1     | 7     | 9     | 19    | Activation Communication |               | {}                |
  | 416      | 47561.00  | 1     | 7     | 10    | 21    | Activation Communication |               | {}                |
  | 417      | 47611.00  | 1     | 7     | 11    | 23    | Activation Communication |               | {}                |
  | 418      | 47937.00  | 1     | 7     | 12    | 25    | Activation Communication |               | {}                |
  | 419      | 47992.00  | 1     | 7     | 15    | 31    | Activation Communication |               | {}                |
  | 420      | 48036.00  | 1     | 7     | 16    | 33    | Activation Communication |               | {}                |
  | 421      | 48087.00  | 1     | 7     | 17    | 35    | Activation Communication |               | {}                |
  | 422      | 48267.00  | 1     | 7     | 18    | 37    | Activation Communication |               | {}                |
  | 423      | 48319.00  | 1     | 7     | 19    | 39    | Activation Communication |               | {}                |
  | 424      | 48340.00  | 1     | 7     | 21    | 43    | Activation Communication |               | {}                |
  | 425      | 48385.00  | 1     | 7     | 22    | 45    | Activation Communication |               | {}                |
  | 426      | 48433.00  | 1     | 7     | 23    | 47    | Activation Communication |               | {}                |
  | 427      | 48616.00  | 1     | 7     | 24    | 49    | Activation Communication |               | {}                |
  | 428      | 48667.00  | 1     | 7     | 25    | 51    | Activation Communication |               | {}                |
  | 429      | 48688.00  | 1     | 7     | 27    | 55    | Activation Communication |               | {}                |
  | 430      | 48733.00  | 1     | 7     | 28    | 57    | Activation Communication |               | {}                |
  | 431      | 48783.00  | 1     | 7     | 29    | 59    | Activation Communication |               | {}                |
  | 432      | 48966.00  | 1     | 7     | 30    | 61    | Activation Communication |               | {}                |
  | 433      | 49018.00  | 1     | 7     | 31    | 63    | Activation Communication |               | {}                |
  | 434      | 49039.00  | 1     | 7     | 33    | 67    | Activation Communication |               | {}                |
  | 435      | 49084.00  | 1     | 7     | 34    | 69    | Activation Communication |               | {}                |
  | 436      | 49133.00  | 1     | 7     | 35    | 71    | Activation Communication |               | {}                |
  | 437      | 49316.00  | 1     | 7     | 36    | 73    | Activation Communication |               | {}                |
  | 438      | 49368.00  | 1     | 7     | 37    | 75    | Activation Communication |               | {}                |
  | 439      | 49508.00  | 1     | 7     | 38    | 77    | Activation Communication |               | {}                |
  | 440      | 49521.00  | 1     | 7     | 39    | 79    | Activation Communication |               | {}                |
  | 441      | 49550.00  | 1     | 7     | 40    | 81    | Activation Communication |               | {}                |
  | 442      | 49600.00  | 1     | 7     | 41    | 83    | Activation Communication |               | {}                |
  | 443      | 49808.00  | 1     | 7     | 42    | 85    | Activation Communication |               | {}                |
  | 444      | 49858.00  | 1     | 7     | 45    | 91    | Activation Communication |               | {}                |
  | 445      | 49902.00  | 1     | 7     | 46    | 93    | Activation Communication |               | {}                |
  | 446      | 49952.00  | 1     | 7     | 47    | 95    | Activation Communication |               | {}                |
  | 447      | 50267.00  | 1     | 7     | 48    | 97    | Activation Communication |               | {}                |
  | 448      | 50322.00  | 1     | 7     | 51    | 103   | Activation Communication |               | {}                |
  | 449      | 50366.00  | 1     | 7     | 52    | 105   | Activation Communication |               | {}                |
  | 450      | 50417.00  | 1     | 7     | 53    | 107   | Activation Communication |               | {}                |
  | 451      | 50735.00  | 1     | 7     | 54    | 109   | Activation Communication |               | {}                |
  | 452      | 50791.00  | 1     | 7     | 57    | 115   | Activation Communication |               | {}                |
  | 453      | 50835.00  | 1     | 7     | 58    | 117   | Activation Communication |               | {}                |
  | 454      | 50886.00  | 1     | 7     | 59    | 119   | Activation Communication |               | {}                |
  | 455      | 51066.00  | 1     | 7     | 60    | 121   | Activation Communication |               | {}                |
  | 456      | 51118.00  | 1     | 7     | 61    | 123   | Activation Communication |               | {}                |
  | 457      | 51138.00  | 1     | 7     | 63    | 127   | Activation Communication |               | {}                |
  | 458      | 51183.00  | 1     | 7     | 64    | 129   | Activation Communication |               | {}                |
  | 459      | 51233.00  | 1     | 7     | 65    | 131   | Activation Communication |               | {}                |
  | 460      | 51416.00  | 1     | 7     | 66    | 133   | Activation Communication |               | {}                |
  | 461      | 51468.00  | 1     | 7     | 67    | 135   | Activation Communication |               | {}                |
  | 462      | 51489.00  | 1     | 7     | 69    | 139   | Activation Communication |               | {}                |
  | 463      | 51534.00  | 1     | 7     | 70    | 141   | Activation Communication |               | {}                |
  | 464      | 51583.00  | 1     | 7     | 71    | 143   | Activation Communication |               | {}                |
  | 465      | 51766.00  | 1     | 7     | 72    | 145   | Activation Communication |               | {}                |
  | 466      | 51821.00  | 1     | 8     | 1     | 3     | Activation Communication |               | {}                |
  | 467      | 51964.00  | 1     | 8     | 2     | 5     | Activation Communication |               | {}                |
  | 468      | 51977.00  | 1     | 8     | 3     | 7     | Activation Communication |               | {}                |
  | 469      | 51981.00  | 1     | 8     | 4     | 9     | Activation Communication |               | {}                |
  | 470      | 52029.00  | 1     | 8     | 5     | 11    | Activation Communication |               | {}                |
  | 471      | 52190.00  | 1     | 8     | 6     | 13    | Activation Communication |               | {}                |
  | 472      | 52242.00  | 1     | 8     | 7     | 15    | Activation Communication |               | {}                |
  | 473      | 52263.00  | 1     | 8     | 9     | 19    | Activation Communication |               | {}                |
  | 474      | 52308.00  | 1     | 8     | 10    | 21    | Activation Communication |               | {}                |
  | 475      | 52358.00  | 1     | 8     | 11    | 23    | Activation Communication |               | {}                |
  | 476      | 52684.00  | 1     | 8     | 12    | 25    | Activation Communication |               | {}                |
  | 477      | 52740.00  | 1     | 8     | 15    | 31    | Activation Communication |               | {}                |
  | 478      | 52784.00  | 1     | 8     | 16    | 33    | Activation Communication |               | {}                |
  | 479      | 52835.00  | 1     | 8     | 17    | 35    | Activation Communication |               | {}                |
  | 480      | 53015.00  | 1     | 8     | 18    | 37    | Activation Communication |               | {}                |
  | 481      | 53066.00  | 1     | 8     | 19    | 39    | Activation Communication |               | {}                |
  | 482      | 53087.00  | 1     | 8     | 21    | 43    | Activation Communication |               | {}                |
  | 483      | 53132.00  | 1     | 8     | 22    | 45    | Activation Communication |               | {}                |
  | 484      | 53180.00  | 1     | 8     | 23    | 47    | Activation Communication |               | {}                |
  | 485      | 53363.00  | 1     | 8     | 24    | 49    | Activation Communication |               | {}                |
  | 486      | 53415.00  | 1     | 8     | 25    | 51    | Activation Communication |               | {}                |
  | 487      | 53435.00  | 1     | 8     | 27    | 55    | Activation Communication |               | {}                |
  | 488      | 53481.00  | 1     | 8     | 28    | 57    | Activation Communication |               | {}                |
  | 489      | 53530.00  | 1     | 8     | 29    | 59    | Activation Communication |               | {}                |
  | 490      | 53713.00  | 1     | 8     | 30    | 61    | Activation Communication |               | {}                |
  | 491      | 53765.00  | 1     | 8     | 31    | 63    | Activation Communication |               | {}                |
  | 492      | 53786.00  | 1     | 8     | 33    | 67    | Activation Communication |               | {}                |
  | 493      | 53831.00  | 1     | 8     | 34    | 69    | Activation Communication |               | {}                |
  | 494      | 53880.00  | 1     | 8     | 35    | 71    | Activation Communication |               | {}                |
  | 495      | 54064.00  | 1     | 8     | 36    | 73    | Activation Communication |               | {}                |
  | 496      | 54115.00  | 1     | 8     | 37    | 75    | Activation Communication |               | {}                |
  | 497      | 54255.00  | 1     | 8     | 38    | 77    | Activation Communication |               | {}                |
  | 498      | 54268.00  | 1     | 8     | 39    | 79    | Activation Communication |               | {}                |
  | 499      | 54297.00  | 1     | 8     | 40    | 81    | Activation Communication |               | {}                |
  | 500      | 54347.00  | 1     | 8     | 41    | 83    | Activation Communication |               | {}                |
  | 501      | 54555.00  | 1     | 8     | 42    | 85    | Activation Communication |               | {}                |
  | 502      | 54605.00  | 1     | 8     | 45    | 91    | Activation Communication |               | {}                |
  | 503      | 54649.00  | 1     | 8     | 46    | 93    | Activation Communication |               | {}                |
  | 504      | 54699.00  | 1     | 8     | 47    | 95    | Activation Communication |               | {}                |
  | 505      | 55014.00  | 1     | 8     | 48    | 97    | Activation Communication |               | {}                |
  | 506      | 55069.00  | 1     | 8     | 51    | 103   | Activation Communication |               | {}                |
  | 507      | 55114.00  | 1     | 8     | 52    | 105   | Activation Communication |               | {}                |
  | 508      | 55165.00  | 1     | 8     | 53    | 107   | Activation Communication |               | {}                |
  | 509      | 55482.00  | 1     | 8     | 54    | 109   | Activation Communication |               | {}                |
  | 510      | 55538.00  | 1     | 8     | 57    | 115   | Activation Communication |               | {}                |
  | 511      | 55582.00  | 1     | 8     | 58    | 117   | Activation Communication |               | {}                |
  | 512      | 55633.00  | 1     | 8     | 59    | 119   | Activation Communication |               | {}                |
  | 513      | 55813.00  | 1     | 8     | 60    | 121   | Activation Communication |               | {}                |
  | 514      | 55865.00  | 1     | 8     | 61    | 123   | Activation Communication |               | {}                |
  | 515      | 55886.00  | 1     | 8     | 63    | 127   | Activation Communication |               | {}                |
  | 516      | 55931.00  | 1     | 8     | 64    | 129   | Activation Communication |               | {}                |
  | 517      | 55980.00  | 1     | 8     | 65    | 131   | Activation Communication |               | {}                |
  | 518      | 56163.00  | 1     | 8     | 66    | 133   | Activation Communication |               | {}                |
  | 519      | 56215.00  | 1     | 8     | 67    | 135   | Activation Communication |               | {}                |
  | 520      | 56236.00  | 1     | 8     | 69    | 139   | Activation Communication |               | {}                |
  | 521      | 56281.00  | 1     | 8     | 70    | 141   | Activation Communication |               | {}                |
  | 522      | 56331.00  | 1     | 8     | 71    | 143   | Activation Communication |               | {}                |
  | 523      | 56514.00  | 1     | 8     | 72    | 145   | Activation Communication |               | {}                |
  | 524      | 56568.00  | 1     | 9     | 1     | 3     | Activation Communication |               | {}                |
  | 525      | 56711.00  | 1     | 9     | 2     | 5     | Activation Communication |               | {}                |
  | 526      | 56724.00  | 1     | 9     | 3     | 7     | Activation Communication |               | {}                |
  | 527      | 56728.00  | 1     | 9     | 4     | 9     | Activation Communication |               | {}                |
  | 528      | 56777.00  | 1     | 9     | 5     | 11    | Activation Communication |               | {}                |
  | 529      | 56938.00  | 1     | 9     | 6     | 13    | Activation Communication |               | {}                |
  | 530      | 56990.00  | 1     | 9     | 7     | 15    | Activation Communication |               | {}                |
  | 531      | 57010.00  | 1     | 9     | 9     | 19    | Activation Communication |               | {}                |
  | 532      | 57056.00  | 1     | 9     | 10    | 21    | Activation Communication |               | {}                |
  | 533      | 57105.00  | 1     | 9     | 11    | 23    | Activation Communication |               | {}                |
  | 534      | 57431.00  | 1     | 9     | 12    | 25    | Activation Communication |               | {}                |
  | 535      | 57487.00  | 1     | 9     | 15    | 31    | Activation Communication |               | {}                |
  | 536      | 57531.00  | 1     | 9     | 16    | 33    | Activation Communication |               | {}                |
  | 537      | 57582.00  | 1     | 9     | 17    | 35    | Activation Communication |               | {}                |
  | 538      | 57762.00  | 1     | 9     | 18    | 37    | Activation Communication |               | {}                |
  | 539      | 57814.00  | 1     | 9     | 19    | 39    | Activation Communication |               | {}                |
  | 540      | 57834.00  | 1     | 9     | 21    | 43    | Activation Communication |               | {}                |
  | 541      | 57880.00  | 1     | 9     | 22    | 45    | Activation Communication |               | {}                |
  | 542      | 57927.00  | 1     | 9     | 23    | 47    | Activation Communication |               | {}                |
  | 543      | 58110.00  | 1     | 9     | 24    | 49    | Activation Communication |               | {}                |
  | 544      | 58162.00  | 1     | 9     | 25    | 51    | Activation Communication |               | {}                |
  | 545      | 58183.00  | 1     | 9     | 27    | 55    | Activation Communication |               | {}                |
  | 546      | 58228.00  | 1     | 9     | 28    | 57    | Activation Communication |               | {}                |
  | 547      | 58277.00  | 1     | 9     | 29    | 59    | Activation Communication |               | {}                |
  | 548      | 58460.00  | 1     | 9     | 30    | 61    | Activation Communication |               | {}                |
  | 549      | 58512.00  | 1     | 9     | 31    | 63    | Activation Communication |               | {}                |
  | 550      | 58533.00  | 1     | 9     | 33    | 67    | Activation Communication |               | {}                |
  | 551      | 58578.00  | 1     | 9     | 34    | 69    | Activation Communication |               | {}                |
  | 552      | 58628.00  | 1     | 9     | 35    | 71    | Activation Communication |               | {}                |
  | 553      | 58811.00  | 1     | 9     | 36    | 73    | Activation Communication |               | {}                |
  | 554      | 58863.00  | 1     | 9     | 37    | 75    | Activation Communication |               | {}                |
  | 555      | 59003.00  | 1     | 9     | 38    | 77    | Activation Communication |               | {}                |
  | 556      | 59015.00  | 1     | 9     | 39    | 79    | Activation Communication |               | {}                |
  | 557      | 59045.00  | 1     | 9     | 40    | 81    | Activation Communication |               | {}                |
  | 558      | 59094.00  | 1     | 9     | 41    | 83    | Activation Communication |               | {}                |
  | 559      | 59302.00  | 1     | 9     | 42    | 85    | Activation Communication |               | {}                |
  | 560      | 59352.00  | 1     | 9     | 45    | 91    | Activation Communication |               | {}                |
  | 561      | 59396.00  | 1     | 9     | 46    | 93    | Activation Communication |               | {}                |
  | 562      | 59447.00  | 1     | 9     | 47    | 95    | Activation Communication |               | {}                |
  | 563      | 59762.00  | 1     | 9     | 48    | 97    | Activation Communication |               | {}                |
  | 564      | 59817.00  | 1     | 9     | 51    | 103   | Activation Communication |               | {}                |
  | 565      | 59861.00  | 1     | 9     | 52    | 105   | Activation Communication |               | {}                |
  | 566      | 59912.00  | 1     | 9     | 53    | 107   | Activation Communication |               | {}                |
  | 567      | 60229.00  | 1     | 9     | 54    | 109   | Activation Communication |               | {}                |
  | 568      | 60285.00  | 1     | 9     | 57    | 115   | Activation Communication |               | {}                |
  | 569      | 60329.00  | 1     | 9     | 58    | 117   | Activation Communication |               | {}                |
  | 570      | 60380.00  | 1     | 9     | 59    | 119   | Activation Communication |               | {}                |
  | 571      | 60560.00  | 1     | 9     | 60    | 121   | Activation Communication |               | {}                |
  | 572      | 60612.00  | 1     | 9     | 61    | 123   | Activation Communication |               | {}                |
  | 573      | 60633.00  | 1     | 9     | 63    | 127   | Activation Communication |               | {}                |
  | 574      | 60678.00  | 1     | 9     | 64    | 129   | Activation Communication |               | {}                |
  | 575      | 60727.00  | 1     | 9     | 65    | 131   | Activation Communication |               | {}                |
  | 576      | 60911.00  | 1     | 9     | 66    | 133   | Activation Communication |               | {}                |
  | 577      | 60962.00  | 1     | 9     | 67    | 135   | Activation Communication |               | {}                |
  | 578      | 60983.00  | 1     | 9     | 69    | 139   | Activation Communication |               | {}                |
  | 579      | 61028.00  | 1     | 9     | 70    | 141   | Activation Communication |               | {}                |
  | 580      | 61078.00  | 1     | 9     | 71    | 143   | Activation Communication |               | {}                |
  | 581      | 61261.00  | 1     | 9     | 72    | 145   | Activation Communication |               | {}                |
  +----------+-----------+-------+-------+-------+-------+--------------------------+---------------+-------------------+

Layer Energy per input:
--------------------------------------------------
  Energy Table:

  +-------+-------+---------------------+
  | Input | Layer | Compute Energy (fJ) |
  +-------+-------+---------------------+
  | 0     | 0     | 101443080759.65     |
  | 0     | 1     | 267426860856.71     |
  | 0     | 2     | 36614547340.73      |
  | 0     | 3     | 87961553777.39      |
  | 0     | 4     | 105852261671.48     |
  | 0     | 5     | 362421734506.05     |
  | 0     | 6     | 295482192180.96     |
  | 0     | 7     | 294916227090.75     |
  | 0     | 8     | 36679403699.27      |
  | 0     | 9     | 43894418739.75      |
  | 0     | 10    | 125505614795.62     |
  | 0     | 11    | 376184273449.96     |
  | 0     | 12    | 372107016681.40     |
  | 0     | 13    | 268050012527.59     |
  | 0     | 14    | 36707482687.44      |
  | 0     | 15    | 43896097374.92      |
  | 0     | 16    | 124883583108.18     |
  | 0     | 17    | 369367190068.04     |
  | 0     | 18    | 295677325966.99     |
  | 0     | 19    | 295117465004.67     |
  | 0     | 20    | 36715875863.25      |
  | 0     | 21    | 43955704183.50      |
  | 0     | 22    | 125869094696.36     |
  | 0     | 23    | 376113624366.63     |
  | 0     | 24    | 295448876656.52     |
  | 0     | 25    | 295138820156.69     |
  | 0     | 26    | 36716486276.03      |
  | 0     | 27    | 43958588383.91      |
  | 0     | 28    | 125850784636.60     |
  | 0     | 29    | 376182456929.67     |
  | 0     | 30    | 294949143789.86     |
  | 0     | 31    | 295097798558.09     |
  | 0     | 32    | 36721827387.91      |
  | 0     | 33    | 43985065038.52      |
  | 0     | 34    | 125811917299.43     |
  | 0     | 35    | 376122620208.93     |
  | 0     | 36    | 294413715718.43     |
  | 0     | 37    | 294885935743.38     |
  | 0     | 38    | 36716181069.64      |
  | 0     | 39    | 87995828455.34      |
  | 0     | 40    | 106961787619.48     |
  | 0     | 41    | 362157166001.81     |
  | 0     | 42    | 352022365328.53     |
  | 0     | 43    | 267866102435.61     |
  | 0     | 44    | 36713434212.10      |
  | 0     | 45    | 43951431293.99      |
  | 0     | 46    | 124802669329.59     |
  | 0     | 47    | 369386227510.58     |
  | 0     | 48    | 376237013378.37     |
  | 0     | 49    | 267817892994.02     |
  | 0     | 50    | 36717859704.80      |
  | 0     | 51    | 43920040816.46      |
  | 0     | 52    | 124783831743.01     |
  | 0     | 53    | 369419543035.03     |
  | 0     | 54    | 369057766828.51     |
  | 0     | 55    | 267864316900.74     |
  | 0     | 56    | 36705346242.68      |
  | 0     | 57    | 43898310121.27      |
  | 0     | 58    | 124756065707.44     |
  | 0     | 59    | 369462377280.74     |
  | 0     | 60    | 290528887600.21     |
  | 0     | 61    | 294842828825.96     |
  | 0     | 62    | 36703820210.72      |
  | 0     | 63    | 43884316408.14      |
  | 0     | 64    | 125556113285.12     |
  | 0     | 65    | 376173374328.20     |
  | 0     | 66    | 290133860667.52     |
  | 0     | 67    | 294914343177.17     |
  | 0     | 68    | 36698173892.45      |
  | 0     | 69    | 44117372009.94      |
  | 0     | 70    | 125846092669.25     |
  | 0     | 71    | 376003798091.88     |
  | 0     | 72    | 290496761915.93     |
  | 0     | 73    | 56737293828.10      |
  | 1     | 0     | 101443080759.65     |
  | 1     | 1     | 267426860856.71     |
  | 1     | 2     | 36614547340.73      |
  | 1     | 3     | 87961553777.39      |
  | 1     | 4     | 105852261671.48     |
  | 1     | 5     | 362421734506.05     |
  | 1     | 6     | 295482192180.96     |
  | 1     | 7     | 294916227090.75     |
  | 1     | 8     | 36679403699.27      |
  | 1     | 9     | 43894418739.75      |
  | 1     | 10    | 125505614795.62     |
  | 1     | 11    | 376184273449.96     |
  | 1     | 12    | 372107016681.40     |
  | 1     | 13    | 268050012527.59     |
  | 1     | 14    | 36707482687.44      |
  | 1     | 15    | 43896097374.92      |
  | 1     | 16    | 124883583108.18     |
  | 1     | 17    | 369367190068.04     |
  | 1     | 18    | 295677325966.99     |
  | 1     | 19    | 295117465004.67     |
  | 1     | 20    | 36715875863.25      |
  | 1     | 21    | 43955704183.50      |
  | 1     | 22    | 125869094696.36     |
  | 1     | 23    | 376113624366.63     |
  | 1     | 24    | 295448876656.52     |
  | 1     | 25    | 295138820156.69     |
  | 1     | 26    | 36716486276.03      |
  | 1     | 27    | 43958588383.91      |
  | 1     | 28    | 125850784636.60     |
  | 1     | 29    | 376182456929.67     |
  | 1     | 30    | 294949143789.86     |
  | 1     | 31    | 295097798558.09     |
  | 1     | 32    | 36721827387.91      |
  | 1     | 33    | 43985065038.52      |
  | 1     | 34    | 125811917299.43     |
  | 1     | 35    | 376122620208.93     |
  | 1     | 36    | 294413715718.43     |
  | 1     | 37    | 294885935743.38     |
  | 1     | 38    | 36716181069.64      |
  | 1     | 39    | 87995828455.34      |
  | 1     | 40    | 106961787619.48     |
  | 1     | 41    | 362157166001.81     |
  | 1     | 42    | 352022365328.53     |
  | 1     | 43    | 267866102435.61     |
  | 1     | 44    | 36713434212.10      |
  | 1     | 45    | 43951431293.99      |
  | 1     | 46    | 124802669329.59     |
  | 1     | 47    | 369386227510.58     |
  | 1     | 48    | 376237013378.37     |
  | 1     | 49    | 267817892994.02     |
  | 1     | 50    | 36717859704.80      |
  | 1     | 51    | 43920040816.46      |
  | 1     | 52    | 124783831743.01     |
  | 1     | 53    | 369419543035.03     |
  | 1     | 54    | 369057766828.51     |
  | 1     | 55    | 267864316900.74     |
  | 1     | 56    | 36705346242.68      |
  | 1     | 57    | 43898310121.27      |
  | 1     | 58    | 124756065707.44     |
  | 1     | 59    | 369462377280.74     |
  | 1     | 60    | 290528887600.21     |
  | 1     | 61    | 294842828825.96     |
  | 1     | 62    | 36703820210.72      |
  | 1     | 63    | 43884316408.14      |
  | 1     | 64    | 125556113285.12     |
  | 1     | 65    | 376173374328.20     |
  | 1     | 66    | 290133860667.52     |
  | 1     | 67    | 294914343177.17     |
  | 1     | 68    | 36698173892.45      |
  | 1     | 69    | 44117372009.94      |
  | 1     | 70    | 125846092669.25     |
  | 1     | 71    | 376003798091.88     |
  | 1     | 72    | 290496761915.93     |
  | 1     | 73    | 56737293828.10      |
  | 2     | 0     | 101443080759.65     |
  | 2     | 1     | 267426860856.71     |
  | 2     | 2     | 36614547340.73      |
  | 2     | 3     | 87961553777.39      |
  | 2     | 4     | 105852261671.48     |
  | 2     | 5     | 362421734506.05     |
  | 2     | 6     | 295482192180.96     |
  | 2     | 7     | 294916227090.75     |
  | 2     | 8     | 36679403699.27      |
  | 2     | 9     | 43894418739.75      |
  | 2     | 10    | 125505614795.62     |
  | 2     | 11    | 376184273449.96     |
  | 2     | 12    | 372107016681.40     |
  | 2     | 13    | 268050012527.59     |
  | 2     | 14    | 36707482687.44      |
  | 2     | 15    | 43896097374.92      |
  | 2     | 16    | 124883583108.18     |
  | 2     | 17    | 369367190068.04     |
  | 2     | 18    | 295677325966.99     |
  | 2     | 19    | 295117465004.67     |
  | 2     | 20    | 36715875863.25      |
  | 2     | 21    | 43955704183.50      |
  | 2     | 22    | 125869094696.36     |
  | 2     | 23    | 376113624366.63     |
  | 2     | 24    | 295448876656.52     |
  | 2     | 25    | 295138820156.69     |
  | 2     | 26    | 36716486276.03      |
  | 2     | 27    | 43958588383.91      |
  | 2     | 28    | 125850784636.60     |
  | 2     | 29    | 376182456929.67     |
  | 2     | 30    | 294949143789.86     |
  | 2     | 31    | 295097798558.09     |
  | 2     | 32    | 36721827387.91      |
  | 2     | 33    | 43985065038.52      |
  | 2     | 34    | 125811917299.43     |
  | 2     | 35    | 376122620208.93     |
  | 2     | 36    | 294413715718.43     |
  | 2     | 37    | 294885935743.38     |
  | 2     | 38    | 36716181069.64      |
  | 2     | 39    | 87995828455.34      |
  | 2     | 40    | 106961787619.48     |
  | 2     | 41    | 362157166001.81     |
  | 2     | 42    | 352022365328.53     |
  | 2     | 43    | 267866102435.61     |
  | 2     | 44    | 36713434212.10      |
  | 2     | 45    | 43951431293.99      |
  | 2     | 46    | 124802669329.59     |
  | 2     | 47    | 369386227510.58     |
  | 2     | 48    | 376237013378.37     |
  | 2     | 49    | 267817892994.02     |
  | 2     | 50    | 36717859704.80      |
  | 2     | 51    | 43920040816.46      |
  | 2     | 52    | 124783831743.01     |
  | 2     | 53    | 369419543035.03     |
  | 2     | 54    | 369057766828.51     |
  | 2     | 55    | 267864316900.74     |
  | 2     | 56    | 36705346242.68      |
  | 2     | 57    | 43898310121.27      |
  | 2     | 58    | 124756065707.44     |
  | 2     | 59    | 369462377280.74     |
  | 2     | 60    | 290528887600.21     |
  | 2     | 61    | 294842828825.96     |
  | 2     | 62    | 36703820210.72      |
  | 2     | 63    | 43884316408.14      |
  | 2     | 64    | 125556113285.12     |
  | 2     | 65    | 376173374328.20     |
  | 2     | 66    | 290133860667.52     |
  | 2     | 67    | 294914343177.17     |
  | 2     | 68    | 36698173892.45      |
  | 2     | 69    | 44117372009.94      |
  | 2     | 70    | 125846092669.25     |
  | 2     | 71    | 376003798091.88     |
  | 2     | 72    | 290496761915.93     |
  | 2     | 73    | 56737293828.10      |
  | 3     | 0     | 101443080759.65     |
  | 3     | 1     | 267426860856.71     |
  | 3     | 2     | 36614547340.73      |
  | 3     | 3     | 87961553777.39      |
  | 3     | 4     | 105852261671.48     |
  | 3     | 5     | 362421734506.05     |
  | 3     | 6     | 295482192180.96     |
  | 3     | 7     | 294916227090.75     |
  | 3     | 8     | 36679403699.27      |
  | 3     | 9     | 43894418739.75      |
  | 3     | 10    | 125505614795.62     |
  | 3     | 11    | 376184273449.96     |
  | 3     | 12    | 372107016681.40     |
  | 3     | 13    | 268050012527.59     |
  | 3     | 14    | 36707482687.44      |
  | 3     | 15    | 43896097374.92      |
  | 3     | 16    | 124883583108.18     |
  | 3     | 17    | 369367190068.04     |
  | 3     | 18    | 295677325966.99     |
  | 3     | 19    | 295117465004.67     |
  | 3     | 20    | 36715875863.25      |
  | 3     | 21    | 43955704183.50      |
  | 3     | 22    | 125869094696.36     |
  | 3     | 23    | 376113624366.63     |
  | 3     | 24    | 295448876656.52     |
  | 3     | 25    | 295138820156.69     |
  | 3     | 26    | 36716486276.03      |
  | 3     | 27    | 43958588383.91      |
  | 3     | 28    | 125850784636.60     |
  | 3     | 29    | 376182456929.67     |
  | 3     | 30    | 294949143789.86     |
  | 3     | 31    | 295097798558.09     |
  | 3     | 32    | 36721827387.91      |
  | 3     | 33    | 43985065038.52      |
  | 3     | 34    | 125811917299.43     |
  | 3     | 35    | 376122620208.93     |
  | 3     | 36    | 294413715718.43     |
  | 3     | 37    | 294885935743.38     |
  | 3     | 38    | 36716181069.64      |
  | 3     | 39    | 87995828455.34      |
  | 3     | 40    | 106961787619.48     |
  | 3     | 41    | 362157166001.81     |
  | 3     | 42    | 352022365328.53     |
  | 3     | 43    | 267866102435.61     |
  | 3     | 44    | 36713434212.10      |
  | 3     | 45    | 43951431293.99      |
  | 3     | 46    | 124802669329.59     |
  | 3     | 47    | 369386227510.58     |
  | 3     | 48    | 376237013378.37     |
  | 3     | 49    | 267817892994.02     |
  | 3     | 50    | 36717859704.80      |
  | 3     | 51    | 43920040816.46      |
  | 3     | 52    | 124783831743.01     |
  | 3     | 53    | 369419543035.03     |
  | 3     | 54    | 369057766828.51     |
  | 3     | 55    | 267864316900.74     |
  | 3     | 56    | 36705346242.68      |
  | 3     | 57    | 43898310121.27      |
  | 3     | 58    | 124756065707.44     |
  | 3     | 59    | 369462377280.74     |
  | 3     | 60    | 290528887600.21     |
  | 3     | 61    | 294842828825.96     |
  | 3     | 62    | 36703820210.72      |
  | 3     | 63    | 43884316408.14      |
  | 3     | 64    | 125556113285.12     |
  | 3     | 65    | 376173374328.20     |
  | 3     | 66    | 290133860667.52     |
  | 3     | 67    | 294914343177.17     |
  | 3     | 68    | 36698173892.45      |
  | 3     | 69    | 44117372009.94      |
  | 3     | 70    | 125846092669.25     |
  | 3     | 71    | 376003798091.88     |
  | 3     | 72    | 290496761915.93     |
  | 3     | 73    | 56737293828.10      |
  | 4     | 0     | 101443080759.65     |
  | 4     | 1     | 267426860856.71     |
  | 4     | 2     | 36614547340.73      |
  | 4     | 3     | 87961553777.39      |
  | 4     | 4     | 105852261671.48     |
  | 4     | 5     | 362421734506.05     |
  | 4     | 6     | 295482192180.96     |
  | 4     | 7     | 294916227090.75     |
  | 4     | 8     | 36679403699.27      |
  | 4     | 9     | 43894418739.75      |
  | 4     | 10    | 125505614795.62     |
  | 4     | 11    | 376184273449.96     |
  | 4     | 12    | 372107016681.40     |
  | 4     | 13    | 268050012527.59     |
  | 4     | 14    | 36707482687.44      |
  | 4     | 15    | 43896097374.92      |
  | 4     | 16    | 124883583108.18     |
  | 4     | 17    | 369367190068.04     |
  | 4     | 18    | 295677325966.99     |
  | 4     | 19    | 295117465004.67     |
  | 4     | 20    | 36715875863.25      |
  | 4     | 21    | 43955704183.50      |
  | 4     | 22    | 125869094696.36     |
  | 4     | 23    | 376113624366.63     |
  | 4     | 24    | 295448876656.52     |
  | 4     | 25    | 295138820156.69     |
  | 4     | 26    | 36716486276.03      |
  | 4     | 27    | 43958588383.91      |
  | 4     | 28    | 125850784636.60     |
  | 4     | 29    | 376182456929.67     |
  | 4     | 30    | 294949143789.86     |
  | 4     | 31    | 295097798558.09     |
  | 4     | 32    | 36721827387.91      |
  | 4     | 33    | 43985065038.52      |
  | 4     | 34    | 125811917299.43     |
  | 4     | 35    | 376122620208.93     |
  | 4     | 36    | 294413715718.43     |
  | 4     | 37    | 294885935743.38     |
  | 4     | 38    | 36716181069.64      |
  | 4     | 39    | 87995828455.34      |
  | 4     | 40    | 106961787619.48     |
  | 4     | 41    | 362157166001.81     |
  | 4     | 42    | 352022365328.53     |
  | 4     | 43    | 267866102435.61     |
  | 4     | 44    | 36713434212.10      |
  | 4     | 45    | 43951431293.99      |
  | 4     | 46    | 124802669329.59     |
  | 4     | 47    | 369386227510.58     |
  | 4     | 48    | 376237013378.37     |
  | 4     | 49    | 267817892994.02     |
  | 4     | 50    | 36717859704.80      |
  | 4     | 51    | 43920040816.46      |
  | 4     | 52    | 124783831743.01     |
  | 4     | 53    | 369419543035.03     |
  | 4     | 54    | 369057766828.51     |
  | 4     | 55    | 267864316900.74     |
  | 4     | 56    | 36705346242.68      |
  | 4     | 57    | 43898310121.27      |
  | 4     | 58    | 124756065707.44     |
  | 4     | 59    | 369462377280.74     |
  | 4     | 60    | 290528887600.21     |
  | 4     | 61    | 294842828825.96     |
  | 4     | 62    | 36703820210.72      |
  | 4     | 63    | 43884316408.14      |
  | 4     | 64    | 125556113285.12     |
  | 4     | 65    | 376173374328.20     |
  | 4     | 66    | 290133860667.52     |
  | 4     | 67    | 294914343177.17     |
  | 4     | 68    | 36698173892.45      |
  | 4     | 69    | 44117372009.94      |
  | 4     | 70    | 125846092669.25     |
  | 4     | 71    | 376003798091.88     |
  | 4     | 72    | 290496761915.93     |
  | 4     | 73    | 56737293828.10      |
  | 5     | 0     | 101443080759.65     |
  | 5     | 1     | 267426860856.71     |
  | 5     | 2     | 36614547340.73      |
  | 5     | 3     | 87961553777.39      |
  | 5     | 4     | 105852261671.48     |
  | 5     | 5     | 362421734506.05     |
  | 5     | 6     | 295482192180.96     |
  | 5     | 7     | 294916227090.75     |
  | 5     | 8     | 36679403699.27      |
  | 5     | 9     | 43894418739.75      |
  | 5     | 10    | 125505614795.62     |
  | 5     | 11    | 376184273449.96     |
  | 5     | 12    | 372107016681.40     |
  | 5     | 13    | 268050012527.59     |
  | 5     | 14    | 36707482687.44      |
  | 5     | 15    | 43896097374.92      |
  | 5     | 16    | 124883583108.18     |
  | 5     | 17    | 369367190068.04     |
  | 5     | 18    | 295677325966.99     |
  | 5     | 19    | 295117465004.67     |
  | 5     | 20    | 36715875863.25      |
  | 5     | 21    | 43955704183.50      |
  | 5     | 22    | 125869094696.36     |
  | 5     | 23    | 376113624366.63     |
  | 5     | 24    | 295448876656.52     |
  | 5     | 25    | 295138820156.69     |
  | 5     | 26    | 36716486276.03      |
  | 5     | 27    | 43958588383.91      |
  | 5     | 28    | 125850784636.60     |
  | 5     | 29    | 376182456929.67     |
  | 5     | 30    | 294949143789.86     |
  | 5     | 31    | 295097798558.09     |
  | 5     | 32    | 36721827387.91      |
  | 5     | 33    | 43985065038.52      |
  | 5     | 34    | 125811917299.43     |
  | 5     | 35    | 376122620208.93     |
  | 5     | 36    | 294413715718.43     |
  | 5     | 37    | 294885935743.38     |
  | 5     | 38    | 36716181069.64      |
  | 5     | 39    | 87995828455.34      |
  | 5     | 40    | 106961787619.48     |
  | 5     | 41    | 362157166001.81     |
  | 5     | 42    | 352022365328.53     |
  | 5     | 43    | 267866102435.61     |
  | 5     | 44    | 36713434212.10      |
  | 5     | 45    | 43951431293.99      |
  | 5     | 46    | 124802669329.59     |
  | 5     | 47    | 369386227510.58     |
  | 5     | 48    | 376237013378.37     |
  | 5     | 49    | 267817892994.02     |
  | 5     | 50    | 36717859704.80      |
  | 5     | 51    | 43920040816.46      |
  | 5     | 52    | 124783831743.01     |
  | 5     | 53    | 369419543035.03     |
  | 5     | 54    | 369057766828.51     |
  | 5     | 55    | 267864316900.74     |
  | 5     | 56    | 36705346242.68      |
  | 5     | 57    | 43898310121.27      |
  | 5     | 58    | 124756065707.44     |
  | 5     | 59    | 369462377280.74     |
  | 5     | 60    | 290528887600.21     |
  | 5     | 61    | 294842828825.96     |
  | 5     | 62    | 36703820210.72      |
  | 5     | 63    | 43884316408.14      |
  | 5     | 64    | 125556113285.12     |
  | 5     | 65    | 376173374328.20     |
  | 5     | 66    | 290133860667.52     |
  | 5     | 67    | 294914343177.17     |
  | 5     | 68    | 36698173892.45      |
  | 5     | 69    | 44117372009.94      |
  | 5     | 70    | 125846092669.25     |
  | 5     | 71    | 376003798091.88     |
  | 5     | 72    | 290496761915.93     |
  | 5     | 73    | 56737293828.10      |
  | 6     | 0     | 101443080759.65     |
  | 6     | 1     | 267426860856.71     |
  | 6     | 2     | 36614547340.73      |
  | 6     | 3     | 87961553777.39      |
  | 6     | 4     | 105852261671.48     |
  | 6     | 5     | 362421734506.05     |
  | 6     | 6     | 295482192180.96     |
  | 6     | 7     | 294916227090.75     |
  | 6     | 8     | 36679403699.27      |
  | 6     | 9     | 43894418739.75      |
  | 6     | 10    | 125505614795.62     |
  | 6     | 11    | 376184273449.96     |
  | 6     | 12    | 372107016681.40     |
  | 6     | 13    | 268050012527.59     |
  | 6     | 14    | 36707482687.44      |
  | 6     | 15    | 43896097374.92      |
  | 6     | 16    | 124883583108.18     |
  | 6     | 17    | 369367190068.04     |
  | 6     | 18    | 295677325966.99     |
  | 6     | 19    | 295117465004.67     |
  | 6     | 20    | 36715875863.25      |
  | 6     | 21    | 43955704183.50      |
  | 6     | 22    | 125869094696.36     |
  | 6     | 23    | 376113624366.63     |
  | 6     | 24    | 295448876656.52     |
  | 6     | 25    | 295138820156.69     |
  | 6     | 26    | 36716486276.03      |
  | 6     | 27    | 43958588383.91      |
  | 6     | 28    | 125850784636.60     |
  | 6     | 29    | 376182456929.67     |
  | 6     | 30    | 294949143789.86     |
  | 6     | 31    | 295097798558.09     |
  | 6     | 32    | 36721827387.91      |
  | 6     | 33    | 43985065038.52      |
  | 6     | 34    | 125811917299.43     |
  | 6     | 35    | 376122620208.93     |
  | 6     | 36    | 294413715718.43     |
  | 6     | 37    | 294885935743.38     |
  | 6     | 38    | 36716181069.64      |
  | 6     | 39    | 87995828455.34      |
  | 6     | 40    | 106961787619.48     |
  | 6     | 41    | 362157166001.81     |
  | 6     | 42    | 352022365328.53     |
  | 6     | 43    | 267866102435.61     |
  | 6     | 44    | 36713434212.10      |
  | 6     | 45    | 43951431293.99      |
  | 6     | 46    | 124802669329.59     |
  | 6     | 47    | 369386227510.58     |
  | 6     | 48    | 376237013378.37     |
  | 6     | 49    | 267817892994.02     |
  | 6     | 50    | 36717859704.80      |
  | 6     | 51    | 43920040816.46      |
  | 6     | 52    | 124783831743.01     |
  | 6     | 53    | 369419543035.03     |
  | 6     | 54    | 369057766828.51     |
  | 6     | 55    | 267864316900.74     |
  | 6     | 56    | 36705346242.68      |
  | 6     | 57    | 43898310121.27      |
  | 6     | 58    | 124756065707.44     |
  | 6     | 59    | 369462377280.74     |
  | 6     | 60    | 290528887600.21     |
  | 6     | 61    | 294842828825.96     |
  | 6     | 62    | 36703820210.72      |
  | 6     | 63    | 43884316408.14      |
  | 6     | 64    | 125556113285.12     |
  | 6     | 65    | 376173374328.20     |
  | 6     | 66    | 290133860667.52     |
  | 6     | 67    | 294914343177.17     |
  | 6     | 68    | 36698173892.45      |
  | 6     | 69    | 44117372009.94      |
  | 6     | 70    | 125846092669.25     |
  | 6     | 71    | 376003798091.88     |
  | 6     | 72    | 290496761915.93     |
  | 6     | 73    | 56737293828.10      |
  | 7     | 0     | 101443080759.65     |
  | 7     | 1     | 267426860856.71     |
  | 7     | 2     | 36614547340.73      |
  | 7     | 3     | 87961553777.39      |
  | 7     | 4     | 105852261671.48     |
  | 7     | 5     | 362421734506.05     |
  | 7     | 6     | 295482192180.96     |
  | 7     | 7     | 294916227090.75     |
  | 7     | 8     | 36679403699.27      |
  | 7     | 9     | 43894418739.75      |
  | 7     | 10    | 125505614795.62     |
  | 7     | 11    | 376184273449.96     |
  | 7     | 12    | 372107016681.40     |
  | 7     | 13    | 268050012527.59     |
  | 7     | 14    | 36707482687.44      |
  | 7     | 15    | 43896097374.92      |
  | 7     | 16    | 124883583108.18     |
  | 7     | 17    | 369367190068.04     |
  | 7     | 18    | 295677325966.99     |
  | 7     | 19    | 295117465004.67     |
  | 7     | 20    | 36715875863.25      |
  | 7     | 21    | 43955704183.50      |
  | 7     | 22    | 125869094696.36     |
  | 7     | 23    | 376113624366.63     |
  | 7     | 24    | 295448876656.52     |
  | 7     | 25    | 295138820156.69     |
  | 7     | 26    | 36716486276.03      |
  | 7     | 27    | 43958588383.91      |
  | 7     | 28    | 125850784636.60     |
  | 7     | 29    | 376182456929.67     |
  | 7     | 30    | 294949143789.86     |
  | 7     | 31    | 295097798558.09     |
  | 7     | 32    | 36721827387.91      |
  | 7     | 33    | 43985065038.52      |
  | 7     | 34    | 125811917299.43     |
  | 7     | 35    | 376122620208.93     |
  | 7     | 36    | 294413715718.43     |
  | 7     | 37    | 294885935743.38     |
  | 7     | 38    | 36716181069.64      |
  | 7     | 39    | 87995828455.34      |
  | 7     | 40    | 106961787619.48     |
  | 7     | 41    | 362157166001.81     |
  | 7     | 42    | 352022365328.53     |
  | 7     | 43    | 267866102435.61     |
  | 7     | 44    | 36713434212.10      |
  | 7     | 45    | 43951431293.99      |
  | 7     | 46    | 124802669329.59     |
  | 7     | 47    | 369386227510.58     |
  | 7     | 48    | 376237013378.37     |
  | 7     | 49    | 267817892994.02     |
  | 7     | 50    | 36717859704.80      |
  | 7     | 51    | 43920040816.46      |
  | 7     | 52    | 124783831743.01     |
  | 7     | 53    | 369419543035.03     |
  | 7     | 54    | 369057766828.51     |
  | 7     | 55    | 267864316900.74     |
  | 7     | 56    | 36705346242.68      |
  | 7     | 57    | 43898310121.27      |
  | 7     | 58    | 124756065707.44     |
  | 7     | 59    | 369462377280.74     |
  | 7     | 60    | 290528887600.21     |
  | 7     | 61    | 294842828825.96     |
  | 7     | 62    | 36703820210.72      |
  | 7     | 63    | 43884316408.14      |
  | 7     | 64    | 125556113285.12     |
  | 7     | 65    | 376173374328.20     |
  | 7     | 66    | 290133860667.52     |
  | 7     | 67    | 294914343177.17     |
  | 7     | 68    | 36698173892.45      |
  | 7     | 69    | 44117372009.94      |
  | 7     | 70    | 125846092669.25     |
  | 7     | 71    | 376003798091.88     |
  | 7     | 72    | 290496761915.93     |
  | 7     | 73    | 56737293828.10      |
  | 8     | 0     | 101443080759.65     |
  | 8     | 1     | 267426860856.71     |
  | 8     | 2     | 36614547340.73      |
  | 8     | 3     | 87961553777.39      |
  | 8     | 4     | 105852261671.48     |
  | 8     | 5     | 362421734506.05     |
  | 8     | 6     | 295482192180.96     |
  | 8     | 7     | 294916227090.75     |
  | 8     | 8     | 36679403699.27      |
  | 8     | 9     | 43894418739.75      |
  | 8     | 10    | 125505614795.62     |
  | 8     | 11    | 376184273449.96     |
  | 8     | 12    | 372107016681.40     |
  | 8     | 13    | 268050012527.59     |
  | 8     | 14    | 36707482687.44      |
  | 8     | 15    | 43896097374.92      |
  | 8     | 16    | 124883583108.18     |
  | 8     | 17    | 369367190068.04     |
  | 8     | 18    | 295677325966.99     |
  | 8     | 19    | 295117465004.67     |
  | 8     | 20    | 36715875863.25      |
  | 8     | 21    | 43955704183.50      |
  | 8     | 22    | 125869094696.36     |
  | 8     | 23    | 376113624366.63     |
  | 8     | 24    | 295448876656.52     |
  | 8     | 25    | 295138820156.69     |
  | 8     | 26    | 36716486276.03      |
  | 8     | 27    | 43958588383.91      |
  | 8     | 28    | 125850784636.60     |
  | 8     | 29    | 376182456929.67     |
  | 8     | 30    | 294949143789.86     |
  | 8     | 31    | 295097798558.09     |
  | 8     | 32    | 36721827387.91      |
  | 8     | 33    | 43985065038.52      |
  | 8     | 34    | 125811917299.43     |
  | 8     | 35    | 376122620208.93     |
  | 8     | 36    | 294413715718.43     |
  | 8     | 37    | 294885935743.38     |
  | 8     | 38    | 36716181069.64      |
  | 8     | 39    | 87995828455.34      |
  | 8     | 40    | 106961787619.48     |
  | 8     | 41    | 362157166001.81     |
  | 8     | 42    | 352022365328.53     |
  | 8     | 43    | 267866102435.61     |
  | 8     | 44    | 36713434212.10      |
  | 8     | 45    | 43951431293.99      |
  | 8     | 46    | 124802669329.59     |
  | 8     | 47    | 369386227510.58     |
  | 8     | 48    | 376237013378.37     |
  | 8     | 49    | 267817892994.02     |
  | 8     | 50    | 36717859704.80      |
  | 8     | 51    | 43920040816.46      |
  | 8     | 52    | 124783831743.01     |
  | 8     | 53    | 369419543035.03     |
  | 8     | 54    | 369057766828.51     |
  | 8     | 55    | 267864316900.74     |
  | 8     | 56    | 36705346242.68      |
  | 8     | 57    | 43898310121.27      |
  | 8     | 58    | 124756065707.44     |
  | 8     | 59    | 369462377280.74     |
  | 8     | 60    | 290528887600.21     |
  | 8     | 61    | 294842828825.96     |
  | 8     | 62    | 36703820210.72      |
  | 8     | 63    | 43884316408.14      |
  | 8     | 64    | 125556113285.12     |
  | 8     | 65    | 376173374328.20     |
  | 8     | 66    | 290133860667.52     |
  | 8     | 67    | 294914343177.17     |
  | 8     | 68    | 36698173892.45      |
  | 8     | 69    | 44117372009.94      |
  | 8     | 70    | 125846092669.25     |
  | 8     | 71    | 376003798091.88     |
  | 8     | 72    | 290496761915.93     |
  | 8     | 73    | 56737293828.10      |
  | 9     | 0     | 101443080759.65     |
  | 9     | 1     | 267426860856.71     |
  | 9     | 2     | 36614547340.73      |
  | 9     | 3     | 87961553777.39      |
  | 9     | 4     | 105852261671.48     |
  | 9     | 5     | 362421734506.05     |
  | 9     | 6     | 295482192180.96     |
  | 9     | 7     | 294916227090.75     |
  | 9     | 8     | 36679403699.27      |
  | 9     | 9     | 43894418739.75      |
  | 9     | 10    | 125505614795.62     |
  | 9     | 11    | 376184273449.96     |
  | 9     | 12    | 372107016681.40     |
  | 9     | 13    | 268050012527.59     |
  | 9     | 14    | 36707482687.44      |
  | 9     | 15    | 43896097374.92      |
  | 9     | 16    | 124883583108.18     |
  | 9     | 17    | 369367190068.04     |
  | 9     | 18    | 295677325966.99     |
  | 9     | 19    | 295117465004.67     |
  | 9     | 20    | 36715875863.25      |
  | 9     | 21    | 43955704183.50      |
  | 9     | 22    | 125869094696.36     |
  | 9     | 23    | 376113624366.63     |
  | 9     | 24    | 295448876656.52     |
  | 9     | 25    | 295138820156.69     |
  | 9     | 26    | 36716486276.03      |
  | 9     | 27    | 43958588383.91      |
  | 9     | 28    | 125850784636.60     |
  | 9     | 29    | 376182456929.67     |
  | 9     | 30    | 294949143789.86     |
  | 9     | 31    | 295097798558.09     |
  | 9     | 32    | 36721827387.91      |
  | 9     | 33    | 43985065038.52      |
  | 9     | 34    | 125811917299.43     |
  | 9     | 35    | 376122620208.93     |
  | 9     | 36    | 294413715718.43     |
  | 9     | 37    | 294885935743.38     |
  | 9     | 38    | 36716181069.64      |
  | 9     | 39    | 87995828455.34      |
  | 9     | 40    | 106961787619.48     |
  | 9     | 41    | 362157166001.81     |
  | 9     | 42    | 352022365328.53     |
  | 9     | 43    | 267866102435.61     |
  | 9     | 44    | 36713434212.10      |
  | 9     | 45    | 43951431293.99      |
  | 9     | 46    | 124802669329.59     |
  | 9     | 47    | 369386227510.58     |
  | 9     | 48    | 376237013378.37     |
  | 9     | 49    | 267817892994.02     |
  | 9     | 50    | 36717859704.80      |
  | 9     | 51    | 43920040816.46      |
  | 9     | 52    | 124783831743.01     |
  | 9     | 53    | 369419543035.03     |
  | 9     | 54    | 369057766828.51     |
  | 9     | 55    | 267864316900.74     |
  | 9     | 56    | 36705346242.68      |
  | 9     | 57    | 43898310121.27      |
  | 9     | 58    | 124756065707.44     |
  | 9     | 59    | 369462377280.74     |
  | 9     | 60    | 290528887600.21     |
  | 9     | 61    | 294842828825.96     |
  | 9     | 62    | 36703820210.72      |
  | 9     | 63    | 43884316408.14      |
  | 9     | 64    | 125556113285.12     |
  | 9     | 65    | 376173374328.20     |
  | 9     | 66    | 290133860667.52     |
  | 9     | 67    | 294914343177.17     |
  | 9     | 68    | 36698173892.45      |
  | 9     | 69    | 44117372009.94      |
  | 9     | 70    | 125846092669.25     |
  | 9     | 71    | 376003798091.88     |
  | 9     | 72    | 290496761915.93     |
  | 9     | 73    | 56737293828.10      |
  +-------+-------+---------------------+

Model Mapping:
--------------------------------------------------
  --- Total chiplets used ---
    Value: 46.00
  ---------------------------

  Mapping Table:

  +-------+---------+--------------------+
  | Layer | Chiplet | Percent            |
  +-------+---------+--------------------+
  | 0     | 2       | 100                |
  | 1     | 2       | 100                |
  | 2     | 2       | 100                |
  | 3     | 2       | 5.56               |
  | 3     | 3       | 94.44              |
  | 4     | 3       | 100                |
  | 5     | 3       | 55.56              |
  | 5     | 4       | 44.44              |
  | 6     | 13      | 100                |
  | 7     | 12      | 94.44              |
  | 7     | 13      | 5.56               |
  | 8     | 12      | 100                |
  | 9     | 12      | 100                |
  | 10    | 11      | 77.78              |
  | 10    | 12      | 22.22              |
  | 11    | 11      | 84.72              |
  | 11    | 21      | 15.28              |
  | 12    | 21      | 88.89              |
  | 12    | 22      | 11.11              |
  | 13    | 31      | 100                |
  | 14    | 31      | 100                |
  | 15    | 31      | 100                |
  | 16    | 31      | 5.56               |
  | 16    | 32      | 94.44              |
  | 17    | 32      | 80.56              |
  | 17    | 33      | 19.44              |
  | 18    | 42      | 100                |
  | 19    | 41      | 94.44              |
  | 19    | 42      | 5.56               |
  | 20    | 41      | 100                |
  | 21    | 41      | 100                |
  | 22    | 41      | 22.22              |
  | 22    | 51      | 77.78              |
  | 23    | 51      | 84.72              |
  | 23    | 52      | 15.28              |
  | 24    | 61      | 100                |
  | 25    | 61      | 5.56               |
  | 25    | 62      | 94.44              |
  | 26    | 62      | 100                |
  | 27    | 62      | 100                |
  | 28    | 62      | 22.22              |
  | 28    | 63      | 77.78              |
  | 29    | 53      | 15.28              |
  | 29    | 63      | 84.72              |
  | 30    | 64      | 100                |
  | 31    | 54      | 94.44              |
  | 31    | 64      | 5.56               |
  | 32    | 54      | 100                |
  | 33    | 54      | 100                |
  | 34    | 44      | 77.78              |
  | 34    | 54      | 22.22              |
  | 35    | 34      | 15.28              |
  | 35    | 44      | 84.72              |
  | 36    | 43      | 100                |
  | 37    | 43      | 5.56               |
  | 37    | 53      | 94.44              |
  | 38    | 53      | 100                |
  | 39    | 52      | 38.89              |
  | 39    | 53      | 61.11              |
  | 40    | 52      | 100                |
  | 41    | 52      | 54.17              |
  | 41    | 72      | 45.83              |
  | 42    | 55      | 41.67              |
  | 42    | 72      | 58.33              |
  | 43    | 71      | 100                |
  | 44    | 71      | 100                |
  | 45    | 71      | 100                |
  | 46    | 71      | 5.56               |
  | 46    | 81      | 94.44              |
  | 47    | 81      | 80.56              |
  | 47    | 82      | 19.44              |
  | 48    | 82      | 84.72              |
  | 48    | 83      | 15.28              |
  | 49    | 92      | 100                |
  | 50    | 92      | 100                |
  | 51    | 92      | 100                |
  | 52    | 92      | 5.56               |
  | 52    | 93      | 94.44              |
  | 53    | 93      | 80.56              |
  | 53    | 94      | 19.44              |
  | 54    | 83      | 88.89              |
  | 54    | 94      | 11.11              |
  | 55    | 73      | 100                |
  | 56    | 73      | 100                |
  | 57    | 73      | 100                |
  | 58    | 73      | 5.56               |
  | 58    | 74      | 94.44              |
  | 59    | 74      | 80.56              |
  | 59    | 75      | 19.44              |
  | 60    | 84      | 100                |
  | 61    | 84      | 5.56               |
  | 61    | 85      | 94.44              |
  | 62    | 85      | 100                |
  | 63    | 85      | 100                |
  | 64    | 85      | 22.22              |
  | 64    | 86      | 77.78              |
  | 65    | 76      | 15.28              |
  | 65    | 86      | 84.72              |
  | 66    | 87      | 100                |
  | 67    | 77      | 94.44              |
  | 67    | 87      | 5.56               |
  | 68    | 77      | 100                |
  | 69    | 77      | 100                |
  | 70    | 67      | 77.78              |
  | 70    | 77      | 22.22              |
  | 71    | 57      | 15.28              |
  | 71    | 67      | 84.72              |
  | 72    | 66      | 100                |
  | 73    | 56      | 87.50              |
  | 73    | 66      | 12.50              |
  +-------+---------+--------------------+
