================================================================================
Model 1: densenet201
================================================================================


Model Overall Times:
--------------------------------------------------
  Overall Times:
    Start: 0.00 μs
    End: 6375.84 μs
    Duration: 6375.84 μs

Input Start/End Times:
--------------------------------------------------
  Input Times Table:

  +-------+------------+-------------------+
  | Input | Start (μs) | End (μs)          |
  +-------+------------+-------------------+
  | 0     | 0.00       | 6375.84           |
  +-------+------------+-------------------+

Summed Time Per Input:
--------------------------------------------------
  Summed Time Table:

  +-------+-------------------+-------------------------------+---------------------+-------------------+
  | Input | Compute (μs)      | Activation Communication (μs) | Weight Loading (μs) | Total (μs)        |
  +-------+-------------------+-------------------------------+---------------------+-------------------+
  | 0     | 61.15             | 152.73                        | 6161.96             | 6375.84           |
  +-------+-------------------+-------------------------------+---------------------+-------------------+

Layer Latency per input:
--------------------------------------------------
  Latency Table:

  +-------+-------+----------------------+------------------------------+
  | Input | Layer | Compute Latency (μs) | Activation Comm Latency (μs) |
  +-------+-------+----------------------+------------------------------+
  | 0     | 0     | 2.09                 | -1                           |
  | 0     | 1     | 0.26                 | -1                           |
  | 0     | 2     | 1.83                 | -1                           |
  | 0     | 3     | 0.52                 | -1                           |
  | 0     | 4     | 1.83                 | -1                           |
  | 0     | 5     | 0.52                 | -1                           |
  | 0     | 6     | 1.83                 | -1                           |
  | 0     | 7     | 1.04                 | -1                           |
  | 0     | 8     | 1.83                 | -1                           |
  | 0     | 9     | 1.04                 | -1                           |
  | 0     | 10    | 1.83                 | -1                           |
  | 0     | 11    | 1.04                 | -1                           |
  | 0     | 12    | 1.83                 | -1                           |
  | 0     | 13    | 1.04                 | -1                           |
  | 0     | 14    | 0.13                 | -1                           |
  | 0     | 15    | 0.52                 | -1                           |
  | 0     | 16    | 0.26                 | -1                           |
  | 0     | 17    | 0.52                 | -1                           |
  | 0     | 18    | 0.26                 | -1                           |
  | 0     | 19    | 0.52                 | -1                           |
  | 0     | 20    | 0.26                 | -1                           |
  | 0     | 21    | 0.52                 | -1                           |
  | 0     | 22    | 0.26                 | -1                           |
  | 0     | 23    | 0.52                 | -1                           |
  | 0     | 24    | 0.52                 | -1                           |
  | 0     | 25    | 0.52                 | -1                           |
  | 0     | 26    | 0.52                 | -1                           |
  | 0     | 27    | 0.52                 | -1                           |
  | 0     | 28    | 0.52                 | -1                           |
  | 0     | 29    | 0.52                 | -1                           |
  | 0     | 30    | 0.52                 | -1                           |
  | 0     | 31    | 0.52                 | -1                           |
  | 0     | 32    | 0.52                 | -1                           |
  | 0     | 33    | 0.52                 | -1                           |
  | 0     | 34    | 0.52                 | -1                           |
  | 0     | 35    | 0.52                 | -1                           |
  | 0     | 36    | 0.52                 | -1                           |
  | 0     | 37    | 0.52                 | 7.84                         |
  | 0     | 38    | 0.91                 | 59.58                        |
  | 0     | 39    | 0.07                 | -1                           |
  | 0     | 40    | 0.13                 | -1                           |
  | 0     | 41    | 0.13                 | -1                           |
  | 0     | 42    | 0.13                 | -1                           |
  | 0     | 43    | 0.13                 | -1                           |
  | 0     | 44    | 0.13                 | -1                           |
  | 0     | 45    | 0.13                 | -1                           |
  | 0     | 46    | 0.13                 | -1                           |
  | 0     | 47    | 0.13                 | -1                           |
  | 0     | 48    | 0.13                 | -1                           |
  | 0     | 49    | 0.13                 | -1                           |
  | 0     | 50    | 0.13                 | -1                           |
  | 0     | 51    | 0.13                 | -1                           |
  | 0     | 52    | 0.13                 | -1                           |
  | 0     | 53    | 0.13                 | -1                           |
  | 0     | 54    | 0.13                 | -1                           |
  | 0     | 55    | 0.13                 | -1                           |
  | 0     | 56    | 0.13                 | -1                           |
  | 0     | 57    | 0.26                 | -1                           |
  | 0     | 58    | 0.13                 | -1                           |
  | 0     | 59    | 0.26                 | -1                           |
  | 0     | 60    | 0.13                 | -1                           |
  | 0     | 61    | 0.26                 | -1                           |
  | 0     | 62    | 0.13                 | -1                           |
  | 0     | 63    | 0.26                 | -1                           |
  | 0     | 64    | 0.13                 | -1                           |
  | 0     | 65    | 0.26                 | -1                           |
  | 0     | 66    | 0.13                 | -1                           |
  | 0     | 67    | 0.26                 | -1                           |
  | 0     | 68    | 0.13                 | 1.96                         |
  | 0     | 69    | 0.26                 | 7.31                         |
  | 0     | 70    | 0.13                 | -1                           |
  | 0     | 71    | 0.26                 | -1                           |
  | 0     | 72    | 0.13                 | -1                           |
  | 0     | 73    | 0.26                 | -1                           |
  | 0     | 74    | 0.13                 | -1                           |
  | 0     | 75    | 0.26                 | -1                           |
  | 0     | 76    | 0.13                 | -1                           |
  | 0     | 77    | 0.26                 | -1                           |
  | 0     | 78    | 0.13                 | -1                           |
  | 0     | 79    | 0.26                 | -1                           |
  | 0     | 80    | 0.13                 | -1                           |
  | 0     | 81    | 0.26                 | -1                           |
  | 0     | 82    | 0.13                 | -1                           |
  | 0     | 83    | 0.26                 | -1                           |
  | 0     | 84    | 0.13                 | -1                           |
  | 0     | 85    | 0.26                 | -1                           |
  | 0     | 86    | 0.13                 | -1                           |
  | 0     | 87    | 0.26                 | -1                           |
  | 0     | 88    | 0.13                 | -1                           |
  | 0     | 89    | 0.46                 | -1                           |
  | 0     | 90    | 0.13                 | -1                           |
  | 0     | 91    | 0.46                 | -1                           |
  | 0     | 92    | 0.13                 | 1.96                         |
  | 0     | 93    | 0.46                 | -1                           |
  | 0     | 94    | 0.13                 | -1                           |
  | 0     | 95    | 0.46                 | -1                           |
  | 0     | 96    | 0.13                 | -1                           |
  | 0     | 97    | 0.46                 | -1                           |
  | 0     | 98    | 0.13                 | -1                           |
  | 0     | 99    | 0.46                 | -1                           |
  | 0     | 100   | 0.13                 | -1                           |
  | 0     | 101   | 0.46                 | -1                           |
  | 0     | 102   | 0.13                 | -1                           |
  | 0     | 103   | 0.46                 | -1                           |
  | 0     | 104   | 0.13                 | -1                           |
  | 0     | 105   | 0.46                 | -1                           |
  | 0     | 106   | 0.13                 | -1                           |
  | 0     | 107   | 0.46                 | -1                           |
  | 0     | 108   | 0.13                 | -1                           |
  | 0     | 109   | 0.46                 | -1                           |
  | 0     | 110   | 0.13                 | 1.96                         |
  | 0     | 111   | 0.46                 | 7.06                         |
  | 0     | 112   | 0.13                 | -1                           |
  | 0     | 113   | 0.46                 | -1                           |
  | 0     | 114   | 0.13                 | -1                           |
  | 0     | 115   | 0.46                 | -1                           |
  | 0     | 116   | 0.13                 | -1                           |
  | 0     | 117   | 0.46                 | -1                           |
  | 0     | 118   | 0.13                 | -1                           |
  | 0     | 119   | 0.46                 | -1                           |
  | 0     | 120   | 0.13                 | -1                           |
  | 0     | 121   | 0.46                 | -1                           |
  | 0     | 122   | 0.13                 | -1                           |
  | 0     | 123   | 0.46                 | -1                           |
  | 0     | 124   | 0.13                 | -1                           |
  | 0     | 125   | 0.46                 | -1                           |
  | 0     | 126   | 0.13                 | -1                           |
  | 0     | 127   | 0.46                 | -1                           |
  | 0     | 128   | 0.13                 | 1.96                         |
  | 0     | 129   | 0.46                 | 0.56                         |
  | 0     | 130   | 0.13                 | -1                           |
  | 0     | 131   | 0.46                 | -1                           |
  | 0     | 132   | 0.13                 | -1                           |
  | 0     | 133   | 0.46                 | -1                           |
  | 0     | 134   | 0.13                 | 1.96                         |
  | 0     | 135   | 3.65                 | 53.98                        |
  | 0     | 136   | 0.07                 | -1                           |
  | 0     | 137   | 0.03                 | -1                           |
  | 0     | 138   | 0.07                 | -1                           |
  | 0     | 139   | 0.03                 | -1                           |
  | 0     | 140   | 0.07                 | -1                           |
  | 0     | 141   | 0.03                 | -1                           |
  | 0     | 142   | 0.07                 | -1                           |
  | 0     | 143   | 0.03                 | -1                           |
  | 0     | 144   | 0.07                 | -1                           |
  | 0     | 145   | 0.03                 | -1                           |
  | 0     | 146   | 0.13                 | -1                           |
  | 0     | 147   | 0.03                 | -1                           |
  | 0     | 148   | 0.13                 | -1                           |
  | 0     | 149   | 0.03                 | -1                           |
  | 0     | 150   | 0.13                 | -1                           |
  | 0     | 151   | 0.03                 | -1                           |
  | 0     | 152   | 0.13                 | -1                           |
  | 0     | 153   | 0.03                 | -1                           |
  | 0     | 154   | 0.13                 | -1                           |
  | 0     | 155   | 0.03                 | 0.49                         |
  | 0     | 156   | 0.13                 | 1.37                         |
  | 0     | 157   | 0.03                 | -1                           |
  | 0     | 158   | 0.13                 | -1                           |
  | 0     | 159   | 0.03                 | -1                           |
  | 0     | 160   | 0.13                 | -1                           |
  | 0     | 161   | 0.03                 | -1                           |
  | 0     | 162   | 0.13                 | -1                           |
  | 0     | 163   | 0.03                 | -1                           |
  | 0     | 164   | 0.13                 | -1                           |
  | 0     | 165   | 0.03                 | -1                           |
  | 0     | 166   | 0.13                 | -1                           |
  | 0     | 167   | 0.03                 | -1                           |
  | 0     | 168   | 0.13                 | -1                           |
  | 0     | 169   | 0.03                 | -1                           |
  | 0     | 170   | 0.13                 | -1                           |
  | 0     | 171   | 0.03                 | -1                           |
  | 0     | 172   | 0.13                 | -1                           |
  | 0     | 173   | 0.03                 | 0.49                         |
  | 0     | 174   | 0.13                 | 1.47                         |
  | 0     | 175   | 0.03                 | -1                           |
  | 0     | 176   | 0.13                 | -1                           |
  | 0     | 177   | 0.03                 | -1                           |
  | 0     | 178   | 0.13                 | -1                           |
  | 0     | 179   | 0.03                 | -1                           |
  | 0     | 180   | 0.13                 | -1                           |
  | 0     | 181   | 0.03                 | -1                           |
  | 0     | 182   | 0.13                 | -1                           |
  | 0     | 183   | 0.03                 | -1                           |
  | 0     | 184   | 0.13                 | -1                           |
  | 0     | 185   | 0.03                 | -1                           |
  | 0     | 186   | 0.13                 | -1                           |
  | 0     | 187   | 0.03                 | -1                           |
  | 0     | 188   | 0.13                 | -1                           |
  | 0     | 189   | 0.03                 | 0.49                         |
  | 0     | 190   | 0.13                 | 1.79                         |
  | 0     | 191   | 0.03                 | -1                           |
  | 0     | 192   | 0.13                 | -1                           |
  | 0     | 193   | 0.03                 | -1                           |
  | 0     | 194   | 0.13                 | -1                           |
  | 0     | 195   | 0.03                 | -1                           |
  | 0     | 196   | 0.13                 | -1                           |
  | 0     | 197   | 0.03                 | -1                           |
  | 0     | 198   | 0.13                 | -1                           |
  | 0     | 199   | 0.03                 | 0.49                         |
  | 0     | 200   | 0.01                 | -1                           |
  +-------+-------+----------------------+------------------------------+

Phase Execution Schedule:
--------------------------------------------------
  Phase Schedule Table:

  +-------+----------+--------------------------+----------------------------------------------------------------------------------------------------------------------------------------------------------------------------------------------------------------------------------------------------------------------------------------------------------------------------------------------------------------------------------------------------------------------------------------------------------------------------------------------------------------------------------------------------------------------------------------------------------------------------------------------------------------------------------------------------------------------------------------------------------------------------------------------------------------------------------------------------------------------------------------------------------------------------------------+--------------------+----------------------+--------------------+
  | Input | Phase ID | Type                     | Description                                                                                                                                                                                                                                                                                                                                                                                                                                                                                                                                                                                                                                                                                                                                                                                                                                                                                                                            | Start (μs)         | Duration (μs)        | Completion (μs)    |
  +-------+----------+--------------------------+----------------------------------------------------------------------------------------------------------------------------------------------------------------------------------------------------------------------------------------------------------------------------------------------------------------------------------------------------------------------------------------------------------------------------------------------------------------------------------------------------------------------------------------------------------------------------------------------------------------------------------------------------------------------------------------------------------------------------------------------------------------------------------------------------------------------------------------------------------------------------------------------------------------------------------------+--------------------+----------------------+--------------------+
  | 0     | 401      | Weight Loading           | Layers [0, 1, 2, 3, 4, 5, 6, 7, 8, 9, 10, 11, 12, 13, 14, 15, 16, 17, 18, 19, 20, 21, 22, 23, 24, 25, 26, 27, 28, 29, 30, 31, 32, 33, 34, 35, 36, 37, 38, 39, 40, 41, 42, 43, 44, 45, 46, 47, 48, 49, 50, 51, 52, 53, 54, 55, 56, 57, 58, 59, 60, 61, 62, 63, 64, 65, 66, 67, 68, 69, 70, 71, 72, 73, 74, 75, 76, 77, 78, 79, 80, 81, 82, 83, 84, 85, 86, 87, 88, 89, 90, 91, 92, 93, 94, 95, 96, 97, 98, 99, 100, 101, 102, 103, 104, 105, 106, 107, 108, 109, 110, 111, 112, 113, 114, 115, 116, 117, 118, 119, 120, 121, 122, 123, 124, 125, 126, 127, 128, 129, 130, 131, 132, 133, 134, 135, 136, 137, 138, 139, 140, 141, 142, 143, 144, 145, 146, 147, 148, 149, 150, 151, 152, 153, 154, 155, 156, 157, 158, 159, 160, 161, 162, 163, 164, 165, 166, 167, 168, 169, 170, 171, 172, 173, 174, 175, 176, 177, 178, 179, 180, 181, 182, 183, 184, 185, 186, 187, 188, 189, 190, 191, 192, 193, 194, 195, 196, 197, 198, 199, 200] | 0.00               | 6161.96              | 6161.96            |
  | 0     | 0        | Compute                  | Layer 0                                                                                                                                                                                                                                                                                                                                                                                                                                                                                                                                                                                                                                                                                                                                                                                                                                                                                                                                | 6161.96            | 2.09                 | 6164.05            |
  | 0     | 1        | Activation Communication | Layer 0                                                                                                                                                                                                                                                                                                                                                                                                                                                                                                                                                                                                                                                                                                                                                                                                                                                                                                                                | 6164.05            | 0                    | 6164.05            |
  | 0     | 2        | Compute                  | Layer 1                                                                                                                                                                                                                                                                                                                                                                                                                                                                                                                                                                                                                                                                                                                                                                                                                                                                                                                                | 6164.05            | 0.26                 | 6164.31            |
  | 0     | 3        | Activation Communication | Layer 1                                                                                                                                                                                                                                                                                                                                                                                                                                                                                                                                                                                                                                                                                                                                                                                                                                                                                                                                | 6164.31            | 0                    | 6164.31            |
  | 0     | 4        | Compute                  | Layer 2                                                                                                                                                                                                                                                                                                                                                                                                                                                                                                                                                                                                                                                                                                                                                                                                                                                                                                                                | 6164.31            | 1.83                 | 6166.14            |
  | 0     | 5        | Activation Communication | Layer 2                                                                                                                                                                                                                                                                                                                                                                                                                                                                                                                                                                                                                                                                                                                                                                                                                                                                                                                                | 6166.14            | 0                    | 6166.14            |
  | 0     | 6        | Compute                  | Layer 3                                                                                                                                                                                                                                                                                                                                                                                                                                                                                                                                                                                                                                                                                                                                                                                                                                                                                                                                | 6166.14            | 0.52                 | 6166.66            |
  | 0     | 7        | Activation Communication | Layer 3                                                                                                                                                                                                                                                                                                                                                                                                                                                                                                                                                                                                                                                                                                                                                                                                                                                                                                                                | 6166.66            | 0                    | 6166.66            |
  | 0     | 8        | Compute                  | Layer 4                                                                                                                                                                                                                                                                                                                                                                                                                                                                                                                                                                                                                                                                                                                                                                                                                                                                                                                                | 6166.66            | 1.83                 | 6168.49            |
  | 0     | 9        | Activation Communication | Layer 4                                                                                                                                                                                                                                                                                                                                                                                                                                                                                                                                                                                                                                                                                                                                                                                                                                                                                                                                | 6168.49            | 0                    | 6168.49            |
  | 0     | 10       | Compute                  | Layer 5                                                                                                                                                                                                                                                                                                                                                                                                                                                                                                                                                                                                                                                                                                                                                                                                                                                                                                                                | 6168.49            | 0.52                 | 6169.01            |
  | 0     | 11       | Activation Communication | Layer 5                                                                                                                                                                                                                                                                                                                                                                                                                                                                                                                                                                                                                                                                                                                                                                                                                                                                                                                                | 6169.01            | 0                    | 6169.01            |
  | 0     | 12       | Compute                  | Layer 6                                                                                                                                                                                                                                                                                                                                                                                                                                                                                                                                                                                                                                                                                                                                                                                                                                                                                                                                | 6169.01            | 1.83                 | 6170.84            |
  | 0     | 13       | Activation Communication | Layer 6                                                                                                                                                                                                                                                                                                                                                                                                                                                                                                                                                                                                                                                                                                                                                                                                                                                                                                                                | 6170.84            | 0                    | 6170.84            |
  | 0     | 14       | Compute                  | Layer 7                                                                                                                                                                                                                                                                                                                                                                                                                                                                                                                                                                                                                                                                                                                                                                                                                                                                                                                                | 6170.84            | 1.04                 | 6171.88            |
  | 0     | 15       | Activation Communication | Layer 7                                                                                                                                                                                                                                                                                                                                                                                                                                                                                                                                                                                                                                                                                                                                                                                                                                                                                                                                | 6171.88            | 0                    | 6171.88            |
  | 0     | 16       | Compute                  | Layer 8                                                                                                                                                                                                                                                                                                                                                                                                                                                                                                                                                                                                                                                                                                                                                                                                                                                                                                                                | 6171.88            | 1.83                 | 6173.71            |
  | 0     | 17       | Activation Communication | Layer 8                                                                                                                                                                                                                                                                                                                                                                                                                                                                                                                                                                                                                                                                                                                                                                                                                                                                                                                                | 6173.71            | 0                    | 6173.71            |
  | 0     | 18       | Compute                  | Layer 9                                                                                                                                                                                                                                                                                                                                                                                                                                                                                                                                                                                                                                                                                                                                                                                                                                                                                                                                | 6173.71            | 1.04                 | 6174.75            |
  | 0     | 19       | Activation Communication | Layer 9                                                                                                                                                                                                                                                                                                                                                                                                                                                                                                                                                                                                                                                                                                                                                                                                                                                                                                                                | 6174.75            | 0                    | 6174.75            |
  | 0     | 20       | Compute                  | Layer 10                                                                                                                                                                                                                                                                                                                                                                                                                                                                                                                                                                                                                                                                                                                                                                                                                                                                                                                               | 6174.75            | 1.83                 | 6176.58            |
  | 0     | 21       | Activation Communication | Layer 10                                                                                                                                                                                                                                                                                                                                                                                                                                                                                                                                                                                                                                                                                                                                                                                                                                                                                                                               | 6176.58            | 0                    | 6176.58            |
  | 0     | 22       | Compute                  | Layer 11                                                                                                                                                                                                                                                                                                                                                                                                                                                                                                                                                                                                                                                                                                                                                                                                                                                                                                                               | 6176.58            | 1.04                 | 6177.62            |
  | 0     | 23       | Activation Communication | Layer 11                                                                                                                                                                                                                                                                                                                                                                                                                                                                                                                                                                                                                                                                                                                                                                                                                                                                                                                               | 6177.62            | 0                    | 6177.62            |
  | 0     | 24       | Compute                  | Layer 12                                                                                                                                                                                                                                                                                                                                                                                                                                                                                                                                                                                                                                                                                                                                                                                                                                                                                                                               | 6177.62            | 1.83                 | 6179.45            |
  | 0     | 25       | Activation Communication | Layer 12                                                                                                                                                                                                                                                                                                                                                                                                                                                                                                                                                                                                                                                                                                                                                                                                                                                                                                                               | 6179.45            | 0                    | 6179.45            |
  | 0     | 26       | Compute                  | Layer 13                                                                                                                                                                                                                                                                                                                                                                                                                                                                                                                                                                                                                                                                                                                                                                                                                                                                                                                               | 6179.45            | 1.04                 | 6180.49            |
  | 0     | 27       | Activation Communication | Layer 13                                                                                                                                                                                                                                                                                                                                                                                                                                                                                                                                                                                                                                                                                                                                                                                                                                                                                                                               | 6180.49            | 0                    | 6180.49            |
  | 0     | 28       | Compute                  | Layer 14                                                                                                                                                                                                                                                                                                                                                                                                                                                                                                                                                                                                                                                                                                                                                                                                                                                                                                                               | 6180.49            | 0.13                 | 6180.62            |
  | 0     | 29       | Activation Communication | Layer 14                                                                                                                                                                                                                                                                                                                                                                                                                                                                                                                                                                                                                                                                                                                                                                                                                                                                                                                               | 6180.62            | 0                    | 6180.62            |
  | 0     | 30       | Compute                  | Layer 15                                                                                                                                                                                                                                                                                                                                                                                                                                                                                                                                                                                                                                                                                                                                                                                                                                                                                                                               | 6180.62            | 0.52                 | 6181.14            |
  | 0     | 31       | Activation Communication | Layer 15                                                                                                                                                                                                                                                                                                                                                                                                                                                                                                                                                                                                                                                                                                                                                                                                                                                                                                                               | 6181.14            | 0                    | 6181.14            |
  | 0     | 32       | Compute                  | Layer 16                                                                                                                                                                                                                                                                                                                                                                                                                                                                                                                                                                                                                                                                                                                                                                                                                                                                                                                               | 6181.14            | 0.26                 | 6181.41            |
  | 0     | 33       | Activation Communication | Layer 16                                                                                                                                                                                                                                                                                                                                                                                                                                                                                                                                                                                                                                                                                                                                                                                                                                                                                                                               | 6181.41            | 0                    | 6181.41            |
  | 0     | 34       | Compute                  | Layer 17                                                                                                                                                                                                                                                                                                                                                                                                                                                                                                                                                                                                                                                                                                                                                                                                                                                                                                                               | 6181.41            | 0.52                 | 6181.93            |
  | 0     | 35       | Activation Communication | Layer 17                                                                                                                                                                                                                                                                                                                                                                                                                                                                                                                                                                                                                                                                                                                                                                                                                                                                                                                               | 6181.93            | 0                    | 6181.93            |
  | 0     | 36       | Compute                  | Layer 18                                                                                                                                                                                                                                                                                                                                                                                                                                                                                                                                                                                                                                                                                                                                                                                                                                                                                                                               | 6181.93            | 0.26                 | 6182.19            |
  | 0     | 37       | Activation Communication | Layer 18                                                                                                                                                                                                                                                                                                                                                                                                                                                                                                                                                                                                                                                                                                                                                                                                                                                                                                                               | 6182.19            | 0                    | 6182.19            |
  | 0     | 38       | Compute                  | Layer 19                                                                                                                                                                                                                                                                                                                                                                                                                                                                                                                                                                                                                                                                                                                                                                                                                                                                                                                               | 6182.19            | 0.52                 | 6182.71            |
  | 0     | 39       | Activation Communication | Layer 19                                                                                                                                                                                                                                                                                                                                                                                                                                                                                                                                                                                                                                                                                                                                                                                                                                                                                                                               | 6182.71            | 0                    | 6182.71            |
  | 0     | 40       | Compute                  | Layer 20                                                                                                                                                                                                                                                                                                                                                                                                                                                                                                                                                                                                                                                                                                                                                                                                                                                                                                                               | 6182.71            | 0.26                 | 6182.97            |
  | 0     | 41       | Activation Communication | Layer 20                                                                                                                                                                                                                                                                                                                                                                                                                                                                                                                                                                                                                                                                                                                                                                                                                                                                                                                               | 6182.97            | 0                    | 6182.97            |
  | 0     | 42       | Compute                  | Layer 21                                                                                                                                                                                                                                                                                                                                                                                                                                                                                                                                                                                                                                                                                                                                                                                                                                                                                                                               | 6182.97            | 0.52                 | 6183.49            |
  | 0     | 43       | Activation Communication | Layer 21                                                                                                                                                                                                                                                                                                                                                                                                                                                                                                                                                                                                                                                                                                                                                                                                                                                                                                                               | 6183.49            | 0                    | 6183.49            |
  | 0     | 44       | Compute                  | Layer 22                                                                                                                                                                                                                                                                                                                                                                                                                                                                                                                                                                                                                                                                                                                                                                                                                                                                                                                               | 6183.49            | 0.26                 | 6183.75            |
  | 0     | 45       | Activation Communication | Layer 22                                                                                                                                                                                                                                                                                                                                                                                                                                                                                                                                                                                                                                                                                                                                                                                                                                                                                                                               | 6183.75            | 0                    | 6183.75            |
  | 0     | 46       | Compute                  | Layer 23                                                                                                                                                                                                                                                                                                                                                                                                                                                                                                                                                                                                                                                                                                                                                                                                                                                                                                                               | 6183.75            | 0.52                 | 6184.28            |
  | 0     | 47       | Activation Communication | Layer 23                                                                                                                                                                                                                                                                                                                                                                                                                                                                                                                                                                                                                                                                                                                                                                                                                                                                                                                               | 6184.28            | 0                    | 6184.28            |
  | 0     | 48       | Compute                  | Layer 24                                                                                                                                                                                                                                                                                                                                                                                                                                                                                                                                                                                                                                                                                                                                                                                                                                                                                                                               | 6184.28            | 0.52                 | 6184.80            |
  | 0     | 49       | Activation Communication | Layer 24                                                                                                                                                                                                                                                                                                                                                                                                                                                                                                                                                                                                                                                                                                                                                                                                                                                                                                                               | 6184.80            | 0                    | 6184.80            |
  | 0     | 50       | Compute                  | Layer 25                                                                                                                                                                                                                                                                                                                                                                                                                                                                                                                                                                                                                                                                                                                                                                                                                                                                                                                               | 6184.80            | 0.52                 | 6185.32            |
  | 0     | 51       | Activation Communication | Layer 25                                                                                                                                                                                                                                                                                                                                                                                                                                                                                                                                                                                                                                                                                                                                                                                                                                                                                                                               | 6185.32            | 0                    | 6185.32            |
  | 0     | 52       | Compute                  | Layer 26                                                                                                                                                                                                                                                                                                                                                                                                                                                                                                                                                                                                                                                                                                                                                                                                                                                                                                                               | 6185.32            | 0.52                 | 6185.84            |
  | 0     | 53       | Activation Communication | Layer 26                                                                                                                                                                                                                                                                                                                                                                                                                                                                                                                                                                                                                                                                                                                                                                                                                                                                                                                               | 6185.84            | 0                    | 6185.84            |
  | 0     | 54       | Compute                  | Layer 27                                                                                                                                                                                                                                                                                                                                                                                                                                                                                                                                                                                                                                                                                                                                                                                                                                                                                                                               | 6185.84            | 0.52                 | 6186.36            |
  | 0     | 55       | Activation Communication | Layer 27                                                                                                                                                                                                                                                                                                                                                                                                                                                                                                                                                                                                                                                                                                                                                                                                                                                                                                                               | 6186.36            | 0                    | 6186.36            |
  | 0     | 56       | Compute                  | Layer 28                                                                                                                                                                                                                                                                                                                                                                                                                                                                                                                                                                                                                                                                                                                                                                                                                                                                                                                               | 6186.36            | 0.52                 | 6186.89            |
  | 0     | 57       | Activation Communication | Layer 28                                                                                                                                                                                                                                                                                                                                                                                                                                                                                                                                                                                                                                                                                                                                                                                                                                                                                                                               | 6186.89            | 0                    | 6186.89            |
  | 0     | 58       | Compute                  | Layer 29                                                                                                                                                                                                                                                                                                                                                                                                                                                                                                                                                                                                                                                                                                                                                                                                                                                                                                                               | 6186.89            | 0.52                 | 6187.41            |
  | 0     | 59       | Activation Communication | Layer 29                                                                                                                                                                                                                                                                                                                                                                                                                                                                                                                                                                                                                                                                                                                                                                                                                                                                                                                               | 6187.41            | 0                    | 6187.41            |
  | 0     | 60       | Compute                  | Layer 30                                                                                                                                                                                                                                                                                                                                                                                                                                                                                                                                                                                                                                                                                                                                                                                                                                                                                                                               | 6187.41            | 0.52                 | 6187.93            |
  | 0     | 61       | Activation Communication | Layer 30                                                                                                                                                                                                                                                                                                                                                                                                                                                                                                                                                                                                                                                                                                                                                                                                                                                                                                                               | 6187.93            | 0                    | 6187.93            |
  | 0     | 62       | Compute                  | Layer 31                                                                                                                                                                                                                                                                                                                                                                                                                                                                                                                                                                                                                                                                                                                                                                                                                                                                                                                               | 6187.93            | 0.52                 | 6188.45            |
  | 0     | 63       | Activation Communication | Layer 31                                                                                                                                                                                                                                                                                                                                                                                                                                                                                                                                                                                                                                                                                                                                                                                                                                                                                                                               | 6188.45            | 0                    | 6188.45            |
  | 0     | 64       | Compute                  | Layer 32                                                                                                                                                                                                                                                                                                                                                                                                                                                                                                                                                                                                                                                                                                                                                                                                                                                                                                                               | 6188.45            | 0.52                 | 6188.97            |
  | 0     | 65       | Activation Communication | Layer 32                                                                                                                                                                                                                                                                                                                                                                                                                                                                                                                                                                                                                                                                                                                                                                                                                                                                                                                               | 6188.97            | 0                    | 6188.97            |
  | 0     | 66       | Compute                  | Layer 33                                                                                                                                                                                                                                                                                                                                                                                                                                                                                                                                                                                                                                                                                                                                                                                                                                                                                                                               | 6188.97            | 0.52                 | 6189.50            |
  | 0     | 67       | Activation Communication | Layer 33                                                                                                                                                                                                                                                                                                                                                                                                                                                                                                                                                                                                                                                                                                                                                                                                                                                                                                                               | 6189.50            | 0                    | 6189.50            |
  | 0     | 68       | Compute                  | Layer 34                                                                                                                                                                                                                                                                                                                                                                                                                                                                                                                                                                                                                                                                                                                                                                                                                                                                                                                               | 6189.50            | 0.52                 | 6190.02            |
  | 0     | 69       | Activation Communication | Layer 34                                                                                                                                                                                                                                                                                                                                                                                                                                                                                                                                                                                                                                                                                                                                                                                                                                                                                                                               | 6190.02            | 0                    | 6190.02            |
  | 0     | 70       | Compute                  | Layer 35                                                                                                                                                                                                                                                                                                                                                                                                                                                                                                                                                                                                                                                                                                                                                                                                                                                                                                                               | 6190.02            | 0.52                 | 6190.54            |
  | 0     | 71       | Activation Communication | Layer 35                                                                                                                                                                                                                                                                                                                                                                                                                                                                                                                                                                                                                                                                                                                                                                                                                                                                                                                               | 6190.54            | 0                    | 6190.54            |
  | 0     | 72       | Compute                  | Layer 36                                                                                                                                                                                                                                                                                                                                                                                                                                                                                                                                                                                                                                                                                                                                                                                                                                                                                                                               | 6190.54            | 0.52                 | 6191.06            |
  | 0     | 73       | Activation Communication | Layer 36                                                                                                                                                                                                                                                                                                                                                                                                                                                                                                                                                                                                                                                                                                                                                                                                                                                                                                                               | 6191.06            | 0                    | 6191.06            |
  | 0     | 74       | Compute                  | Layer 37                                                                                                                                                                                                                                                                                                                                                                                                                                                                                                                                                                                                                                                                                                                                                                                                                                                                                                                               | 6191.06            | 0.52                 | 6191.58            |
  | 0     | 75       | Activation Communication | Layer 37                                                                                                                                                                                                                                                                                                                                                                                                                                                                                                                                                                                                                                                                                                                                                                                                                                                                                                                               | 6191.58            | 7.84                 | 6199.42            |
  | 0     | 76       | Compute                  | Layer 38                                                                                                                                                                                                                                                                                                                                                                                                                                                                                                                                                                                                                                                                                                                                                                                                                                                                                                                               | 6199.42            | 0.91                 | 6200.34            |
  | 0     | 77       | Activation Communication | Layer 38                                                                                                                                                                                                                                                                                                                                                                                                                                                                                                                                                                                                                                                                                                                                                                                                                                                                                                                               | 6200.34            | 59.58                | 6259.92            |
  | 0     | 78       | Compute                  | Layer 39                                                                                                                                                                                                                                                                                                                                                                                                                                                                                                                                                                                                                                                                                                                                                                                                                                                                                                                               | 6259.92            | 0.07                 | 6259.99            |
  | 0     | 79       | Activation Communication | Layer 39                                                                                                                                                                                                                                                                                                                                                                                                                                                                                                                                                                                                                                                                                                                                                                                                                                                                                                                               | 6259.99            | 0                    | 6259.99            |
  | 0     | 80       | Compute                  | Layer 40                                                                                                                                                                                                                                                                                                                                                                                                                                                                                                                                                                                                                                                                                                                                                                                                                                                                                                                               | 6259.99            | 0.13                 | 6260.12            |
  | 0     | 81       | Activation Communication | Layer 40                                                                                                                                                                                                                                                                                                                                                                                                                                                                                                                                                                                                                                                                                                                                                                                                                                                                                                                               | 6260.12            | 0                    | 6260.12            |
  | 0     | 82       | Compute                  | Layer 41                                                                                                                                                                                                                                                                                                                                                                                                                                                                                                                                                                                                                                                                                                                                                                                                                                                                                                                               | 6260.12            | 0.13                 | 6260.25            |
  | 0     | 83       | Activation Communication | Layer 41                                                                                                                                                                                                                                                                                                                                                                                                                                                                                                                                                                                                                                                                                                                                                                                                                                                                                                                               | 6260.25            | 0                    | 6260.25            |
  | 0     | 84       | Compute                  | Layer 42                                                                                                                                                                                                                                                                                                                                                                                                                                                                                                                                                                                                                                                                                                                                                                                                                                                                                                                               | 6260.25            | 0.13                 | 6260.38            |
  | 0     | 85       | Activation Communication | Layer 42                                                                                                                                                                                                                                                                                                                                                                                                                                                                                                                                                                                                                                                                                                                                                                                                                                                                                                                               | 6260.38            | 0                    | 6260.38            |
  | 0     | 86       | Compute                  | Layer 43                                                                                                                                                                                                                                                                                                                                                                                                                                                                                                                                                                                                                                                                                                                                                                                                                                                                                                                               | 6260.38            | 0.13                 | 6260.51            |
  | 0     | 87       | Activation Communication | Layer 43                                                                                                                                                                                                                                                                                                                                                                                                                                                                                                                                                                                                                                                                                                                                                                                                                                                                                                                               | 6260.51            | 0                    | 6260.51            |
  | 0     | 88       | Compute                  | Layer 44                                                                                                                                                                                                                                                                                                                                                                                                                                                                                                                                                                                                                                                                                                                                                                                                                                                                                                                               | 6260.51            | 0.13                 | 6260.64            |
  | 0     | 89       | Activation Communication | Layer 44                                                                                                                                                                                                                                                                                                                                                                                                                                                                                                                                                                                                                                                                                                                                                                                                                                                                                                                               | 6260.64            | 0                    | 6260.64            |
  | 0     | 90       | Compute                  | Layer 45                                                                                                                                                                                                                                                                                                                                                                                                                                                                                                                                                                                                                                                                                                                                                                                                                                                                                                                               | 6260.64            | 0.13                 | 6260.77            |
  | 0     | 91       | Activation Communication | Layer 45                                                                                                                                                                                                                                                                                                                                                                                                                                                                                                                                                                                                                                                                                                                                                                                                                                                                                                                               | 6260.77            | 0                    | 6260.77            |
  | 0     | 92       | Compute                  | Layer 46                                                                                                                                                                                                                                                                                                                                                                                                                                                                                                                                                                                                                                                                                                                                                                                                                                                                                                                               | 6260.77            | 0.13                 | 6260.90            |
  | 0     | 93       | Activation Communication | Layer 46                                                                                                                                                                                                                                                                                                                                                                                                                                                                                                                                                                                                                                                                                                                                                                                                                                                                                                                               | 6260.90            | 0                    | 6260.90            |
  | 0     | 94       | Compute                  | Layer 47                                                                                                                                                                                                                                                                                                                                                                                                                                                                                                                                                                                                                                                                                                                                                                                                                                                                                                                               | 6260.90            | 0.13                 | 6261.03            |
  | 0     | 95       | Activation Communication | Layer 47                                                                                                                                                                                                                                                                                                                                                                                                                                                                                                                                                                                                                                                                                                                                                                                                                                                                                                                               | 6261.03            | 0                    | 6261.03            |
  | 0     | 96       | Compute                  | Layer 48                                                                                                                                                                                                                                                                                                                                                                                                                                                                                                                                                                                                                                                                                                                                                                                                                                                                                                                               | 6261.03            | 0.13                 | 6261.16            |
  | 0     | 97       | Activation Communication | Layer 48                                                                                                                                                                                                                                                                                                                                                                                                                                                                                                                                                                                                                                                                                                                                                                                                                                                                                                                               | 6261.16            | 0                    | 6261.16            |
  | 0     | 98       | Compute                  | Layer 49                                                                                                                                                                                                                                                                                                                                                                                                                                                                                                                                                                                                                                                                                                                                                                                                                                                                                                                               | 6261.16            | 0.13                 | 6261.29            |
  | 0     | 99       | Activation Communication | Layer 49                                                                                                                                                                                                                                                                                                                                                                                                                                                                                                                                                                                                                                                                                                                                                                                                                                                                                                                               | 6261.29            | 0                    | 6261.29            |
  | 0     | 100      | Compute                  | Layer 50                                                                                                                                                                                                                                                                                                                                                                                                                                                                                                                                                                                                                                                                                                                                                                                                                                                                                                                               | 6261.29            | 0.13                 | 6261.42            |
  | 0     | 101      | Activation Communication | Layer 50                                                                                                                                                                                                                                                                                                                                                                                                                                                                                                                                                                                                                                                                                                                                                                                                                                                                                                                               | 6261.42            | 0                    | 6261.42            |
  | 0     | 102      | Compute                  | Layer 51                                                                                                                                                                                                                                                                                                                                                                                                                                                                                                                                                                                                                                                                                                                                                                                                                                                                                                                               | 6261.42            | 0.13                 | 6261.55            |
  | 0     | 103      | Activation Communication | Layer 51                                                                                                                                                                                                                                                                                                                                                                                                                                                                                                                                                                                                                                                                                                                                                                                                                                                                                                                               | 6261.55            | 0                    | 6261.55            |
  | 0     | 104      | Compute                  | Layer 52                                                                                                                                                                                                                                                                                                                                                                                                                                                                                                                                                                                                                                                                                                                                                                                                                                                                                                                               | 6261.55            | 0.13                 | 6261.68            |
  | 0     | 105      | Activation Communication | Layer 52                                                                                                                                                                                                                                                                                                                                                                                                                                                                                                                                                                                                                                                                                                                                                                                                                                                                                                                               | 6261.68            | 0                    | 6261.68            |
  | 0     | 106      | Compute                  | Layer 53                                                                                                                                                                                                                                                                                                                                                                                                                                                                                                                                                                                                                                                                                                                                                                                                                                                                                                                               | 6261.68            | 0.13                 | 6261.81            |
  | 0     | 107      | Activation Communication | Layer 53                                                                                                                                                                                                                                                                                                                                                                                                                                                                                                                                                                                                                                                                                                                                                                                                                                                                                                                               | 6261.81            | 0                    | 6261.81            |
  | 0     | 108      | Compute                  | Layer 54                                                                                                                                                                                                                                                                                                                                                                                                                                                                                                                                                                                                                                                                                                                                                                                                                                                                                                                               | 6261.81            | 0.13                 | 6261.95            |
  | 0     | 109      | Activation Communication | Layer 54                                                                                                                                                                                                                                                                                                                                                                                                                                                                                                                                                                                                                                                                                                                                                                                                                                                                                                                               | 6261.95            | 0                    | 6261.95            |
  | 0     | 110      | Compute                  | Layer 55                                                                                                                                                                                                                                                                                                                                                                                                                                                                                                                                                                                                                                                                                                                                                                                                                                                                                                                               | 6261.95            | 0.13                 | 6262.08            |
  | 0     | 111      | Activation Communication | Layer 55                                                                                                                                                                                                                                                                                                                                                                                                                                                                                                                                                                                                                                                                                                                                                                                                                                                                                                                               | 6262.08            | 0                    | 6262.08            |
  | 0     | 112      | Compute                  | Layer 56                                                                                                                                                                                                                                                                                                                                                                                                                                                                                                                                                                                                                                                                                                                                                                                                                                                                                                                               | 6262.08            | 0.13                 | 6262.21            |
  | 0     | 113      | Activation Communication | Layer 56                                                                                                                                                                                                                                                                                                                                                                                                                                                                                                                                                                                                                                                                                                                                                                                                                                                                                                                               | 6262.21            | 0                    | 6262.21            |
  | 0     | 114      | Compute                  | Layer 57                                                                                                                                                                                                                                                                                                                                                                                                                                                                                                                                                                                                                                                                                                                                                                                                                                                                                                                               | 6262.21            | 0.26                 | 6262.47            |
  | 0     | 115      | Activation Communication | Layer 57                                                                                                                                                                                                                                                                                                                                                                                                                                                                                                                                                                                                                                                                                                                                                                                                                                                                                                                               | 6262.47            | 0                    | 6262.47            |
  | 0     | 116      | Compute                  | Layer 58                                                                                                                                                                                                                                                                                                                                                                                                                                                                                                                                                                                                                                                                                                                                                                                                                                                                                                                               | 6262.47            | 0.13                 | 6262.60            |
  | 0     | 117      | Activation Communication | Layer 58                                                                                                                                                                                                                                                                                                                                                                                                                                                                                                                                                                                                                                                                                                                                                                                                                                                                                                                               | 6262.60            | 0                    | 6262.60            |
  | 0     | 118      | Compute                  | Layer 59                                                                                                                                                                                                                                                                                                                                                                                                                                                                                                                                                                                                                                                                                                                                                                                                                                                                                                                               | 6262.60            | 0.26                 | 6262.86            |
  | 0     | 119      | Activation Communication | Layer 59                                                                                                                                                                                                                                                                                                                                                                                                                                                                                                                                                                                                                                                                                                                                                                                                                                                                                                                               | 6262.86            | 0                    | 6262.86            |
  | 0     | 120      | Compute                  | Layer 60                                                                                                                                                                                                                                                                                                                                                                                                                                                                                                                                                                                                                                                                                                                                                                                                                                                                                                                               | 6262.86            | 0.13                 | 6262.99            |
  | 0     | 121      | Activation Communication | Layer 60                                                                                                                                                                                                                                                                                                                                                                                                                                                                                                                                                                                                                                                                                                                                                                                                                                                                                                                               | 6262.99            | 0                    | 6262.99            |
  | 0     | 122      | Compute                  | Layer 61                                                                                                                                                                                                                                                                                                                                                                                                                                                                                                                                                                                                                                                                                                                                                                                                                                                                                                                               | 6262.99            | 0.26                 | 6263.25            |
  | 0     | 123      | Activation Communication | Layer 61                                                                                                                                                                                                                                                                                                                                                                                                                                                                                                                                                                                                                                                                                                                                                                                                                                                                                                                               | 6263.25            | 0                    | 6263.25            |
  | 0     | 124      | Compute                  | Layer 62                                                                                                                                                                                                                                                                                                                                                                                                                                                                                                                                                                                                                                                                                                                                                                                                                                                                                                                               | 6263.25            | 0.13                 | 6263.38            |
  | 0     | 125      | Activation Communication | Layer 62                                                                                                                                                                                                                                                                                                                                                                                                                                                                                                                                                                                                                                                                                                                                                                                                                                                                                                                               | 6263.38            | 0                    | 6263.38            |
  | 0     | 126      | Compute                  | Layer 63                                                                                                                                                                                                                                                                                                                                                                                                                                                                                                                                                                                                                                                                                                                                                                                                                                                                                                                               | 6263.38            | 0.26                 | 6263.64            |
  | 0     | 127      | Activation Communication | Layer 63                                                                                                                                                                                                                                                                                                                                                                                                                                                                                                                                                                                                                                                                                                                                                                                                                                                                                                                               | 6263.64            | 0                    | 6263.64            |
  | 0     | 128      | Compute                  | Layer 64                                                                                                                                                                                                                                                                                                                                                                                                                                                                                                                                                                                                                                                                                                                                                                                                                                                                                                                               | 6263.64            | 0.13                 | 6263.77            |
  | 0     | 129      | Activation Communication | Layer 64                                                                                                                                                                                                                                                                                                                                                                                                                                                                                                                                                                                                                                                                                                                                                                                                                                                                                                                               | 6263.77            | 0                    | 6263.77            |
  | 0     | 130      | Compute                  | Layer 65                                                                                                                                                                                                                                                                                                                                                                                                                                                                                                                                                                                                                                                                                                                                                                                                                                                                                                                               | 6263.77            | 0.26                 | 6264.03            |
  | 0     | 131      | Activation Communication | Layer 65                                                                                                                                                                                                                                                                                                                                                                                                                                                                                                                                                                                                                                                                                                                                                                                                                                                                                                                               | 6264.03            | 0                    | 6264.03            |
  | 0     | 132      | Compute                  | Layer 66                                                                                                                                                                                                                                                                                                                                                                                                                                                                                                                                                                                                                                                                                                                                                                                                                                                                                                                               | 6264.03            | 0.13                 | 6264.16            |
  | 0     | 133      | Activation Communication | Layer 66                                                                                                                                                                                                                                                                                                                                                                                                                                                                                                                                                                                                                                                                                                                                                                                                                                                                                                                               | 6264.16            | 0                    | 6264.16            |
  | 0     | 134      | Compute                  | Layer 67                                                                                                                                                                                                                                                                                                                                                                                                                                                                                                                                                                                                                                                                                                                                                                                                                                                                                                                               | 6264.16            | 0.26                 | 6264.42            |
  | 0     | 135      | Activation Communication | Layer 67                                                                                                                                                                                                                                                                                                                                                                                                                                                                                                                                                                                                                                                                                                                                                                                                                                                                                                                               | 6264.42            | 0                    | 6264.42            |
  | 0     | 136      | Compute                  | Layer 68                                                                                                                                                                                                                                                                                                                                                                                                                                                                                                                                                                                                                                                                                                                                                                                                                                                                                                                               | 6264.42            | 0.13                 | 6264.56            |
  | 0     | 137      | Activation Communication | Layer 68                                                                                                                                                                                                                                                                                                                                                                                                                                                                                                                                                                                                                                                                                                                                                                                                                                                                                                                               | 6264.56            | 1.96                 | 6266.52            |
  | 0     | 138      | Compute                  | Layer 69                                                                                                                                                                                                                                                                                                                                                                                                                                                                                                                                                                                                                                                                                                                                                                                                                                                                                                                               | 6266.52            | 0.26                 | 6266.78            |
  | 0     | 139      | Activation Communication | Layer 69                                                                                                                                                                                                                                                                                                                                                                                                                                                                                                                                                                                                                                                                                                                                                                                                                                                                                                                               | 6266.78            | 7.31                 | 6274.09            |
  | 0     | 140      | Compute                  | Layer 70                                                                                                                                                                                                                                                                                                                                                                                                                                                                                                                                                                                                                                                                                                                                                                                                                                                                                                                               | 6274.09            | 0.13                 | 6274.22            |
  | 0     | 141      | Activation Communication | Layer 70                                                                                                                                                                                                                                                                                                                                                                                                                                                                                                                                                                                                                                                                                                                                                                                                                                                                                                                               | 6274.22            | 0                    | 6274.22            |
  | 0     | 142      | Compute                  | Layer 71                                                                                                                                                                                                                                                                                                                                                                                                                                                                                                                                                                                                                                                                                                                                                                                                                                                                                                                               | 6274.22            | 0.26                 | 6274.48            |
  | 0     | 143      | Activation Communication | Layer 71                                                                                                                                                                                                                                                                                                                                                                                                                                                                                                                                                                                                                                                                                                                                                                                                                                                                                                                               | 6274.48            | 0                    | 6274.48            |
  | 0     | 144      | Compute                  | Layer 72                                                                                                                                                                                                                                                                                                                                                                                                                                                                                                                                                                                                                                                                                                                                                                                                                                                                                                                               | 6274.48            | 0.13                 | 6274.61            |
  | 0     | 145      | Activation Communication | Layer 72                                                                                                                                                                                                                                                                                                                                                                                                                                                                                                                                                                                                                                                                                                                                                                                                                                                                                                                               | 6274.61            | 0                    | 6274.61            |
  | 0     | 146      | Compute                  | Layer 73                                                                                                                                                                                                                                                                                                                                                                                                                                                                                                                                                                                                                                                                                                                                                                                                                                                                                                                               | 6274.61            | 0.26                 | 6274.87            |
  | 0     | 147      | Activation Communication | Layer 73                                                                                                                                                                                                                                                                                                                                                                                                                                                                                                                                                                                                                                                                                                                                                                                                                                                                                                                               | 6274.87            | 0                    | 6274.87            |
  | 0     | 148      | Compute                  | Layer 74                                                                                                                                                                                                                                                                                                                                                                                                                                                                                                                                                                                                                                                                                                                                                                                                                                                                                                                               | 6274.87            | 0.13                 | 6275.00            |
  | 0     | 149      | Activation Communication | Layer 74                                                                                                                                                                                                                                                                                                                                                                                                                                                                                                                                                                                                                                                                                                                                                                                                                                                                                                                               | 6275.00            | 0                    | 6275.00            |
  | 0     | 150      | Compute                  | Layer 75                                                                                                                                                                                                                                                                                                                                                                                                                                                                                                                                                                                                                                                                                                                                                                                                                                                                                                                               | 6275.00            | 0.26                 | 6275.26            |
  | 0     | 151      | Activation Communication | Layer 75                                                                                                                                                                                                                                                                                                                                                                                                                                                                                                                                                                                                                                                                                                                                                                                                                                                                                                                               | 6275.26            | 0                    | 6275.26            |
  | 0     | 152      | Compute                  | Layer 76                                                                                                                                                                                                                                                                                                                                                                                                                                                                                                                                                                                                                                                                                                                                                                                                                                                                                                                               | 6275.26            | 0.13                 | 6275.39            |
  | 0     | 153      | Activation Communication | Layer 76                                                                                                                                                                                                                                                                                                                                                                                                                                                                                                                                                                                                                                                                                                                                                                                                                                                                                                                               | 6275.39            | 0                    | 6275.39            |
  | 0     | 154      | Compute                  | Layer 77                                                                                                                                                                                                                                                                                                                                                                                                                                                                                                                                                                                                                                                                                                                                                                                                                                                                                                                               | 6275.39            | 0.26                 | 6275.66            |
  | 0     | 155      | Activation Communication | Layer 77                                                                                                                                                                                                                                                                                                                                                                                                                                                                                                                                                                                                                                                                                                                                                                                                                                                                                                                               | 6275.66            | 0                    | 6275.66            |
  | 0     | 156      | Compute                  | Layer 78                                                                                                                                                                                                                                                                                                                                                                                                                                                                                                                                                                                                                                                                                                                                                                                                                                                                                                                               | 6275.66            | 0.13                 | 6275.79            |
  | 0     | 157      | Activation Communication | Layer 78                                                                                                                                                                                                                                                                                                                                                                                                                                                                                                                                                                                                                                                                                                                                                                                                                                                                                                                               | 6275.79            | 0                    | 6275.79            |
  | 0     | 158      | Compute                  | Layer 79                                                                                                                                                                                                                                                                                                                                                                                                                                                                                                                                                                                                                                                                                                                                                                                                                                                                                                                               | 6275.79            | 0.26                 | 6276.05            |
  | 0     | 159      | Activation Communication | Layer 79                                                                                                                                                                                                                                                                                                                                                                                                                                                                                                                                                                                                                                                                                                                                                                                                                                                                                                                               | 6276.05            | 0                    | 6276.05            |
  | 0     | 160      | Compute                  | Layer 80                                                                                                                                                                                                                                                                                                                                                                                                                                                                                                                                                                                                                                                                                                                                                                                                                                                                                                                               | 6276.05            | 0.13                 | 6276.18            |
  | 0     | 161      | Activation Communication | Layer 80                                                                                                                                                                                                                                                                                                                                                                                                                                                                                                                                                                                                                                                                                                                                                                                                                                                                                                                               | 6276.18            | 0                    | 6276.18            |
  | 0     | 162      | Compute                  | Layer 81                                                                                                                                                                                                                                                                                                                                                                                                                                                                                                                                                                                                                                                                                                                                                                                                                                                                                                                               | 6276.18            | 0.26                 | 6276.44            |
  | 0     | 163      | Activation Communication | Layer 81                                                                                                                                                                                                                                                                                                                                                                                                                                                                                                                                                                                                                                                                                                                                                                                                                                                                                                                               | 6276.44            | 0                    | 6276.44            |
  | 0     | 164      | Compute                  | Layer 82                                                                                                                                                                                                                                                                                                                                                                                                                                                                                                                                                                                                                                                                                                                                                                                                                                                                                                                               | 6276.44            | 0.13                 | 6276.57            |
  | 0     | 165      | Activation Communication | Layer 82                                                                                                                                                                                                                                                                                                                                                                                                                                                                                                                                                                                                                                                                                                                                                                                                                                                                                                                               | 6276.57            | 0                    | 6276.57            |
  | 0     | 166      | Compute                  | Layer 83                                                                                                                                                                                                                                                                                                                                                                                                                                                                                                                                                                                                                                                                                                                                                                                                                                                                                                                               | 6276.57            | 0.26                 | 6276.83            |
  | 0     | 167      | Activation Communication | Layer 83                                                                                                                                                                                                                                                                                                                                                                                                                                                                                                                                                                                                                                                                                                                                                                                                                                                                                                                               | 6276.83            | 0                    | 6276.83            |
  | 0     | 168      | Compute                  | Layer 84                                                                                                                                                                                                                                                                                                                                                                                                                                                                                                                                                                                                                                                                                                                                                                                                                                                                                                                               | 6276.83            | 0.13                 | 6276.96            |
  | 0     | 169      | Activation Communication | Layer 84                                                                                                                                                                                                                                                                                                                                                                                                                                                                                                                                                                                                                                                                                                                                                                                                                                                                                                                               | 6276.96            | 0                    | 6276.96            |
  | 0     | 170      | Compute                  | Layer 85                                                                                                                                                                                                                                                                                                                                                                                                                                                                                                                                                                                                                                                                                                                                                                                                                                                                                                                               | 6276.96            | 0.26                 | 6277.22            |
  | 0     | 171      | Activation Communication | Layer 85                                                                                                                                                                                                                                                                                                                                                                                                                                                                                                                                                                                                                                                                                                                                                                                                                                                                                                                               | 6277.22            | 0                    | 6277.22            |
  | 0     | 172      | Compute                  | Layer 86                                                                                                                                                                                                                                                                                                                                                                                                                                                                                                                                                                                                                                                                                                                                                                                                                                                                                                                               | 6277.22            | 0.13                 | 6277.35            |
  | 0     | 173      | Activation Communication | Layer 86                                                                                                                                                                                                                                                                                                                                                                                                                                                                                                                                                                                                                                                                                                                                                                                                                                                                                                                               | 6277.35            | 0                    | 6277.35            |
  | 0     | 174      | Compute                  | Layer 87                                                                                                                                                                                                                                                                                                                                                                                                                                                                                                                                                                                                                                                                                                                                                                                                                                                                                                                               | 6277.35            | 0.26                 | 6277.61            |
  | 0     | 175      | Activation Communication | Layer 87                                                                                                                                                                                                                                                                                                                                                                                                                                                                                                                                                                                                                                                                                                                                                                                                                                                                                                                               | 6277.61            | 0                    | 6277.61            |
  | 0     | 176      | Compute                  | Layer 88                                                                                                                                                                                                                                                                                                                                                                                                                                                                                                                                                                                                                                                                                                                                                                                                                                                                                                                               | 6277.61            | 0.13                 | 6277.74            |
  | 0     | 177      | Activation Communication | Layer 88                                                                                                                                                                                                                                                                                                                                                                                                                                                                                                                                                                                                                                                                                                                                                                                                                                                                                                                               | 6277.74            | 0                    | 6277.74            |
  | 0     | 178      | Compute                  | Layer 89                                                                                                                                                                                                                                                                                                                                                                                                                                                                                                                                                                                                                                                                                                                                                                                                                                                                                                                               | 6277.74            | 0.46                 | 6278.20            |
  | 0     | 179      | Activation Communication | Layer 89                                                                                                                                                                                                                                                                                                                                                                                                                                                                                                                                                                                                                                                                                                                                                                                                                                                                                                                               | 6278.20            | 0                    | 6278.20            |
  | 0     | 180      | Compute                  | Layer 90                                                                                                                                                                                                                                                                                                                                                                                                                                                                                                                                                                                                                                                                                                                                                                                                                                                                                                                               | 6278.20            | 0.13                 | 6278.33            |
  | 0     | 181      | Activation Communication | Layer 90                                                                                                                                                                                                                                                                                                                                                                                                                                                                                                                                                                                                                                                                                                                                                                                                                                                                                                                               | 6278.33            | 0                    | 6278.33            |
  | 0     | 182      | Compute                  | Layer 91                                                                                                                                                                                                                                                                                                                                                                                                                                                                                                                                                                                                                                                                                                                                                                                                                                                                                                                               | 6278.33            | 0.46                 | 6278.79            |
  | 0     | 183      | Activation Communication | Layer 91                                                                                                                                                                                                                                                                                                                                                                                                                                                                                                                                                                                                                                                                                                                                                                                                                                                                                                                               | 6278.79            | 0                    | 6278.79            |
  | 0     | 184      | Compute                  | Layer 92                                                                                                                                                                                                                                                                                                                                                                                                                                                                                                                                                                                                                                                                                                                                                                                                                                                                                                                               | 6278.79            | 0.13                 | 6278.92            |
  | 0     | 185      | Activation Communication | Layer 92                                                                                                                                                                                                                                                                                                                                                                                                                                                                                                                                                                                                                                                                                                                                                                                                                                                                                                                               | 6278.92            | 1.96                 | 6280.88            |
  | 0     | 186      | Compute                  | Layer 93                                                                                                                                                                                                                                                                                                                                                                                                                                                                                                                                                                                                                                                                                                                                                                                                                                                                                                                               | 6280.88            | 0.46                 | 6281.33            |
  | 0     | 187      | Activation Communication | Layer 93                                                                                                                                                                                                                                                                                                                                                                                                                                                                                                                                                                                                                                                                                                                                                                                                                                                                                                                               | 6281.33            | 0                    | 6281.33            |
  | 0     | 188      | Compute                  | Layer 94                                                                                                                                                                                                                                                                                                                                                                                                                                                                                                                                                                                                                                                                                                                                                                                                                                                                                                                               | 6281.33            | 0.13                 | 6281.46            |
  | 0     | 189      | Activation Communication | Layer 94                                                                                                                                                                                                                                                                                                                                                                                                                                                                                                                                                                                                                                                                                                                                                                                                                                                                                                                               | 6281.46            | 0                    | 6281.46            |
  | 0     | 190      | Compute                  | Layer 95                                                                                                                                                                                                                                                                                                                                                                                                                                                                                                                                                                                                                                                                                                                                                                                                                                                                                                                               | 6281.46            | 0.46                 | 6281.92            |
  | 0     | 191      | Activation Communication | Layer 95                                                                                                                                                                                                                                                                                                                                                                                                                                                                                                                                                                                                                                                                                                                                                                                                                                                                                                                               | 6281.92            | 0                    | 6281.92            |
  | 0     | 192      | Compute                  | Layer 96                                                                                                                                                                                                                                                                                                                                                                                                                                                                                                                                                                                                                                                                                                                                                                                                                                                                                                                               | 6281.92            | 0.13                 | 6282.05            |
  | 0     | 193      | Activation Communication | Layer 96                                                                                                                                                                                                                                                                                                                                                                                                                                                                                                                                                                                                                                                                                                                                                                                                                                                                                                                               | 6282.05            | 0                    | 6282.05            |
  | 0     | 194      | Compute                  | Layer 97                                                                                                                                                                                                                                                                                                                                                                                                                                                                                                                                                                                                                                                                                                                                                                                                                                                                                                                               | 6282.05            | 0.46                 | 6282.51            |
  | 0     | 195      | Activation Communication | Layer 97                                                                                                                                                                                                                                                                                                                                                                                                                                                                                                                                                                                                                                                                                                                                                                                                                                                                                                                               | 6282.51            | 0                    | 6282.51            |
  | 0     | 196      | Compute                  | Layer 98                                                                                                                                                                                                                                                                                                                                                                                                                                                                                                                                                                                                                                                                                                                                                                                                                                                                                                                               | 6282.51            | 0.13                 | 6282.64            |
  | 0     | 197      | Activation Communication | Layer 98                                                                                                                                                                                                                                                                                                                                                                                                                                                                                                                                                                                                                                                                                                                                                                                                                                                                                                                               | 6282.64            | 0                    | 6282.64            |
  | 0     | 198      | Compute                  | Layer 99                                                                                                                                                                                                                                                                                                                                                                                                                                                                                                                                                                                                                                                                                                                                                                                                                                                                                                                               | 6282.64            | 0.46                 | 6283.10            |
  | 0     | 199      | Activation Communication | Layer 99                                                                                                                                                                                                                                                                                                                                                                                                                                                                                                                                                                                                                                                                                                                                                                                                                                                                                                                               | 6283.10            | 0                    | 6283.10            |
  | 0     | 200      | Compute                  | Layer 100                                                                                                                                                                                                                                                                                                                                                                                                                                                                                                                                                                                                                                                                                                                                                                                                                                                                                                                              | 6283.10            | 0.13                 | 6283.23            |
  | 0     | 201      | Activation Communication | Layer 100                                                                                                                                                                                                                                                                                                                                                                                                                                                                                                                                                                                                                                                                                                                                                                                                                                                                                                                              | 6283.23            | 0                    | 6283.23            |
  | 0     | 202      | Compute                  | Layer 101                                                                                                                                                                                                                                                                                                                                                                                                                                                                                                                                                                                                                                                                                                                                                                                                                                                                                                                              | 6283.23            | 0.46                 | 6283.68            |
  | 0     | 203      | Activation Communication | Layer 101                                                                                                                                                                                                                                                                                                                                                                                                                                                                                                                                                                                                                                                                                                                                                                                                                                                                                                                              | 6283.68            | 0                    | 6283.68            |
  | 0     | 204      | Compute                  | Layer 102                                                                                                                                                                                                                                                                                                                                                                                                                                                                                                                                                                                                                                                                                                                                                                                                                                                                                                                              | 6283.68            | 0.13                 | 6283.81            |
  | 0     | 205      | Activation Communication | Layer 102                                                                                                                                                                                                                                                                                                                                                                                                                                                                                                                                                                                                                                                                                                                                                                                                                                                                                                                              | 6283.81            | 0                    | 6283.81            |
  | 0     | 206      | Compute                  | Layer 103                                                                                                                                                                                                                                                                                                                                                                                                                                                                                                                                                                                                                                                                                                                                                                                                                                                                                                                              | 6283.81            | 0.46                 | 6284.27            |
  | 0     | 207      | Activation Communication | Layer 103                                                                                                                                                                                                                                                                                                                                                                                                                                                                                                                                                                                                                                                                                                                                                                                                                                                                                                                              | 6284.27            | 0                    | 6284.27            |
  | 0     | 208      | Compute                  | Layer 104                                                                                                                                                                                                                                                                                                                                                                                                                                                                                                                                                                                                                                                                                                                                                                                                                                                                                                                              | 6284.27            | 0.13                 | 6284.40            |
  | 0     | 209      | Activation Communication | Layer 104                                                                                                                                                                                                                                                                                                                                                                                                                                                                                                                                                                                                                                                                                                                                                                                                                                                                                                                              | 6284.40            | 0                    | 6284.40            |
  | 0     | 210      | Compute                  | Layer 105                                                                                                                                                                                                                                                                                                                                                                                                                                                                                                                                                                                                                                                                                                                                                                                                                                                                                                                              | 6284.40            | 0.46                 | 6284.86            |
  | 0     | 211      | Activation Communication | Layer 105                                                                                                                                                                                                                                                                                                                                                                                                                                                                                                                                                                                                                                                                                                                                                                                                                                                                                                                              | 6284.86            | 0                    | 6284.86            |
  | 0     | 212      | Compute                  | Layer 106                                                                                                                                                                                                                                                                                                                                                                                                                                                                                                                                                                                                                                                                                                                                                                                                                                                                                                                              | 6284.86            | 0.13                 | 6284.99            |
  | 0     | 213      | Activation Communication | Layer 106                                                                                                                                                                                                                                                                                                                                                                                                                                                                                                                                                                                                                                                                                                                                                                                                                                                                                                                              | 6284.99            | 0                    | 6284.99            |
  | 0     | 214      | Compute                  | Layer 107                                                                                                                                                                                                                                                                                                                                                                                                                                                                                                                                                                                                                                                                                                                                                                                                                                                                                                                              | 6284.99            | 0.46                 | 6285.45            |
  | 0     | 215      | Activation Communication | Layer 107                                                                                                                                                                                                                                                                                                                                                                                                                                                                                                                                                                                                                                                                                                                                                                                                                                                                                                                              | 6285.45            | 0                    | 6285.45            |
  | 0     | 216      | Compute                  | Layer 108                                                                                                                                                                                                                                                                                                                                                                                                                                                                                                                                                                                                                                                                                                                                                                                                                                                                                                                              | 6285.45            | 0.13                 | 6285.58            |
  | 0     | 217      | Activation Communication | Layer 108                                                                                                                                                                                                                                                                                                                                                                                                                                                                                                                                                                                                                                                                                                                                                                                                                                                                                                                              | 6285.58            | 0                    | 6285.58            |
  | 0     | 218      | Compute                  | Layer 109                                                                                                                                                                                                                                                                                                                                                                                                                                                                                                                                                                                                                                                                                                                                                                                                                                                                                                                              | 6285.58            | 0.46                 | 6286.03            |
  | 0     | 219      | Activation Communication | Layer 109                                                                                                                                                                                                                                                                                                                                                                                                                                                                                                                                                                                                                                                                                                                                                                                                                                                                                                                              | 6286.03            | 0                    | 6286.03            |
  | 0     | 220      | Compute                  | Layer 110                                                                                                                                                                                                                                                                                                                                                                                                                                                                                                                                                                                                                                                                                                                                                                                                                                                                                                                              | 6286.03            | 0.13                 | 6286.16            |
  | 0     | 221      | Activation Communication | Layer 110                                                                                                                                                                                                                                                                                                                                                                                                                                                                                                                                                                                                                                                                                                                                                                                                                                                                                                                              | 6286.16            | 1.96                 | 6288.12            |
  | 0     | 222      | Compute                  | Layer 111                                                                                                                                                                                                                                                                                                                                                                                                                                                                                                                                                                                                                                                                                                                                                                                                                                                                                                                              | 6288.12            | 0.46                 | 6288.58            |
  | 0     | 223      | Activation Communication | Layer 111                                                                                                                                                                                                                                                                                                                                                                                                                                                                                                                                                                                                                                                                                                                                                                                                                                                                                                                              | 6288.58            | 7.06                 | 6295.63            |
  | 0     | 224      | Compute                  | Layer 112                                                                                                                                                                                                                                                                                                                                                                                                                                                                                                                                                                                                                                                                                                                                                                                                                                                                                                                              | 6295.63            | 0.13                 | 6295.77            |
  | 0     | 225      | Activation Communication | Layer 112                                                                                                                                                                                                                                                                                                                                                                                                                                                                                                                                                                                                                                                                                                                                                                                                                                                                                                                              | 6295.77            | 0                    | 6295.77            |
  | 0     | 226      | Compute                  | Layer 113                                                                                                                                                                                                                                                                                                                                                                                                                                                                                                                                                                                                                                                                                                                                                                                                                                                                                                                              | 6295.77            | 0.46                 | 6296.22            |
  | 0     | 227      | Activation Communication | Layer 113                                                                                                                                                                                                                                                                                                                                                                                                                                                                                                                                                                                                                                                                                                                                                                                                                                                                                                                              | 6296.22            | 0                    | 6296.22            |
  | 0     | 228      | Compute                  | Layer 114                                                                                                                                                                                                                                                                                                                                                                                                                                                                                                                                                                                                                                                                                                                                                                                                                                                                                                                              | 6296.22            | 0.13                 | 6296.35            |
  | 0     | 229      | Activation Communication | Layer 114                                                                                                                                                                                                                                                                                                                                                                                                                                                                                                                                                                                                                                                                                                                                                                                                                                                                                                                              | 6296.35            | 0                    | 6296.35            |
  | 0     | 230      | Compute                  | Layer 115                                                                                                                                                                                                                                                                                                                                                                                                                                                                                                                                                                                                                                                                                                                                                                                                                                                                                                                              | 6296.35            | 0.46                 | 6296.81            |
  | 0     | 231      | Activation Communication | Layer 115                                                                                                                                                                                                                                                                                                                                                                                                                                                                                                                                                                                                                                                                                                                                                                                                                                                                                                                              | 6296.81            | 0                    | 6296.81            |
  | 0     | 232      | Compute                  | Layer 116                                                                                                                                                                                                                                                                                                                                                                                                                                                                                                                                                                                                                                                                                                                                                                                                                                                                                                                              | 6296.81            | 0.13                 | 6296.94            |
  | 0     | 233      | Activation Communication | Layer 116                                                                                                                                                                                                                                                                                                                                                                                                                                                                                                                                                                                                                                                                                                                                                                                                                                                                                                                              | 6296.94            | 0                    | 6296.94            |
  | 0     | 234      | Compute                  | Layer 117                                                                                                                                                                                                                                                                                                                                                                                                                                                                                                                                                                                                                                                                                                                                                                                                                                                                                                                              | 6296.94            | 0.46                 | 6297.40            |
  | 0     | 235      | Activation Communication | Layer 117                                                                                                                                                                                                                                                                                                                                                                                                                                                                                                                                                                                                                                                                                                                                                                                                                                                                                                                              | 6297.40            | 0                    | 6297.40            |
  | 0     | 236      | Compute                  | Layer 118                                                                                                                                                                                                                                                                                                                                                                                                                                                                                                                                                                                                                                                                                                                                                                                                                                                                                                                              | 6297.40            | 0.13                 | 6297.53            |
  | 0     | 237      | Activation Communication | Layer 118                                                                                                                                                                                                                                                                                                                                                                                                                                                                                                                                                                                                                                                                                                                                                                                                                                                                                                                              | 6297.53            | 0                    | 6297.53            |
  | 0     | 238      | Compute                  | Layer 119                                                                                                                                                                                                                                                                                                                                                                                                                                                                                                                                                                                                                                                                                                                                                                                                                                                                                                                              | 6297.53            | 0.46                 | 6297.98            |
  | 0     | 239      | Activation Communication | Layer 119                                                                                                                                                                                                                                                                                                                                                                                                                                                                                                                                                                                                                                                                                                                                                                                                                                                                                                                              | 6297.98            | 0                    | 6297.98            |
  | 0     | 240      | Compute                  | Layer 120                                                                                                                                                                                                                                                                                                                                                                                                                                                                                                                                                                                                                                                                                                                                                                                                                                                                                                                              | 6297.98            | 0.13                 | 6298.11            |
  | 0     | 241      | Activation Communication | Layer 120                                                                                                                                                                                                                                                                                                                                                                                                                                                                                                                                                                                                                                                                                                                                                                                                                                                                                                                              | 6298.11            | 0                    | 6298.11            |
  | 0     | 242      | Compute                  | Layer 121                                                                                                                                                                                                                                                                                                                                                                                                                                                                                                                                                                                                                                                                                                                                                                                                                                                                                                                              | 6298.11            | 0.46                 | 6298.57            |
  | 0     | 243      | Activation Communication | Layer 121                                                                                                                                                                                                                                                                                                                                                                                                                                                                                                                                                                                                                                                                                                                                                                                                                                                                                                                              | 6298.57            | 0                    | 6298.57            |
  | 0     | 244      | Compute                  | Layer 122                                                                                                                                                                                                                                                                                                                                                                                                                                                                                                                                                                                                                                                                                                                                                                                                                                                                                                                              | 6298.57            | 0.13                 | 6298.70            |
  | 0     | 245      | Activation Communication | Layer 122                                                                                                                                                                                                                                                                                                                                                                                                                                                                                                                                                                                                                                                                                                                                                                                                                                                                                                                              | 6298.70            | 0                    | 6298.70            |
  | 0     | 246      | Compute                  | Layer 123                                                                                                                                                                                                                                                                                                                                                                                                                                                                                                                                                                                                                                                                                                                                                                                                                                                                                                                              | 6298.70            | 0.46                 | 6299.16            |
  | 0     | 247      | Activation Communication | Layer 123                                                                                                                                                                                                                                                                                                                                                                                                                                                                                                                                                                                                                                                                                                                                                                                                                                                                                                                              | 6299.16            | 0                    | 6299.16            |
  | 0     | 248      | Compute                  | Layer 124                                                                                                                                                                                                                                                                                                                                                                                                                                                                                                                                                                                                                                                                                                                                                                                                                                                                                                                              | 6299.16            | 0.13                 | 6299.29            |
  | 0     | 249      | Activation Communication | Layer 124                                                                                                                                                                                                                                                                                                                                                                                                                                                                                                                                                                                                                                                                                                                                                                                                                                                                                                                              | 6299.29            | 0                    | 6299.29            |
  | 0     | 250      | Compute                  | Layer 125                                                                                                                                                                                                                                                                                                                                                                                                                                                                                                                                                                                                                                                                                                                                                                                                                                                                                                                              | 6299.29            | 0.46                 | 6299.75            |
  | 0     | 251      | Activation Communication | Layer 125                                                                                                                                                                                                                                                                                                                                                                                                                                                                                                                                                                                                                                                                                                                                                                                                                                                                                                                              | 6299.75            | 0                    | 6299.75            |
  | 0     | 252      | Compute                  | Layer 126                                                                                                                                                                                                                                                                                                                                                                                                                                                                                                                                                                                                                                                                                                                                                                                                                                                                                                                              | 6299.75            | 0.13                 | 6299.88            |
  | 0     | 253      | Activation Communication | Layer 126                                                                                                                                                                                                                                                                                                                                                                                                                                                                                                                                                                                                                                                                                                                                                                                                                                                                                                                              | 6299.88            | 0                    | 6299.88            |
  | 0     | 254      | Compute                  | Layer 127                                                                                                                                                                                                                                                                                                                                                                                                                                                                                                                                                                                                                                                                                                                                                                                                                                                                                                                              | 6299.88            | 0.46                 | 6300.33            |
  | 0     | 255      | Activation Communication | Layer 127                                                                                                                                                                                                                                                                                                                                                                                                                                                                                                                                                                                                                                                                                                                                                                                                                                                                                                                              | 6300.33            | 0                    | 6300.33            |
  | 0     | 256      | Compute                  | Layer 128                                                                                                                                                                                                                                                                                                                                                                                                                                                                                                                                                                                                                                                                                                                                                                                                                                                                                                                              | 6300.33            | 0.13                 | 6300.46            |
  | 0     | 257      | Activation Communication | Layer 128                                                                                                                                                                                                                                                                                                                                                                                                                                                                                                                                                                                                                                                                                                                                                                                                                                                                                                                              | 6300.46            | 1.96                 | 6302.42            |
  | 0     | 258      | Compute                  | Layer 129                                                                                                                                                                                                                                                                                                                                                                                                                                                                                                                                                                                                                                                                                                                                                                                                                                                                                                                              | 6302.42            | 0.46                 | 6302.88            |
  | 0     | 259      | Activation Communication | Layer 129                                                                                                                                                                                                                                                                                                                                                                                                                                                                                                                                                                                                                                                                                                                                                                                                                                                                                                                              | 6302.88            | 0.56                 | 6303.44            |
  | 0     | 260      | Compute                  | Layer 130                                                                                                                                                                                                                                                                                                                                                                                                                                                                                                                                                                                                                                                                                                                                                                                                                                                                                                                              | 6303.44            | 0.13                 | 6303.57            |
  | 0     | 261      | Activation Communication | Layer 130                                                                                                                                                                                                                                                                                                                                                                                                                                                                                                                                                                                                                                                                                                                                                                                                                                                                                                                              | 6303.57            | 0                    | 6303.57            |
  | 0     | 262      | Compute                  | Layer 131                                                                                                                                                                                                                                                                                                                                                                                                                                                                                                                                                                                                                                                                                                                                                                                                                                                                                                                              | 6303.57            | 0.46                 | 6304.03            |
  | 0     | 263      | Activation Communication | Layer 131                                                                                                                                                                                                                                                                                                                                                                                                                                                                                                                                                                                                                                                                                                                                                                                                                                                                                                                              | 6304.03            | 0                    | 6304.03            |
  | 0     | 264      | Compute                  | Layer 132                                                                                                                                                                                                                                                                                                                                                                                                                                                                                                                                                                                                                                                                                                                                                                                                                                                                                                                              | 6304.03            | 0.13                 | 6304.16            |
  | 0     | 265      | Activation Communication | Layer 132                                                                                                                                                                                                                                                                                                                                                                                                                                                                                                                                                                                                                                                                                                                                                                                                                                                                                                                              | 6304.16            | 0                    | 6304.16            |
  | 0     | 266      | Compute                  | Layer 133                                                                                                                                                                                                                                                                                                                                                                                                                                                                                                                                                                                                                                                                                                                                                                                                                                                                                                                              | 6304.16            | 0.46                 | 6304.61            |
  | 0     | 267      | Activation Communication | Layer 133                                                                                                                                                                                                                                                                                                                                                                                                                                                                                                                                                                                                                                                                                                                                                                                                                                                                                                                              | 6304.61            | 0                    | 6304.61            |
  | 0     | 268      | Compute                  | Layer 134                                                                                                                                                                                                                                                                                                                                                                                                                                                                                                                                                                                                                                                                                                                                                                                                                                                                                                                              | 6304.61            | 0.13                 | 6304.75            |
  | 0     | 269      | Activation Communication | Layer 134                                                                                                                                                                                                                                                                                                                                                                                                                                                                                                                                                                                                                                                                                                                                                                                                                                                                                                                              | 6304.75            | 1.96                 | 6306.71            |
  | 0     | 270      | Compute                  | Layer 135                                                                                                                                                                                                                                                                                                                                                                                                                                                                                                                                                                                                                                                                                                                                                                                                                                                                                                                              | 6306.71            | 3.65                 | 6310.36            |
  | 0     | 271      | Activation Communication | Layer 135                                                                                                                                                                                                                                                                                                                                                                                                                                                                                                                                                                                                                                                                                                                                                                                                                                                                                                                              | 6310.36            | 53.98                | 6364.34            |
  | 0     | 272      | Compute                  | Layer 136                                                                                                                                                                                                                                                                                                                                                                                                                                                                                                                                                                                                                                                                                                                                                                                                                                                                                                                              | 6364.34            | 0.07                 | 6364.41            |
  | 0     | 273      | Activation Communication | Layer 136                                                                                                                                                                                                                                                                                                                                                                                                                                                                                                                                                                                                                                                                                                                                                                                                                                                                                                                              | 6364.41            | 0                    | 6364.41            |
  | 0     | 274      | Compute                  | Layer 137                                                                                                                                                                                                                                                                                                                                                                                                                                                                                                                                                                                                                                                                                                                                                                                                                                                                                                                              | 6364.41            | 0.03                 | 6364.44            |
  | 0     | 275      | Activation Communication | Layer 137                                                                                                                                                                                                                                                                                                                                                                                                                                                                                                                                                                                                                                                                                                                                                                                                                                                                                                                              | 6364.44            | 0                    | 6364.44            |
  | 0     | 276      | Compute                  | Layer 138                                                                                                                                                                                                                                                                                                                                                                                                                                                                                                                                                                                                                                                                                                                                                                                                                                                                                                                              | 6364.44            | 0.07                 | 6364.50            |
  | 0     | 277      | Activation Communication | Layer 138                                                                                                                                                                                                                                                                                                                                                                                                                                                                                                                                                                                                                                                                                                                                                                                                                                                                                                                              | 6364.50            | 0                    | 6364.50            |
  | 0     | 278      | Compute                  | Layer 139                                                                                                                                                                                                                                                                                                                                                                                                                                                                                                                                                                                                                                                                                                                                                                                                                                                                                                                              | 6364.50            | 0.03                 | 6364.54            |
  | 0     | 279      | Activation Communication | Layer 139                                                                                                                                                                                                                                                                                                                                                                                                                                                                                                                                                                                                                                                                                                                                                                                                                                                                                                                              | 6364.54            | 0                    | 6364.54            |
  | 0     | 280      | Compute                  | Layer 140                                                                                                                                                                                                                                                                                                                                                                                                                                                                                                                                                                                                                                                                                                                                                                                                                                                                                                                              | 6364.54            | 0.07                 | 6364.60            |
  | 0     | 281      | Activation Communication | Layer 140                                                                                                                                                                                                                                                                                                                                                                                                                                                                                                                                                                                                                                                                                                                                                                                                                                                                                                                              | 6364.60            | 0                    | 6364.60            |
  | 0     | 282      | Compute                  | Layer 141                                                                                                                                                                                                                                                                                                                                                                                                                                                                                                                                                                                                                                                                                                                                                                                                                                                                                                                              | 6364.60            | 0.03                 | 6364.63            |
  | 0     | 283      | Activation Communication | Layer 141                                                                                                                                                                                                                                                                                                                                                                                                                                                                                                                                                                                                                                                                                                                                                                                                                                                                                                                              | 6364.63            | 0                    | 6364.63            |
  | 0     | 284      | Compute                  | Layer 142                                                                                                                                                                                                                                                                                                                                                                                                                                                                                                                                                                                                                                                                                                                                                                                                                                                                                                                              | 6364.63            | 0.07                 | 6364.70            |
  | 0     | 285      | Activation Communication | Layer 142                                                                                                                                                                                                                                                                                                                                                                                                                                                                                                                                                                                                                                                                                                                                                                                                                                                                                                                              | 6364.70            | 0                    | 6364.70            |
  | 0     | 286      | Compute                  | Layer 143                                                                                                                                                                                                                                                                                                                                                                                                                                                                                                                                                                                                                                                                                                                                                                                                                                                                                                                              | 6364.70            | 0.03                 | 6364.73            |
  | 0     | 287      | Activation Communication | Layer 143                                                                                                                                                                                                                                                                                                                                                                                                                                                                                                                                                                                                                                                                                                                                                                                                                                                                                                                              | 6364.73            | 0                    | 6364.73            |
  | 0     | 288      | Compute                  | Layer 144                                                                                                                                                                                                                                                                                                                                                                                                                                                                                                                                                                                                                                                                                                                                                                                                                                                                                                                              | 6364.73            | 0.07                 | 6364.80            |
  | 0     | 289      | Activation Communication | Layer 144                                                                                                                                                                                                                                                                                                                                                                                                                                                                                                                                                                                                                                                                                                                                                                                                                                                                                                                              | 6364.80            | 0                    | 6364.80            |
  | 0     | 290      | Compute                  | Layer 145                                                                                                                                                                                                                                                                                                                                                                                                                                                                                                                                                                                                                                                                                                                                                                                                                                                                                                                              | 6364.80            | 0.03                 | 6364.83            |
  | 0     | 291      | Activation Communication | Layer 145                                                                                                                                                                                                                                                                                                                                                                                                                                                                                                                                                                                                                                                                                                                                                                                                                                                                                                                              | 6364.83            | 0                    | 6364.83            |
  | 0     | 292      | Compute                  | Layer 146                                                                                                                                                                                                                                                                                                                                                                                                                                                                                                                                                                                                                                                                                                                                                                                                                                                                                                                              | 6364.83            | 0.13                 | 6364.96            |
  | 0     | 293      | Activation Communication | Layer 146                                                                                                                                                                                                                                                                                                                                                                                                                                                                                                                                                                                                                                                                                                                                                                                                                                                                                                                              | 6364.96            | 0                    | 6364.96            |
  | 0     | 294      | Compute                  | Layer 147                                                                                                                                                                                                                                                                                                                                                                                                                                                                                                                                                                                                                                                                                                                                                                                                                                                                                                                              | 6364.96            | 0.03                 | 6364.99            |
  | 0     | 295      | Activation Communication | Layer 147                                                                                                                                                                                                                                                                                                                                                                                                                                                                                                                                                                                                                                                                                                                                                                                                                                                                                                                              | 6364.99            | 0                    | 6364.99            |
  | 0     | 296      | Compute                  | Layer 148                                                                                                                                                                                                                                                                                                                                                                                                                                                                                                                                                                                                                                                                                                                                                                                                                                                                                                                              | 6364.99            | 0.13                 | 6365.12            |
  | 0     | 297      | Activation Communication | Layer 148                                                                                                                                                                                                                                                                                                                                                                                                                                                                                                                                                                                                                                                                                                                                                                                                                                                                                                                              | 6365.12            | 0                    | 6365.12            |
  | 0     | 298      | Compute                  | Layer 149                                                                                                                                                                                                                                                                                                                                                                                                                                                                                                                                                                                                                                                                                                                                                                                                                                                                                                                              | 6365.12            | 0.03                 | 6365.16            |
  | 0     | 299      | Activation Communication | Layer 149                                                                                                                                                                                                                                                                                                                                                                                                                                                                                                                                                                                                                                                                                                                                                                                                                                                                                                                              | 6365.16            | 0                    | 6365.16            |
  | 0     | 300      | Compute                  | Layer 150                                                                                                                                                                                                                                                                                                                                                                                                                                                                                                                                                                                                                                                                                                                                                                                                                                                                                                                              | 6365.16            | 0.13                 | 6365.29            |
  | 0     | 301      | Activation Communication | Layer 150                                                                                                                                                                                                                                                                                                                                                                                                                                                                                                                                                                                                                                                                                                                                                                                                                                                                                                                              | 6365.29            | 0                    | 6365.29            |
  | 0     | 302      | Compute                  | Layer 151                                                                                                                                                                                                                                                                                                                                                                                                                                                                                                                                                                                                                                                                                                                                                                                                                                                                                                                              | 6365.29            | 0.03                 | 6365.32            |
  | 0     | 303      | Activation Communication | Layer 151                                                                                                                                                                                                                                                                                                                                                                                                                                                                                                                                                                                                                                                                                                                                                                                                                                                                                                                              | 6365.32            | 0                    | 6365.32            |
  | 0     | 304      | Compute                  | Layer 152                                                                                                                                                                                                                                                                                                                                                                                                                                                                                                                                                                                                                                                                                                                                                                                                                                                                                                                              | 6365.32            | 0.13                 | 6365.45            |
  | 0     | 305      | Activation Communication | Layer 152                                                                                                                                                                                                                                                                                                                                                                                                                                                                                                                                                                                                                                                                                                                                                                                                                                                                                                                              | 6365.45            | 0                    | 6365.45            |
  | 0     | 306      | Compute                  | Layer 153                                                                                                                                                                                                                                                                                                                                                                                                                                                                                                                                                                                                                                                                                                                                                                                                                                                                                                                              | 6365.45            | 0.03                 | 6365.48            |
  | 0     | 307      | Activation Communication | Layer 153                                                                                                                                                                                                                                                                                                                                                                                                                                                                                                                                                                                                                                                                                                                                                                                                                                                                                                                              | 6365.48            | 0                    | 6365.48            |
  | 0     | 308      | Compute                  | Layer 154                                                                                                                                                                                                                                                                                                                                                                                                                                                                                                                                                                                                                                                                                                                                                                                                                                                                                                                              | 6365.48            | 0.13                 | 6365.61            |
  | 0     | 309      | Activation Communication | Layer 154                                                                                                                                                                                                                                                                                                                                                                                                                                                                                                                                                                                                                                                                                                                                                                                                                                                                                                                              | 6365.61            | 0                    | 6365.61            |
  | 0     | 310      | Compute                  | Layer 155                                                                                                                                                                                                                                                                                                                                                                                                                                                                                                                                                                                                                                                                                                                                                                                                                                                                                                                              | 6365.61            | 0.03                 | 6365.65            |
  | 0     | 311      | Activation Communication | Layer 155                                                                                                                                                                                                                                                                                                                                                                                                                                                                                                                                                                                                                                                                                                                                                                                                                                                                                                                              | 6365.65            | 0.49                 | 6366.14            |
  | 0     | 312      | Compute                  | Layer 156                                                                                                                                                                                                                                                                                                                                                                                                                                                                                                                                                                                                                                                                                                                                                                                                                                                                                                                              | 6366.14            | 0.13                 | 6366.27            |
  | 0     | 313      | Activation Communication | Layer 156                                                                                                                                                                                                                                                                                                                                                                                                                                                                                                                                                                                                                                                                                                                                                                                                                                                                                                                              | 6366.27            | 1.37                 | 6367.64            |
  | 0     | 314      | Compute                  | Layer 157                                                                                                                                                                                                                                                                                                                                                                                                                                                                                                                                                                                                                                                                                                                                                                                                                                                                                                                              | 6367.64            | 0.03                 | 6367.67            |
  | 0     | 315      | Activation Communication | Layer 157                                                                                                                                                                                                                                                                                                                                                                                                                                                                                                                                                                                                                                                                                                                                                                                                                                                                                                                              | 6367.67            | 0                    | 6367.67            |
  | 0     | 316      | Compute                  | Layer 158                                                                                                                                                                                                                                                                                                                                                                                                                                                                                                                                                                                                                                                                                                                                                                                                                                                                                                                              | 6367.67            | 0.13                 | 6367.80            |
  | 0     | 317      | Activation Communication | Layer 158                                                                                                                                                                                                                                                                                                                                                                                                                                                                                                                                                                                                                                                                                                                                                                                                                                                                                                                              | 6367.80            | 0                    | 6367.80            |
  | 0     | 318      | Compute                  | Layer 159                                                                                                                                                                                                                                                                                                                                                                                                                                                                                                                                                                                                                                                                                                                                                                                                                                                                                                                              | 6367.80            | 0.03                 | 6367.83            |
  | 0     | 319      | Activation Communication | Layer 159                                                                                                                                                                                                                                                                                                                                                                                                                                                                                                                                                                                                                                                                                                                                                                                                                                                                                                                              | 6367.83            | 0                    | 6367.83            |
  | 0     | 320      | Compute                  | Layer 160                                                                                                                                                                                                                                                                                                                                                                                                                                                                                                                                                                                                                                                                                                                                                                                                                                                                                                                              | 6367.83            | 0.13                 | 6367.96            |
  | 0     | 321      | Activation Communication | Layer 160                                                                                                                                                                                                                                                                                                                                                                                                                                                                                                                                                                                                                                                                                                                                                                                                                                                                                                                              | 6367.96            | 0                    | 6367.96            |
  | 0     | 322      | Compute                  | Layer 161                                                                                                                                                                                                                                                                                                                                                                                                                                                                                                                                                                                                                                                                                                                                                                                                                                                                                                                              | 6367.96            | 0.03                 | 6367.99            |
  | 0     | 323      | Activation Communication | Layer 161                                                                                                                                                                                                                                                                                                                                                                                                                                                                                                                                                                                                                                                                                                                                                                                                                                                                                                                              | 6367.99            | 0                    | 6367.99            |
  | 0     | 324      | Compute                  | Layer 162                                                                                                                                                                                                                                                                                                                                                                                                                                                                                                                                                                                                                                                                                                                                                                                                                                                                                                                              | 6367.99            | 0.13                 | 6368.12            |
  | 0     | 325      | Activation Communication | Layer 162                                                                                                                                                                                                                                                                                                                                                                                                                                                                                                                                                                                                                                                                                                                                                                                                                                                                                                                              | 6368.12            | 0                    | 6368.12            |
  | 0     | 326      | Compute                  | Layer 163                                                                                                                                                                                                                                                                                                                                                                                                                                                                                                                                                                                                                                                                                                                                                                                                                                                                                                                              | 6368.12            | 0.03                 | 6368.16            |
  | 0     | 327      | Activation Communication | Layer 163                                                                                                                                                                                                                                                                                                                                                                                                                                                                                                                                                                                                                                                                                                                                                                                                                                                                                                                              | 6368.16            | 0                    | 6368.16            |
  | 0     | 328      | Compute                  | Layer 164                                                                                                                                                                                                                                                                                                                                                                                                                                                                                                                                                                                                                                                                                                                                                                                                                                                                                                                              | 6368.16            | 0.13                 | 6368.29            |
  | 0     | 329      | Activation Communication | Layer 164                                                                                                                                                                                                                                                                                                                                                                                                                                                                                                                                                                                                                                                                                                                                                                                                                                                                                                                              | 6368.29            | 0                    | 6368.29            |
  | 0     | 330      | Compute                  | Layer 165                                                                                                                                                                                                                                                                                                                                                                                                                                                                                                                                                                                                                                                                                                                                                                                                                                                                                                                              | 6368.29            | 0.03                 | 6368.32            |
  | 0     | 331      | Activation Communication | Layer 165                                                                                                                                                                                                                                                                                                                                                                                                                                                                                                                                                                                                                                                                                                                                                                                                                                                                                                                              | 6368.32            | 0                    | 6368.32            |
  | 0     | 332      | Compute                  | Layer 166                                                                                                                                                                                                                                                                                                                                                                                                                                                                                                                                                                                                                                                                                                                                                                                                                                                                                                                              | 6368.32            | 0.13                 | 6368.45            |
  | 0     | 333      | Activation Communication | Layer 166                                                                                                                                                                                                                                                                                                                                                                                                                                                                                                                                                                                                                                                                                                                                                                                                                                                                                                                              | 6368.45            | 0                    | 6368.45            |
  | 0     | 334      | Compute                  | Layer 167                                                                                                                                                                                                                                                                                                                                                                                                                                                                                                                                                                                                                                                                                                                                                                                                                                                                                                                              | 6368.45            | 0.03                 | 6368.48            |
  | 0     | 335      | Activation Communication | Layer 167                                                                                                                                                                                                                                                                                                                                                                                                                                                                                                                                                                                                                                                                                                                                                                                                                                                                                                                              | 6368.48            | 0                    | 6368.48            |
  | 0     | 336      | Compute                  | Layer 168                                                                                                                                                                                                                                                                                                                                                                                                                                                                                                                                                                                                                                                                                                                                                                                                                                                                                                                              | 6368.48            | 0.13                 | 6368.61            |
  | 0     | 337      | Activation Communication | Layer 168                                                                                                                                                                                                                                                                                                                                                                                                                                                                                                                                                                                                                                                                                                                                                                                                                                                                                                                              | 6368.61            | 0                    | 6368.61            |
  | 0     | 338      | Compute                  | Layer 169                                                                                                                                                                                                                                                                                                                                                                                                                                                                                                                                                                                                                                                                                                                                                                                                                                                                                                                              | 6368.61            | 0.03                 | 6368.65            |
  | 0     | 339      | Activation Communication | Layer 169                                                                                                                                                                                                                                                                                                                                                                                                                                                                                                                                                                                                                                                                                                                                                                                                                                                                                                                              | 6368.65            | 0                    | 6368.65            |
  | 0     | 340      | Compute                  | Layer 170                                                                                                                                                                                                                                                                                                                                                                                                                                                                                                                                                                                                                                                                                                                                                                                                                                                                                                                              | 6368.65            | 0.13                 | 6368.78            |
  | 0     | 341      | Activation Communication | Layer 170                                                                                                                                                                                                                                                                                                                                                                                                                                                                                                                                                                                                                                                                                                                                                                                                                                                                                                                              | 6368.78            | 0                    | 6368.78            |
  | 0     | 342      | Compute                  | Layer 171                                                                                                                                                                                                                                                                                                                                                                                                                                                                                                                                                                                                                                                                                                                                                                                                                                                                                                                              | 6368.78            | 0.03                 | 6368.81            |
  | 0     | 343      | Activation Communication | Layer 171                                                                                                                                                                                                                                                                                                                                                                                                                                                                                                                                                                                                                                                                                                                                                                                                                                                                                                                              | 6368.81            | 0                    | 6368.81            |
  | 0     | 344      | Compute                  | Layer 172                                                                                                                                                                                                                                                                                                                                                                                                                                                                                                                                                                                                                                                                                                                                                                                                                                                                                                                              | 6368.81            | 0.13                 | 6368.94            |
  | 0     | 345      | Activation Communication | Layer 172                                                                                                                                                                                                                                                                                                                                                                                                                                                                                                                                                                                                                                                                                                                                                                                                                                                                                                                              | 6368.94            | 0                    | 6368.94            |
  | 0     | 346      | Compute                  | Layer 173                                                                                                                                                                                                                                                                                                                                                                                                                                                                                                                                                                                                                                                                                                                                                                                                                                                                                                                              | 6368.94            | 0.03                 | 6368.97            |
  | 0     | 347      | Activation Communication | Layer 173                                                                                                                                                                                                                                                                                                                                                                                                                                                                                                                                                                                                                                                                                                                                                                                                                                                                                                                              | 6368.97            | 0.49                 | 6369.47            |
  | 0     | 348      | Compute                  | Layer 174                                                                                                                                                                                                                                                                                                                                                                                                                                                                                                                                                                                                                                                                                                                                                                                                                                                                                                                              | 6369.47            | 0.13                 | 6369.60            |
  | 0     | 349      | Activation Communication | Layer 174                                                                                                                                                                                                                                                                                                                                                                                                                                                                                                                                                                                                                                                                                                                                                                                                                                                                                                                              | 6369.60            | 1.47                 | 6371.07            |
  | 0     | 350      | Compute                  | Layer 175                                                                                                                                                                                                                                                                                                                                                                                                                                                                                                                                                                                                                                                                                                                                                                                                                                                                                                                              | 6371.07            | 0.03                 | 6371.10            |
  | 0     | 351      | Activation Communication | Layer 175                                                                                                                                                                                                                                                                                                                                                                                                                                                                                                                                                                                                                                                                                                                                                                                                                                                                                                                              | 6371.10            | 0                    | 6371.10            |
  | 0     | 352      | Compute                  | Layer 176                                                                                                                                                                                                                                                                                                                                                                                                                                                                                                                                                                                                                                                                                                                                                                                                                                                                                                                              | 6371.10            | 0.13                 | 6371.23            |
  | 0     | 353      | Activation Communication | Layer 176                                                                                                                                                                                                                                                                                                                                                                                                                                                                                                                                                                                                                                                                                                                                                                                                                                                                                                                              | 6371.23            | 0                    | 6371.23            |
  | 0     | 354      | Compute                  | Layer 177                                                                                                                                                                                                                                                                                                                                                                                                                                                                                                                                                                                                                                                                                                                                                                                                                                                                                                                              | 6371.23            | 0.03                 | 6371.26            |
  | 0     | 355      | Activation Communication | Layer 177                                                                                                                                                                                                                                                                                                                                                                                                                                                                                                                                                                                                                                                                                                                                                                                                                                                                                                                              | 6371.26            | 0                    | 6371.26            |
  | 0     | 356      | Compute                  | Layer 178                                                                                                                                                                                                                                                                                                                                                                                                                                                                                                                                                                                                                                                                                                                                                                                                                                                                                                                              | 6371.26            | 0.13                 | 6371.39            |
  | 0     | 357      | Activation Communication | Layer 178                                                                                                                                                                                                                                                                                                                                                                                                                                                                                                                                                                                                                                                                                                                                                                                                                                                                                                                              | 6371.39            | 0                    | 6371.39            |
  | 0     | 358      | Compute                  | Layer 179                                                                                                                                                                                                                                                                                                                                                                                                                                                                                                                                                                                                                                                                                                                                                                                                                                                                                                                              | 6371.39            | 0.03                 | 6371.43            |
  | 0     | 359      | Activation Communication | Layer 179                                                                                                                                                                                                                                                                                                                                                                                                                                                                                                                                                                                                                                                                                                                                                                                                                                                                                                                              | 6371.43            | 0                    | 6371.43            |
  | 0     | 360      | Compute                  | Layer 180                                                                                                                                                                                                                                                                                                                                                                                                                                                                                                                                                                                                                                                                                                                                                                                                                                                                                                                              | 6371.43            | 0.13                 | 6371.56            |
  | 0     | 361      | Activation Communication | Layer 180                                                                                                                                                                                                                                                                                                                                                                                                                                                                                                                                                                                                                                                                                                                                                                                                                                                                                                                              | 6371.56            | 0                    | 6371.56            |
  | 0     | 362      | Compute                  | Layer 181                                                                                                                                                                                                                                                                                                                                                                                                                                                                                                                                                                                                                                                                                                                                                                                                                                                                                                                              | 6371.56            | 0.03                 | 6371.59            |
  | 0     | 363      | Activation Communication | Layer 181                                                                                                                                                                                                                                                                                                                                                                                                                                                                                                                                                                                                                                                                                                                                                                                                                                                                                                                              | 6371.59            | 0                    | 6371.59            |
  | 0     | 364      | Compute                  | Layer 182                                                                                                                                                                                                                                                                                                                                                                                                                                                                                                                                                                                                                                                                                                                                                                                                                                                                                                                              | 6371.59            | 0.13                 | 6371.72            |
  | 0     | 365      | Activation Communication | Layer 182                                                                                                                                                                                                                                                                                                                                                                                                                                                                                                                                                                                                                                                                                                                                                                                                                                                                                                                              | 6371.72            | 0                    | 6371.72            |
  | 0     | 366      | Compute                  | Layer 183                                                                                                                                                                                                                                                                                                                                                                                                                                                                                                                                                                                                                                                                                                                                                                                                                                                                                                                              | 6371.72            | 0.03                 | 6371.75            |
  | 0     | 367      | Activation Communication | Layer 183                                                                                                                                                                                                                                                                                                                                                                                                                                                                                                                                                                                                                                                                                                                                                                                                                                                                                                                              | 6371.75            | 0                    | 6371.75            |
  | 0     | 368      | Compute                  | Layer 184                                                                                                                                                                                                                                                                                                                                                                                                                                                                                                                                                                                                                                                                                                                                                                                                                                                                                                                              | 6371.75            | 0.13                 | 6371.88            |
  | 0     | 369      | Activation Communication | Layer 184                                                                                                                                                                                                                                                                                                                                                                                                                                                                                                                                                                                                                                                                                                                                                                                                                                                                                                                              | 6371.88            | 0                    | 6371.88            |
  | 0     | 370      | Compute                  | Layer 185                                                                                                                                                                                                                                                                                                                                                                                                                                                                                                                                                                                                                                                                                                                                                                                                                                                                                                                              | 6371.88            | 0.03                 | 6371.92            |
  | 0     | 371      | Activation Communication | Layer 185                                                                                                                                                                                                                                                                                                                                                                                                                                                                                                                                                                                                                                                                                                                                                                                                                                                                                                                              | 6371.92            | 0                    | 6371.92            |
  | 0     | 372      | Compute                  | Layer 186                                                                                                                                                                                                                                                                                                                                                                                                                                                                                                                                                                                                                                                                                                                                                                                                                                                                                                                              | 6371.92            | 0.13                 | 6372.05            |
  | 0     | 373      | Activation Communication | Layer 186                                                                                                                                                                                                                                                                                                                                                                                                                                                                                                                                                                                                                                                                                                                                                                                                                                                                                                                              | 6372.05            | 0                    | 6372.05            |
  | 0     | 374      | Compute                  | Layer 187                                                                                                                                                                                                                                                                                                                                                                                                                                                                                                                                                                                                                                                                                                                                                                                                                                                                                                                              | 6372.05            | 0.03                 | 6372.08            |
  | 0     | 375      | Activation Communication | Layer 187                                                                                                                                                                                                                                                                                                                                                                                                                                                                                                                                                                                                                                                                                                                                                                                                                                                                                                                              | 6372.08            | 0                    | 6372.08            |
  | 0     | 376      | Compute                  | Layer 188                                                                                                                                                                                                                                                                                                                                                                                                                                                                                                                                                                                                                                                                                                                                                                                                                                                                                                                              | 6372.08            | 0.13                 | 6372.21            |
  | 0     | 377      | Activation Communication | Layer 188                                                                                                                                                                                                                                                                                                                                                                                                                                                                                                                                                                                                                                                                                                                                                                                                                                                                                                                              | 6372.21            | 0                    | 6372.21            |
  | 0     | 378      | Compute                  | Layer 189                                                                                                                                                                                                                                                                                                                                                                                                                                                                                                                                                                                                                                                                                                                                                                                                                                                                                                                              | 6372.21            | 0.03                 | 6372.24            |
  | 0     | 379      | Activation Communication | Layer 189                                                                                                                                                                                                                                                                                                                                                                                                                                                                                                                                                                                                                                                                                                                                                                                                                                                                                                                              | 6372.24            | 0.49                 | 6372.73            |
  | 0     | 380      | Compute                  | Layer 190                                                                                                                                                                                                                                                                                                                                                                                                                                                                                                                                                                                                                                                                                                                                                                                                                                                                                                                              | 6372.73            | 0.13                 | 6372.86            |
  | 0     | 381      | Activation Communication | Layer 190                                                                                                                                                                                                                                                                                                                                                                                                                                                                                                                                                                                                                                                                                                                                                                                                                                                                                                                              | 6372.86            | 1.79                 | 6374.65            |
  | 0     | 382      | Compute                  | Layer 191                                                                                                                                                                                                                                                                                                                                                                                                                                                                                                                                                                                                                                                                                                                                                                                                                                                                                                                              | 6374.65            | 0.03                 | 6374.69            |
  | 0     | 383      | Activation Communication | Layer 191                                                                                                                                                                                                                                                                                                                                                                                                                                                                                                                                                                                                                                                                                                                                                                                                                                                                                                                              | 6374.69            | 0                    | 6374.69            |
  | 0     | 384      | Compute                  | Layer 192                                                                                                                                                                                                                                                                                                                                                                                                                                                                                                                                                                                                                                                                                                                                                                                                                                                                                                                              | 6374.69            | 0.13                 | 6374.82            |
  | 0     | 385      | Activation Communication | Layer 192                                                                                                                                                                                                                                                                                                                                                                                                                                                                                                                                                                                                                                                                                                                                                                                                                                                                                                                              | 6374.82            | 0                    | 6374.82            |
  | 0     | 386      | Compute                  | Layer 193                                                                                                                                                                                                                                                                                                                                                                                                                                                                                                                                                                                                                                                                                                                                                                                                                                                                                                                              | 6374.82            | 0.03                 | 6374.85            |
  | 0     | 387      | Activation Communication | Layer 193                                                                                                                                                                                                                                                                                                                                                                                                                                                                                                                                                                                                                                                                                                                                                                                                                                                                                                                              | 6374.85            | 0                    | 6374.85            |
  | 0     | 388      | Compute                  | Layer 194                                                                                                                                                                                                                                                                                                                                                                                                                                                                                                                                                                                                                                                                                                                                                                                                                                                                                                                              | 6374.85            | 0.13                 | 6374.98            |
  | 0     | 389      | Activation Communication | Layer 194                                                                                                                                                                                                                                                                                                                                                                                                                                                                                                                                                                                                                                                                                                                                                                                                                                                                                                                              | 6374.98            | 0                    | 6374.98            |
  | 0     | 390      | Compute                  | Layer 195                                                                                                                                                                                                                                                                                                                                                                                                                                                                                                                                                                                                                                                                                                                                                                                                                                                                                                                              | 6374.98            | 0.03                 | 6375.01            |
  | 0     | 391      | Activation Communication | Layer 195                                                                                                                                                                                                                                                                                                                                                                                                                                                                                                                                                                                                                                                                                                                                                                                                                                                                                                                              | 6375.01            | 0                    | 6375.01            |
  | 0     | 392      | Compute                  | Layer 196                                                                                                                                                                                                                                                                                                                                                                                                                                                                                                                                                                                                                                                                                                                                                                                                                                                                                                                              | 6375.01            | 0.13                 | 6375.14            |
  | 0     | 393      | Activation Communication | Layer 196                                                                                                                                                                                                                                                                                                                                                                                                                                                                                                                                                                                                                                                                                                                                                                                                                                                                                                                              | 6375.14            | 0                    | 6375.14            |
  | 0     | 394      | Compute                  | Layer 197                                                                                                                                                                                                                                                                                                                                                                                                                                                                                                                                                                                                                                                                                                                                                                                                                                                                                                                              | 6375.14            | 0.03                 | 6375.18            |
  | 0     | 395      | Activation Communication | Layer 197                                                                                                                                                                                                                                                                                                                                                                                                                                                                                                                                                                                                                                                                                                                                                                                                                                                                                                                              | 6375.18            | 0                    | 6375.18            |
  | 0     | 396      | Compute                  | Layer 198                                                                                                                                                                                                                                                                                                                                                                                                                                                                                                                                                                                                                                                                                                                                                                                                                                                                                                                              | 6375.18            | 0.13                 | 6375.31            |
  | 0     | 397      | Activation Communication | Layer 198                                                                                                                                                                                                                                                                                                                                                                                                                                                                                                                                                                                                                                                                                                                                                                                                                                                                                                                              | 6375.31            | 0                    | 6375.31            |
  | 0     | 398      | Compute                  | Layer 199                                                                                                                                                                                                                                                                                                                                                                                                                                                                                                                                                                                                                                                                                                                                                                                                                                                                                                                              | 6375.31            | 0.03                 | 6375.34            |
  | 0     | 399      | Activation Communication | Layer 199                                                                                                                                                                                                                                                                                                                                                                                                                                                                                                                                                                                                                                                                                                                                                                                                                                                                                                                              | 6375.34            | 0.49                 | 6375.83            |
  | 0     | 400      | Compute                  | Layer 200                                                                                                                                                                                                                                                                                                                                                                                                                                                                                                                                                                                                                                                                                                                                                                                                                                                                                                                              | 6375.83            | 0.01                 | 6375.84            |
  +-------+----------+--------------------------+----------------------------------------------------------------------------------------------------------------------------------------------------------------------------------------------------------------------------------------------------------------------------------------------------------------------------------------------------------------------------------------------------------------------------------------------------------------------------------------------------------------------------------------------------------------------------------------------------------------------------------------------------------------------------------------------------------------------------------------------------------------------------------------------------------------------------------------------------------------------------------------------------------------------------------------+--------------------+----------------------+--------------------+

Weight Loading Schedule:
--------------------------------------------------
  Weight Loading Schedule Table:

  +-------+-------+------------+-------------------+-------------------+--------------------+
  | Input | Op ID | Start (μs) | Duration (μs)     | Completion (μs)   | Next Compute Layer |
  +-------+-------+------------+-------------------+-------------------+--------------------+
  | 0     | 401   | 0.00       | 6161.96           | 6161.96           | Input 0, Layer 0   |
  +-------+-------+------------+-------------------+-------------------+--------------------+

Weight Loading Traffic (bytes):
--------------------------------------------------
  Weight Loading Traffic Table:

  +-------+-------+----------------------------------------------------------------------------------------------------------------------------------------------------------------------+
  | Input | Op ID | Traffic                                                                                                                                                              |
  +-------+-------+----------------------------------------------------------------------------------------------------------------------------------------------------------------------+
  | 0     | 401   | {1: {2: 87372, 3: 120742, 12: 97066, 11: 981, 13: 109312, 14: 119040, 4: 115865, 15: 121033, 5: 143670, 23: 123894, 22: 3017, 24: 129462, 25: 60937}, 10: {6: 4095}} |
  +-------+-------+----------------------------------------------------------------------------------------------------------------------------------------------------------------------+

Activation Communication Traffic (bytes):
--------------------------------------------------
  Activation Communication Traffic Table:

  +-------+---------------------------------+
  | Layer | Traffic                         |
  +-------+---------------------------------+
  | 0     | {2: {}}                         |
  | 1     | {2: {}}                         |
  | 2     | {2: {}}                         |
  | 3     | {2: {}}                         |
  | 4     | {2: {}}                         |
  | 5     | {2: {}}                         |
  | 6     | {2: {}}                         |
  | 7     | {2: {}}                         |
  | 8     | {2: {}}                         |
  | 9     | {2: {}}                         |
  | 10    | {2: {}}                         |
  | 11    | {2: {}}                         |
  | 12    | {2: {}}                         |
  | 13    | {2: {}}                         |
  | 14    | {2: {}}                         |
  | 15    | {2: {}}                         |
  | 16    | {2: {}}                         |
  | 17    | {2: {}}                         |
  | 18    | {2: {}}                         |
  | 19    | {2: {}}                         |
  | 20    | {2: {}}                         |
  | 21    | {2: {}}                         |
  | 22    | {2: {}}                         |
  | 23    | {2: {}}                         |
  | 24    | {2: {}}                         |
  | 25    | {2: {}}                         |
  | 26    | {2: {}}                         |
  | 27    | {2: {}}                         |
  | 28    | {2: {}}                         |
  | 29    | {2: {}}                         |
  | 30    | {2: {}}                         |
  | 31    | {2: {}}                         |
  | 32    | {2: {}}                         |
  | 33    | {2: {}}                         |
  | 34    | {2: {}}                         |
  | 35    | {2: {}}                         |
  | 36    | {2: {}}                         |
  | 37    | {2: {3: 1568}}                  |
  | 38    | {2: {12: 10976}, 3: {12: 1568}} |
  | 39    | {12: {}}                        |
  | 40    | {12: {}}                        |
  | 41    | {12: {}}                        |
  | 42    | {12: {}}                        |
  | 43    | {12: {}}                        |
  | 44    | {12: {}}                        |
  | 45    | {12: {}}                        |
  | 46    | {12: {}}                        |
  | 47    | {12: {}}                        |
  | 48    | {12: {}}                        |
  | 49    | {12: {}}                        |
  | 50    | {12: {}}                        |
  | 51    | {12: {}}                        |
  | 52    | {12: {}}                        |
  | 53    | {12: {}}                        |
  | 54    | {12: {}}                        |
  | 55    | {12: {}}                        |
  | 56    | {12: {}}                        |
  | 57    | {12: {}}                        |
  | 58    | {12: {}}                        |
  | 59    | {12: {}}                        |
  | 60    | {12: {}}                        |
  | 61    | {12: {}}                        |
  | 62    | {12: {}}                        |
  | 63    | {12: {}}                        |
  | 64    | {12: {}}                        |
  | 65    | {12: {}}                        |
  | 66    | {12: {}}                        |
  | 67    | {12: {}}                        |
  | 68    | {12: {11: 392}}                 |
  | 69    | {11: {13: 261}, 12: {13: 1306}} |
  | 70    | {13: {}}                        |
  | 71    | {13: {}}                        |
  | 72    | {13: {}}                        |
  | 73    | {13: {}}                        |
  | 74    | {13: {}}                        |
  | 75    | {13: {}}                        |
  | 76    | {13: {}}                        |
  | 77    | {13: {}}                        |
  | 78    | {13: {}}                        |
  | 79    | {13: {}}                        |
  | 80    | {13: {}}                        |
  | 81    | {13: {}}                        |
  | 82    | {13: {}}                        |
  | 83    | {13: {}}                        |
  | 84    | {13: {}}                        |
  | 85    | {13: {}}                        |
  | 86    | {13: {}}                        |
  | 87    | {13: {}}                        |
  | 88    | {13: {}}                        |
  | 89    | {13: {}}                        |
  | 90    | {13: {}}                        |
  | 91    | {13: {}}                        |
  | 92    | {13: {14: 392}}                 |
  | 93    | {14: {}}                        |
  | 94    | {14: {}}                        |
  | 95    | {14: {}}                        |
  | 96    | {14: {}}                        |
  | 97    | {14: {}}                        |
  | 98    | {14: {}}                        |
  | 99    | {14: {}}                        |
  | 100   | {14: {}}                        |
  | 101   | {14: {}}                        |
  | 102   | {14: {}}                        |
  | 103   | {14: {}}                        |
  | 104   | {14: {}}                        |
  | 105   | {14: {}}                        |
  | 106   | {14: {}}                        |
  | 107   | {14: {}}                        |
  | 108   | {14: {}}                        |
  | 109   | {14: {}}                        |
  | 110   | {14: {4: 392}}                  |
  | 111   | {4: {15: 392}, 14: {15: 1176}}  |
  | 112   | {15: {}}                        |
  | 113   | {15: {}}                        |
  | 114   | {15: {}}                        |
  | 115   | {15: {}}                        |
  | 116   | {15: {}}                        |
  | 117   | {15: {}}                        |
  | 118   | {15: {}}                        |
  | 119   | {15: {}}                        |
  | 120   | {15: {}}                        |
  | 121   | {15: {}}                        |
  | 122   | {15: {}}                        |
  | 123   | {15: {}}                        |
  | 124   | {15: {}}                        |
  | 125   | {15: {}}                        |
  | 126   | {15: {}}                        |
  | 127   | {15: {}}                        |
  | 128   | {15: {5: 392}}                  |
  | 129   | {5: {}, 15: {5: 112}}           |
  | 130   | {5: {}}                         |
  | 131   | {5: {}}                         |
  | 132   | {5: {}}                         |
  | 133   | {5: {}}                         |
  | 134   | {5: {6: 392}}                   |
  | 135   | {5: {4: 10528}, 6: {4: 447}}    |
  | 136   | {4: {}}                         |
  | 137   | {4: {}}                         |
  | 138   | {4: {}}                         |
  | 139   | {4: {}}                         |
  | 140   | {4: {}}                         |
  | 141   | {4: {}}                         |
  | 142   | {4: {}}                         |
  | 143   | {4: {}}                         |
  | 144   | {4: {}}                         |
  | 145   | {4: {}}                         |
  | 146   | {4: {}}                         |
  | 147   | {4: {}}                         |
  | 148   | {4: {}}                         |
  | 149   | {4: {}}                         |
  | 150   | {4: {}}                         |
  | 151   | {4: {}}                         |
  | 152   | {4: {}}                         |
  | 153   | {4: {}}                         |
  | 154   | {4: {}}                         |
  | 155   | {4: {3: 98}}                    |
  | 156   | {3: {}, 4: {3: 274}}            |
  | 157   | {3: {}}                         |
  | 158   | {3: {}}                         |
  | 159   | {3: {}}                         |
  | 160   | {3: {}}                         |
  | 161   | {3: {}}                         |
  | 162   | {3: {}}                         |
  | 163   | {3: {}}                         |
  | 164   | {3: {}}                         |
  | 165   | {3: {}}                         |
  | 166   | {3: {}}                         |
  | 167   | {3: {}}                         |
  | 168   | {3: {}}                         |
  | 169   | {3: {}}                         |
  | 170   | {3: {}}                         |
  | 171   | {3: {}}                         |
  | 172   | {3: {}}                         |
  | 173   | {3: {23: 98}}                   |
  | 174   | {3: {23: 294}, 23: {}}          |
  | 175   | {23: {}}                        |
  | 176   | {23: {}}                        |
  | 177   | {23: {}}                        |
  | 178   | {23: {}}                        |
  | 179   | {23: {}}                        |
  | 180   | {23: {}}                        |
  | 181   | {23: {}}                        |
  | 182   | {23: {}}                        |
  | 183   | {23: {}}                        |
  | 184   | {23: {}}                        |
  | 185   | {23: {}}                        |
  | 186   | {23: {}}                        |
  | 187   | {23: {}}                        |
  | 188   | {23: {}}                        |
  | 189   | {23: {22: 98}}                  |
  | 190   | {22: {24: 84}, 23: {24: 308}}   |
  | 191   | {24: {}}                        |
  | 192   | {24: {}}                        |
  | 193   | {24: {}}                        |
  | 194   | {24: {}}                        |
  | 195   | {24: {}}                        |
  | 196   | {24: {}}                        |
  | 197   | {24: {}}                        |
  | 198   | {24: {}}                        |
  | 199   | {24: {25: 98}}                  |
  | 200   | {}                              |
  +-------+---------------------------------+

Communication Co-active Layers:
--------------------------------------------------
  No co-active layers detected for this model

Communication Co-active Traffic:
--------------------------------------------------
  Co-active Traffic Table:

  +----------+-----------+-------+-------+-------+-------+--------------------------+---------------+-------------------+
  | Sim Call | Time (μs) | Model | Input | Layer | Phase | Type                     | Next Layer    | Co-active Traffic |
  +----------+-----------+-------+-------+-------+-------+--------------------------+---------------+-------------------+
  | 1        | 0.00      | 1     | 0     | 0     | 401   | Weight Loading           | Next: Layer 0 | {}                |
  | 2        | 6277.00   | 1     | 0     | 37    | 75    | Activation Communication |               | {}                |
  | 3        | 6281.00   | 1     | 0     | 38    | 77    | Activation Communication |               | {}                |
  | 4        | 6372.00   | 1     | 0     | 68    | 137   | Activation Communication |               | {}                |
  | 5        | 6376.00   | 1     | 0     | 69    | 139   | Activation Communication |               | {}                |
  | 6        | 6446.00   | 1     | 0     | 92    | 185   | Activation Communication |               | {}                |
  | 7        | 6501.00   | 1     | 0     | 110   | 221   | Activation Communication |               | {}                |
  | 8        | 6505.00   | 1     | 0     | 111   | 223   | Activation Communication |               | {}                |
  | 9        | 6557.00   | 1     | 0     | 128   | 257   | Activation Communication |               | {}                |
  | 10       | 6561.00   | 1     | 0     | 129   | 259   | Activation Communication |               | {}                |
  | 11       | 6577.00   | 1     | 0     | 134   | 269   | Activation Communication |               | {}                |
  | 12       | 6581.00   | 1     | 0     | 135   | 271   | Activation Communication |               | {}                |
  | 13       | 6642.00   | 1     | 0     | 155   | 311   | Activation Communication |               | {}                |
  | 14       | 6646.00   | 1     | 0     | 156   | 313   | Activation Communication |               | {}                |
  | 15       | 6698.00   | 1     | 0     | 173   | 347   | Activation Communication |               | {}                |
  | 16       | 6702.00   | 1     | 0     | 174   | 349   | Activation Communication |               | {}                |
  | 17       | 6748.00   | 1     | 0     | 189   | 379   | Activation Communication |               | {}                |
  | 18       | 6752.00   | 1     | 0     | 190   | 381   | Activation Communication |               | {}                |
  | 19       | 6780.00   | 1     | 0     | 199   | 399   | Activation Communication |               | {}                |
  +----------+-----------+-------+-------+-------+-------+--------------------------+---------------+-------------------+

Layer Energy per input:
--------------------------------------------------
  Energy Table:

  +-------+-------+---------------------+
  | Input | Layer | Compute Energy (fJ) |
  +-------+-------+---------------------+
  | 0     | 0     | 167831987829.08     |
  | 0     | 1     | 91497916052.54      |
  | 0     | 2     | 114169577838.16     |
  | 0     | 3     | 103497224956.99     |
  | 0     | 4     | 114037584097.92     |
  | 0     | 5     | 113182613224.55     |
  | 0     | 6     | 113710263298.11     |
  | 0     | 7     | 123512507787.64     |
  | 0     | 8     | 113563235293.28     |
  | 0     | 9     | 133667188059.30     |
  | 0     | 10    | 113511266457.43     |
  | 0     | 11    | 145991609318.22     |
  | 0     | 12    | 113296584261.97     |
  | 0     | 13    | 156144514547.00     |
  | 0     | 14    | 30816454236.44      |
  | 0     | 15    | 32821849041.67      |
  | 0     | 16    | 32982346886.02      |
  | 0     | 17    | 32852923801.14      |
  | 0     | 18    | 36148162817.16      |
  | 0     | 19    | 32763102948.75      |
  | 0     | 20    | 40024497369.12      |
  | 0     | 21    | 32707523521.81      |
  | 0     | 22    | 42624021023.42      |
  | 0     | 23    | 32705954986.33      |
  | 0     | 24    | 44906330244.67      |
  | 0     | 25    | 32783227554.89      |
  | 0     | 26    | 47514844533.88      |
  | 0     | 27    | 32702595952.80      |
  | 0     | 28    | 50735080589.70      |
  | 0     | 29    | 32702832712.88      |
  | 0     | 30    | 53636761229.72      |
  | 0     | 31    | 32712406698.30      |
  | 0     | 32    | 56787677060.32      |
  | 0     | 33    | 32655539888.46      |
  | 0     | 34    | 59778204054.85      |
  | 0     | 35    | 32658795339.45      |
  | 0     | 36    | 63386474413.82      |
  | 0     | 37    | 32652535995.04      |
  | 0     | 38    | 131030727203.07     |
  | 0     | 39    | 13957002967.38      |
  | 0     | 40    | 12253584125.07      |
  | 0     | 41    | 14480486474.71      |
  | 0     | 42    | 12240680701.13      |
  | 0     | 43    | 15269721653.90      |
  | 0     | 44    | 12250746703.58      |
  | 0     | 45    | 16395391662.56      |
  | 0     | 46    | 12253706204.48      |
  | 0     | 47    | 17449873343.25      |
  | 0     | 48    | 12231624628.37      |
  | 0     | 49    | 18624380460.34      |
  | 0     | 50    | 12234343669.83      |
  | 0     | 51    | 19648489851.98      |
  | 0     | 52    | 12230137479.17      |
  | 0     | 53    | 21107339239.10      |
  | 0     | 54    | 12252781360.45      |
  | 0     | 55    | 21863569406.56      |
  | 0     | 56    | 12228598538.70      |
  | 0     | 57    | 22467110290.59      |
  | 0     | 58    | 12229959909.11      |
  | 0     | 59    | 23508728829.44      |
  | 0     | 60    | 12243865863.98      |
  | 0     | 61    | 25313643344.17      |
  | 0     | 62    | 12234817189.97      |
  | 0     | 63    | 26269187676.57      |
  | 0     | 64    | 12231262089.51      |
  | 0     | 65    | 26751923788.97      |
  | 0     | 66    | 12223437909.00      |
  | 0     | 67    | 27618974933.98      |
  | 0     | 68    | 12225431872.73      |
  | 0     | 69    | 44992945820.14      |
  | 0     | 70    | 12212110419.30      |
  | 0     | 71    | 31907661679.17      |
  | 0     | 72    | 12224902861.95      |
  | 0     | 73    | 30783793266.69      |
  | 0     | 74    | 12226549084.32      |
  | 0     | 75    | 31691144593.15      |
  | 0     | 76    | 12221440245.89      |
  | 0     | 77    | 33798728498.28      |
  | 0     | 78    | 12216782731.35      |
  | 0     | 79    | 34531653829.26      |
  | 0     | 80    | 12213146244.61      |
  | 0     | 81    | 34923372135.58      |
  | 0     | 82    | 12221913766.04      |
  | 0     | 83    | 35789195087.71      |
  | 0     | 84    | 12221440245.89      |
  | 0     | 85    | 36563418198.57      |
  | 0     | 86    | 12210490092.55      |
  | 0     | 87    | 37137172117.06      |
  | 0     | 88    | 12216072451.13      |
  | 0     | 89    | 36790135163.35      |
  | 0     | 90    | 12219568361.57      |
  | 0     | 91    | 37483108917.42      |
  | 0     | 92    | 12212472958.16      |
  | 0     | 93    | 38055671102.44      |
  | 0     | 94    | 12211629500.40      |
  | 0     | 95    | 38715017363.09      |
  | 0     | 96    | 12210038768.66      |
  | 0     | 97    | 41265874902.35      |
  | 0     | 98    | 12207349322.22      |
  | 0     | 99    | 42057376319.35      |
  | 0     | 100   | 12207275334.70      |
  | 0     | 101   | 42420565406.91      |
  | 0     | 102   | 12206927593.34      |
  | 0     | 103   | 43231743024.56      |
  | 0     | 104   | 12219176227.70      |
  | 0     | 105   | 43636636617.85      |
  | 0     | 106   | 12205699400.47      |
  | 0     | 107   | 44459205642.21      |
  | 0     | 108   | 12205292469.09      |
  | 0     | 109   | 46967314218.54      |
  | 0     | 110   | 12200990094.66      |
  | 0     | 111   | 74567674385.09      |
  | 0     | 112   | 12202107306.25      |
  | 0     | 113   | 48161201175.13      |
  | 0     | 114   | 12206920194.59      |
  | 0     | 115   | 48965973405.23      |
  | 0     | 116   | 12205329462.85      |
  | 0     | 117   | 49320738026.84      |
  | 0     | 118   | 12206113730.59      |
  | 0     | 119   | 50284143903.45      |
  | 0     | 120   | 12200538770.77      |
  | 0     | 121   | 53278370561.84      |
  | 0     | 122   | 12200967898.40      |
  | 0     | 123   | 54282398958.88      |
  | 0     | 124   | 12203661044.22      |
  | 0     | 125   | 54518836774.31      |
  | 0     | 126   | 12212014235.52      |
  | 0     | 127   | 55341147828.83      |
  | 0     | 128   | 12202166496.26      |
  | 0     | 129   | 87354110624.90      |
  | 0     | 130   | 12200953100.89      |
  | 0     | 131   | 56577053244.89      |
  | 0     | 132   | 12200546169.52      |
  | 0     | 133   | 59715526552.72      |
  | 0     | 134   | 12200612758.29      |
  | 0     | 135   | 247714708506.80     |
  | 0     | 136   | 17414441951.82      |
  | 0     | 137   | 6502629255.41       |
  | 0     | 138   | 17307232901.27      |
  | 0     | 139   | 6502760583.27       |
  | 0     | 140   | 17856000719.59      |
  | 0     | 141   | 6504084959.92       |
  | 0     | 142   | 18089367333.50      |
  | 0     | 143   | 6502867865.17       |
  | 0     | 144   | 18299268188.08      |
  | 0     | 145   | 6504875701.57       |
  | 0     | 146   | 18358122282.22      |
  | 0     | 147   | 6498554392.61       |
  | 0     | 148   | 18704692888.47      |
  | 0     | 149   | 6498268615.80       |
  | 0     | 150   | 18728869030.79      |
  | 0     | 151   | 6501561985.40       |
  | 0     | 152   | 19084667114.23      |
  | 0     | 153   | 6500931241.77       |
  | 0     | 154   | 20991713902.33      |
  | 0     | 155   | 6496373610.38       |
  | 0     | 156   | 31079105921.02      |
  | 0     | 157   | 6499358082.07       |
  | 0     | 158   | 21346282559.77      |
  | 0     | 159   | 6496367136.47       |
  | 0     | 160   | 21700075889.62      |
  | 0     | 161   | 6496365286.79       |
  | 0     | 162   | 21711371831.87      |
  | 0     | 163   | 6495185185.80       |
  | 0     | 164   | 22083834577.16      |
  | 0     | 165   | 6495104724.37       |
  | 0     | 166   | 23934229222.00      |
  | 0     | 167   | 6495413622.28       |
  | 0     | 168   | 24324137505.78      |
  | 0     | 169   | 6495205532.37       |
  | 0     | 170   | 24293784535.70      |
  | 0     | 171   | 6495713271.74       |
  | 0     | 172   | 24708371974.19      |
  | 0     | 173   | 6495088077.18       |
  | 0     | 174   | 32243829434.22      |
  | 0     | 175   | 6495800207.08       |
  | 0     | 176   | 25033944613.26      |
  | 0     | 177   | 6495396975.08       |
  | 0     | 178   | 27555969523.25      |
  | 0     | 179   | 6495625411.56       |
  | 0     | 180   | 27991093123.48      |
  | 0     | 181   | 6495096400.77       |
  | 0     | 182   | 27888296606.56      |
  | 0     | 183   | 6495427494.94       |
  | 0     | 184   | 28357361366.20      |
  | 0     | 185   | 6495699399.08       |
  | 0     | 186   | 28267356675.38      |
  | 0     | 187   | 6494712590.50       |
  | 0     | 188   | 28672314329.53      |
  | 0     | 189   | 6494805074.90       |
  | 0     | 190   | 40101938756.24      |
  | 0     | 191   | 6495900090.24       |
  | 0     | 192   | 31623407372.08      |
  | 0     | 193   | 6495111198.28       |
  | 0     | 194   | 31504582280.48      |
  | 0     | 195   | 6495715121.43       |
  | 0     | 196   | 31978215564.12      |
  | 0     | 197   | 6495193509.40       |
  | 0     | 198   | 31825901767.36      |
  | 0     | 199   | 6495398824.77       |
  | 0     | 200   | 145131829356.13     |
  +-------+-------+---------------------+

Model Mapping:
--------------------------------------------------
  --- Total chiplets used ---
    Value: 14.00
  ---------------------------

  Mapping Table:

  +-------+---------+-------------------+
  | Layer | Chiplet | Percent           |
  +-------+---------+-------------------+
  | 0     | 2       | 100               |
  | 1     | 2       | 100               |
  | 2     | 2       | 100               |
  | 3     | 2       | 100               |
  | 4     | 2       | 100               |
  | 5     | 2       | 100               |
  | 6     | 2       | 100               |
  | 7     | 2       | 100               |
  | 8     | 2       | 100               |
  | 9     | 2       | 100               |
  | 10    | 2       | 100               |
  | 11    | 2       | 100               |
  | 12    | 2       | 100               |
  | 13    | 2       | 100               |
  | 14    | 2       | 100               |
  | 15    | 2       | 100               |
  | 16    | 2       | 100               |
  | 17    | 2       | 100               |
  | 18    | 2       | 100               |
  | 19    | 2       | 100               |
  | 20    | 2       | 100               |
  | 21    | 2       | 100               |
  | 22    | 2       | 100               |
  | 23    | 2       | 100               |
  | 24    | 2       | 100               |
  | 25    | 2       | 100               |
  | 26    | 2       | 100               |
  | 27    | 2       | 100               |
  | 28    | 2       | 100               |
  | 29    | 2       | 100               |
  | 30    | 2       | 100               |
  | 31    | 2       | 100               |
  | 32    | 2       | 100               |
  | 33    | 2       | 100               |
  | 34    | 2       | 100               |
  | 35    | 2       | 100               |
  | 36    | 2       | 100               |
  | 37    | 2       | 100               |
  | 38    | 2       | 87.50             |
  | 38    | 3       | 12.50             |
  | 39    | 12      | 100               |
  | 40    | 12      | 100               |
  | 41    | 12      | 100               |
  | 42    | 12      | 100               |
  | 43    | 12      | 100               |
  | 44    | 12      | 100               |
  | 45    | 12      | 100               |
  | 46    | 12      | 100               |
  | 47    | 12      | 100               |
  | 48    | 12      | 100               |
  | 49    | 12      | 100               |
  | 50    | 12      | 100               |
  | 51    | 12      | 100               |
  | 52    | 12      | 100               |
  | 53    | 12      | 100               |
  | 54    | 12      | 100               |
  | 55    | 12      | 100               |
  | 56    | 12      | 100               |
  | 57    | 12      | 100               |
  | 58    | 12      | 100               |
  | 59    | 12      | 100               |
  | 60    | 12      | 100               |
  | 61    | 12      | 100               |
  | 62    | 12      | 100               |
  | 63    | 12      | 100               |
  | 64    | 12      | 100               |
  | 65    | 12      | 100               |
  | 66    | 12      | 100               |
  | 67    | 12      | 100               |
  | 68    | 12      | 100               |
  | 69    | 11      | 16.67             |
  | 69    | 12      | 83.33             |
  | 70    | 13      | 100               |
  | 71    | 13      | 100               |
  | 72    | 13      | 100               |
  | 73    | 13      | 100               |
  | 74    | 13      | 100               |
  | 75    | 13      | 100               |
  | 76    | 13      | 100               |
  | 77    | 13      | 100               |
  | 78    | 13      | 100               |
  | 79    | 13      | 100               |
  | 80    | 13      | 100               |
  | 81    | 13      | 100               |
  | 82    | 13      | 100               |
  | 83    | 13      | 100               |
  | 84    | 13      | 100               |
  | 85    | 13      | 100               |
  | 86    | 13      | 100               |
  | 87    | 13      | 100               |
  | 88    | 13      | 100               |
  | 89    | 13      | 100               |
  | 90    | 13      | 100               |
  | 91    | 13      | 100               |
  | 92    | 13      | 100               |
  | 93    | 14      | 100               |
  | 94    | 14      | 100               |
  | 95    | 14      | 100               |
  | 96    | 14      | 100               |
  | 97    | 14      | 100               |
  | 98    | 14      | 100               |
  | 99    | 14      | 100               |
  | 100   | 14      | 100               |
  | 101   | 14      | 100               |
  | 102   | 14      | 100               |
  | 103   | 14      | 100               |
  | 104   | 14      | 100               |
  | 105   | 14      | 100               |
  | 106   | 14      | 100               |
  | 107   | 14      | 100               |
  | 108   | 14      | 100               |
  | 109   | 14      | 100               |
  | 110   | 14      | 100               |
  | 111   | 4       | 25.00             |
  | 111   | 14      | 75.00             |
  | 112   | 15      | 100               |
  | 113   | 15      | 100               |
  | 114   | 15      | 100               |
  | 115   | 15      | 100               |
  | 116   | 15      | 100               |
  | 117   | 15      | 100               |
  | 118   | 15      | 100               |
  | 119   | 15      | 100               |
  | 120   | 15      | 100               |
  | 121   | 15      | 100               |
  | 122   | 15      | 100               |
  | 123   | 15      | 100               |
  | 124   | 15      | 100               |
  | 125   | 15      | 100               |
  | 126   | 15      | 100               |
  | 127   | 15      | 100               |
  | 128   | 15      | 100               |
  | 129   | 5       | 92.86             |
  | 129   | 15      | 7.14              |
  | 130   | 5       | 100               |
  | 131   | 5       | 100               |
  | 132   | 5       | 100               |
  | 133   | 5       | 100               |
  | 134   | 5       | 100               |
  | 135   | 5       | 95.92             |
  | 135   | 6       | 4.08              |
  | 136   | 4       | 100               |
  | 137   | 4       | 100               |
  | 138   | 4       | 100               |
  | 139   | 4       | 100               |
  | 140   | 4       | 100               |
  | 141   | 4       | 100               |
  | 142   | 4       | 100               |
  | 143   | 4       | 100               |
  | 144   | 4       | 100               |
  | 145   | 4       | 100               |
  | 146   | 4       | 100               |
  | 147   | 4       | 100               |
  | 148   | 4       | 100               |
  | 149   | 4       | 100               |
  | 150   | 4       | 100               |
  | 151   | 4       | 100               |
  | 152   | 4       | 100               |
  | 153   | 4       | 100               |
  | 154   | 4       | 100               |
  | 155   | 4       | 100               |
  | 156   | 3       | 30.00             |
  | 156   | 4       | 70.00             |
  | 157   | 3       | 100               |
  | 158   | 3       | 100               |
  | 159   | 3       | 100               |
  | 160   | 3       | 100               |
  | 161   | 3       | 100               |
  | 162   | 3       | 100               |
  | 163   | 3       | 100               |
  | 164   | 3       | 100               |
  | 165   | 3       | 100               |
  | 166   | 3       | 100               |
  | 167   | 3       | 100               |
  | 168   | 3       | 100               |
  | 169   | 3       | 100               |
  | 170   | 3       | 100               |
  | 171   | 3       | 100               |
  | 172   | 3       | 100               |
  | 173   | 3       | 100               |
  | 174   | 3       | 75.00             |
  | 174   | 23      | 25.00             |
  | 175   | 23      | 100               |
  | 176   | 23      | 100               |
  | 177   | 23      | 100               |
  | 178   | 23      | 100               |
  | 179   | 23      | 100               |
  | 180   | 23      | 100               |
  | 181   | 23      | 100               |
  | 182   | 23      | 100               |
  | 183   | 23      | 100               |
  | 184   | 23      | 100               |
  | 185   | 23      | 100               |
  | 186   | 23      | 100               |
  | 187   | 23      | 100               |
  | 188   | 23      | 100               |
  | 189   | 23      | 100               |
  | 190   | 22      | 21.43             |
  | 190   | 23      | 78.57             |
  | 191   | 24      | 100               |
  | 192   | 24      | 100               |
  | 193   | 24      | 100               |
  | 194   | 24      | 100               |
  | 195   | 24      | 100               |
  | 196   | 24      | 100               |
  | 197   | 24      | 100               |
  | 198   | 24      | 100               |
  | 199   | 24      | 100               |
  | 200   | 24      | 49.22             |
  | 200   | 25      | 50.78             |
  +-------+---------+-------------------+
