chiplet_chiplet_1_chiplet,0.043905973454285714,0.043905973454285714,0.043905973454285714,0.043905973454285714,0.043905973454285714,0.043905973454285714,0.043905973454285714,0.043905973454285714,0.043905973454285714,0.043905973454285714,0.043905973454285714,0.043905973454285714,0.043905973454285714,0.043905973454285714,0.043905973454285714,0.043905973454285714,0.043905973454285714,0.043905973454285714,0.043905973454285714,0.043905973454285714,0.043905973454285714,0.043905973454285714,0.043905973454285714,0.043905973454285714,0.043905973454285714,0.043905973454285714,0.043905973454285714,0.043905973454285714,0.043905973454285714,0.043905973454285714,0.043905973454285714,0.043905973454285714,0.043905973454285714,0.043905973454285714,0.043905973454285714,0.043905973454285714,0.043905973454285714,0.043905973454285714,0.043905973454285714,0.043905973454285714,0.043905973454285714,0.043905973454285714,0.043905973454285714,0.043905973454285714,0.043905973454285714,0.043905973454285714,0.043905973454285714,0.043905973454285714,0.043905973454285714,0.043905973454285714,0.043905973454285714,0.043905973454285714,0.043905973454285714,0.043905973454285714,0.043905973454285714,0.043905973454285714,0.043905973454285714,0.043905973454285714,0.043905973454285714,0.043905973454285714,0.043905973454285714,0.043905973454285714,0.043905973454285714,0.043905973454285714,0.043905973454285714,0.043905973454285714,0.043905973454285714,0.043905973454285714,0.043905973454285714,0.043905973454285714,0.043905973454285714,0.043905973454285714,0.043905973454285714,0.043905973454285714,0.043905973454285714,0.043905973454285714,0.043905973454285714,0.043905973454285714,0.043905973454285714,0.043905973454285714,0.043905973454285714,0.043905973454285714,0.043905973454285714,0.043905973454285714,0.043905973454285714,0.043905973454285714,0.043905973454285714,0.043905973454285714,0.043905973454285714,0.043905973454285714,0.043905973454285714,0.043905973454285714,0.043905973454285714,0.043905973454285714,0.043905973454285714,0.043905973454285714,0.043905973454285714,0.043905973454285714,0.043905973454285714,0.043905973454285714,0.043905973454285714,0.043905973454285714,0.043905973454285714,0.043905973454285714,0.043905973454285714,0.043905973454285714,0.043905973454285714,0.043905973454285714,0.043905973454285714,0.043905973454285714,0.043905973454285714,0.043905973454285714,0.043905973454285714,0.043905973454285714,0.043905973454285714,0.043905973454285714,0.043905973454285714,0.043905973454285714,0.043905973454285714,0.043905973454285714,0.043905973454285714,0.043905973454285714,0.043905973454285714,0.043905973454285714,0.043905973454285714,0.043905973454285714,0.043905973454285714,0.043905973454285714,0.043905973454285714,0.043905973454285714,0.043905973454285714,0.043905973454285714,0.043905973454285714,0.015765756947965476,0.0,0.0,0.0,0.0,0.0057216373418000005,0.005331748625793856,0.12003937178157141,0.1263572334542857,0.13145369555687417
chiplet_chiplet_2_chiplet,0.21591282345428575,0.10646752059714282,0.05728470916857143,0.048731566311428574,0.048731566311428574,0.048731566311428574,0.048731566311428574,0.048731566311428574,0.048731566311428574,0.048731566311428574,0.048731566311428574,0.048731566311428574,0.048731566311428574,0.048731566311428574,0.048731566311428574,0.048731566311428574,0.048731566311428574,0.048731566311428574,0.048731566311428574,0.048731566311428574,0.048731566311428574,0.048731566311428574,0.048731566311428574,0.048731566311428574,0.048731566311428574,0.048731566311428574,0.048731566311428574,0.048731566311428574,0.048731566311428574,0.048731566311428574,0.048731566311428574,0.048731566311428574,0.048731566311428574,0.048731566311428574,0.048731566311428574,0.048731566311428574,0.048731566311428574,0.048731566311428574,0.048731566311428574,0.048731566311428574,0.048731566311428574,0.048731566311428574,0.048731566311428574,0.048731566311428574,0.048731566311428574,0.048731566311428574,0.048731566311428574,0.048731566311428574,0.048731566311428574,0.048731566311428574,0.048731566311428574,0.048731566311428574,0.048731566311428574,0.048731566311428574,0.048731566311428574,0.048731566311428574,0.048731566311428574,0.048731566311428574,0.048731566311428574,0.048731566311428574,0.048731566311428574,0.048731566311428574,0.048731566311428574,0.048731566311428574,0.048731566311428574,0.048731566311428574,0.048731566311428574,0.048731566311428574,0.048731566311428574,0.048731566311428574,0.048731566311428574,0.048731566311428574,0.048731566311428574,0.048731566311428574,0.048731566311428574,0.048731566311428574,0.048731566311428574,0.048731566311428574,0.048731566311428574,0.048731566311428574,0.048731566311428574,0.048731566311428574,0.048731566311428574,0.048731566311428574,0.048731566311428574,0.048731566311428574,0.048731566311428574,0.048731566311428574,0.048731566311428574,0.048731566311428574,0.048731566311428574,0.048731566311428574,0.048731566311428574,0.048731566311428574,0.048731566311428574,0.048731566311428574,0.048731566311428574,0.048731566311428574,0.048731566311428574,0.048731566311428574,0.048731566311428574,0.048731566311428574,0.048731566311428574,0.048731566311428574,0.048731566311428574,0.048731566311428574,0.048731566311428574,0.048731566311428574,0.048731566311428574,0.048731566311428574,0.048731566311428574,0.048731566311428574,0.048731566311428574,0.048731566311428574,0.048731566311428574,0.048731566311428574,0.048731566311428574,0.048731566311428574,0.048731566311428574,0.048731566311428574,0.048731566311428574,0.048731566311428574,0.048731566311428574,0.048731566311428574,0.048731566311428574,0.048731566311428574,0.048731566311428574,0.048731566311428574,0.048731566311428574,0.048731566311428574,0.048731566311428574,0.048731566311428574,0.048731566311428574,0.017498530831108385,0.0,0.0,0.0,0.0,0.0061089631418,0.005692680939136671,0.12519272549585714,0.13178181631142857,0.13521162479037177
chiplet_chiplet_3_chiplet,0.05011384916857141,0.04857949488285713,0.04857949488285713,0.04857949488285713,0.04857949488285713,0.04857949488285713,0.04857949488285713,0.04857949488285713,0.04857949488285713,0.04857949488285713,0.04857949488285713,0.04857949488285713,0.04857949488285713,0.04857949488285713,0.04857949488285713,0.04857949488285713,0.04857949488285713,0.04857949488285713,0.04857949488285713,0.04857949488285713,0.04857949488285713,0.04857949488285713,0.04857949488285713,0.04857949488285713,0.04857949488285713,0.04857949488285713,0.04857949488285713,0.04857949488285713,0.04857949488285713,0.04857949488285713,0.04857949488285713,0.04857949488285713,0.04857949488285713,0.04857949488285713,0.04857949488285713,0.04857949488285713,0.04857949488285713,0.04857949488285713,0.04857949488285713,0.04857949488285713,0.04857949488285713,0.04857949488285713,0.04857949488285713,0.04857949488285713,0.04857949488285713,0.04857949488285713,0.04857949488285713,0.04857949488285713,0.04857949488285713,0.04857949488285713,0.04857949488285713,0.04857949488285713,0.04857949488285713,0.04857949488285713,0.04857949488285713,0.04857949488285713,0.04857949488285713,0.04857949488285713,0.04857949488285713,0.04857949488285713,0.04857949488285713,0.04857949488285713,0.04857949488285713,0.04857949488285713,0.04857949488285713,0.04857949488285713,0.04857949488285713,0.04857949488285713,0.04857949488285713,0.04857949488285713,0.04857949488285713,0.04857949488285713,0.04857949488285713,0.04857949488285713,0.04857949488285713,0.04857949488285713,0.04857949488285713,0.04857949488285713,0.04857949488285713,0.04857949488285713,0.04857949488285713,0.04857949488285713,0.04857949488285713,0.04857949488285713,0.04857949488285713,0.04857949488285713,0.04857949488285713,0.04857949488285713,0.04857949488285713,0.04857949488285713,0.04857949488285713,0.04857949488285713,0.04857949488285713,0.04857949488285713,0.04857949488285713,0.04857949488285713,0.04857949488285713,0.04857949488285713,0.04857949488285713,0.04857949488285713,0.04857949488285713,0.04857949488285713,0.04857949488285713,0.04857949488285713,0.04857949488285713,0.04857949488285713,0.04857949488285713,0.04857949488285713,0.04857949488285713,0.04857949488285713,0.04857949488285713,0.04857949488285713,0.04857949488285713,0.04857949488285713,0.04857949488285713,0.04857949488285713,0.04857949488285713,0.04857949488285713,0.04857949488285713,0.04857949488285713,0.04857949488285713,0.04857949488285713,0.04857949488285713,0.04857949488285713,0.04857949488285713,0.04857949488285713,0.04857949488285713,0.04857949488285713,0.04857949488285713,0.04857949488285713,0.04857949488285713,0.04857949488285713,0.04857949488285713,0.017443925022536954,0.0,0.0,0.0,0.0,0.0061089631418,0.005692680939136671,0.12496420978157138,0.13154127345428568,0.13508126609450968
chiplet_chiplet_4_chiplet,0.04932930202571428,0.04845158774000001,0.04845158774000001,0.04845158774000001,0.04845158774000001,0.04845158774000001,0.04845158774000001,0.04845158774000001,0.04845158774000001,0.04845158774000001,0.04845158774000001,0.04845158774000001,0.04845158774000001,0.04845158774000001,0.04845158774000001,0.04845158774000001,0.04845158774000001,0.04845158774000001,0.04845158774000001,0.04845158774000001,0.04845158774000001,0.04845158774000001,0.04845158774000001,0.04845158774000001,0.04845158774000001,0.04845158774000001,0.04845158774000001,0.04845158774000001,0.04845158774000001,0.04845158774000001,0.04845158774000001,0.04845158774000001,0.04845158774000001,0.04845158774000001,0.04845158774000001,0.04845158774000001,0.04845158774000001,0.04845158774000001,0.04845158774000001,0.04845158774000001,0.04845158774000001,0.04845158774000001,0.04845158774000001,0.04845158774000001,0.04845158774000001,0.04845158774000001,0.04845158774000001,0.04845158774000001,0.04845158774000001,0.04845158774000001,0.04845158774000001,0.04845158774000001,0.04845158774000001,0.04845158774000001,0.04845158774000001,0.04845158774000001,0.04845158774000001,0.04845158774000001,0.04845158774000001,0.04845158774000001,0.04845158774000001,0.04845158774000001,0.04845158774000001,0.04845158774000001,0.04845158774000001,0.04845158774000001,0.04845158774000001,0.04845158774000001,0.04845158774000001,0.04845158774000001,0.04845158774000001,0.04845158774000001,0.04845158774000001,0.04845158774000001,0.04845158774000001,0.04845158774000001,0.04845158774000001,0.04845158774000001,0.04845158774000001,0.04845158774000001,0.04845158774000001,0.04845158774000001,0.04845158774000001,0.04845158774000001,0.04845158774000001,0.04845158774000001,0.04845158774000001,0.04845158774000001,0.04845158774000001,0.04845158774000001,0.04845158774000001,0.04845158774000001,0.04845158774000001,0.04845158774000001,0.04845158774000001,0.04845158774000001,0.04845158774000001,0.04845158774000001,0.04845158774000001,0.04845158774000001,0.04845158774000001,0.04845158774000001,0.04845158774000001,0.04845158774000001,0.04845158774000001,0.04845158774000001,0.04845158774000001,0.04845158774000001,0.04845158774000001,0.04845158774000001,0.04845158774000001,0.04845158774000001,0.04845158774000001,0.04845158774000001,0.04845158774000001,0.04845158774000001,0.04845158774000001,0.04845158774000001,0.04845158774000001,0.04845158774000001,0.04845158774000001,0.04845158774000001,0.04845158774000001,0.04845158774000001,0.04845158774000001,0.04845158774000001,0.04845158774000001,0.04845158774000001,0.04845158774000001,0.04845158774000001,0.04845158774000001,0.04845158774000001,0.04845158774000001,0.017397996125679813,0.0,0.0,0.0,0.0,0.0060627625418,0.005649628580022389,0.12480078263871423,0.1313692448828571,0.13499538052061805
chiplet_chiplet_5_chiplet,0.04917723202571428,0.048299517740000006,0.048299517740000006,0.048299517740000006,0.048299517740000006,0.048299517740000006,0.048299517740000006,0.048299517740000006,0.048299517740000006,0.048299517740000006,0.048299517740000006,0.048299517740000006,0.048299517740000006,0.048299517740000006,0.048299517740000006,0.048299517740000006,0.048299517740000006,0.048299517740000006,0.048299517740000006,0.048299517740000006,0.048299517740000006,0.048299517740000006,0.048299517740000006,0.048299517740000006,0.048299517740000006,0.048299517740000006,0.048299517740000006,0.048299517740000006,0.048299517740000006,0.048299517740000006,0.048299517740000006,0.048299517740000006,0.048299517740000006,0.048299517740000006,0.048299517740000006,0.048299517740000006,0.048299517740000006,0.048299517740000006,0.048299517740000006,0.048299517740000006,0.048299517740000006,0.048299517740000006,0.048299517740000006,0.048299517740000006,0.048299517740000006,0.048299517740000006,0.048299517740000006,0.048299517740000006,0.048299517740000006,0.048299517740000006,0.048299517740000006,0.048299517740000006,0.048299517740000006,0.048299517740000006,0.048299517740000006,0.048299517740000006,0.048299517740000006,0.048299517740000006,0.048299517740000006,0.048299517740000006,0.048299517740000006,0.048299517740000006,0.048299517740000006,0.048299517740000006,0.048299517740000006,0.048299517740000006,0.048299517740000006,0.048299517740000006,0.048299517740000006,0.048299517740000006,0.048299517740000006,0.048299517740000006,0.048299517740000006,0.048299517740000006,0.048299517740000006,0.048299517740000006,0.048299517740000006,0.048299517740000006,0.048299517740000006,0.048299517740000006,0.048299517740000006,0.048299517740000006,0.048299517740000006,0.048299517740000006,0.048299517740000006,0.048299517740000006,0.048299517740000006,0.048299517740000006,0.048299517740000006,0.048299517740000006,0.048299517740000006,0.048299517740000006,0.048299517740000006,0.048299517740000006,0.048299517740000006,0.048299517740000006,0.048299517740000006,0.048299517740000006,0.048299517740000006,0.048299517740000006,0.048299517740000006,0.048299517740000006,0.048299517740000006,0.048299517740000006,0.048299517740000006,0.048299517740000006,0.048299517740000006,0.048299517740000006,0.048299517740000006,0.048299517740000006,0.048299517740000006,0.048299517740000006,0.048299517740000006,0.048299517740000006,0.048299517740000006,0.048299517740000006,0.048299517740000006,0.048299517740000006,0.048299517740000006,0.048299517740000006,0.048299517740000006,0.048299517740000006,0.048299517740000006,0.048299517740000006,0.048299517740000006,0.048299517740000006,0.048299517740000006,0.048299517740000006,0.048299517740000006,0.048299517740000006,0.048299517740000006,0.048299517740000006,0.048299517740000006,0.01734339083007981,0.0,0.0,0.0,0.0,0.0060627625418,0.005649628580022389,0.12468098356728576,0.13124314059714287,0.1349294382162338
chiplet_chiplet_6_chiplet,0.04917064273999998,0.048292928454285705,0.048292928454285705,0.048292928454285705,0.048292928454285705,0.048292928454285705,0.048292928454285705,0.048292928454285705,0.048292928454285705,0.048292928454285705,0.048292928454285705,0.048292928454285705,0.048292928454285705,0.048292928454285705,0.048292928454285705,0.048292928454285705,0.048292928454285705,0.048292928454285705,0.048292928454285705,0.048292928454285705,0.048292928454285705,0.048292928454285705,0.048292928454285705,0.048292928454285705,0.048292928454285705,0.048292928454285705,0.048292928454285705,0.048292928454285705,0.048292928454285705,0.048292928454285705,0.048292928454285705,0.048292928454285705,0.048292928454285705,0.048292928454285705,0.048292928454285705,0.048292928454285705,0.048292928454285705,0.048292928454285705,0.048292928454285705,0.048292928454285705,0.048292928454285705,0.048292928454285705,0.048292928454285705,0.048292928454285705,0.048292928454285705,0.048292928454285705,0.048292928454285705,0.048292928454285705,0.048292928454285705,0.048292928454285705,0.048292928454285705,0.048292928454285705,0.048292928454285705,0.048292928454285705,0.048292928454285705,0.048292928454285705,0.048292928454285705,0.048292928454285705,0.048292928454285705,0.048292928454285705,0.048292928454285705,0.048292928454285705,0.048292928454285705,0.048292928454285705,0.048292928454285705,0.048292928454285705,0.048292928454285705,0.048292928454285705,0.048292928454285705,0.048292928454285705,0.048292928454285705,0.048292928454285705,0.048292928454285705,0.048292928454285705,0.048292928454285705,0.048292928454285705,0.048292928454285705,0.048292928454285705,0.048292928454285705,0.048292928454285705,0.048292928454285705,0.048292928454285705,0.048292928454285705,0.048292928454285705,0.048292928454285705,0.048292928454285705,0.048292928454285705,0.048292928454285705,0.048292928454285705,0.048292928454285705,0.048292928454285705,0.048292928454285705,0.048292928454285705,0.048292928454285705,0.048292928454285705,0.048292928454285705,0.048292928454285705,0.048292928454285705,0.048292928454285705,0.048292928454285705,0.048292928454285705,0.048292928454285705,0.048292928454285705,0.048292928454285705,0.048292928454285705,0.048292928454285705,0.048292928454285705,0.048292928454285705,0.048292928454285705,0.048292928454285705,0.048292928454285705,0.048292928454285705,0.048292928454285705,0.048292928454285705,0.048292928454285705,0.048292928454285705,0.048292928454285705,0.048292928454285705,0.048292928454285705,0.048292928454285705,0.048292928454285705,0.048292928454285705,0.048292928454285705,0.048292928454285705,0.048292928454285705,0.048292928454285705,0.048292928454285705,0.048292928454285705,0.048292928454285705,0.048292928454285705,0.048292928454285705,0.048292928454285705,0.048292928454285705,0.017341024749365528,0.0,0.0,0.0,0.0,0.0060627625418,0.005649628580022389,0.12460111774585712,0.13115907131142857,0.13488121352015003
chiplet_chiplet_7_chiplet,0.049246680597142836,0.04836896631142856,0.04836896631142856,0.04836896631142856,0.04836896631142856,0.04836896631142856,0.04836896631142856,0.04836896631142856,0.04836896631142856,0.04836896631142856,0.04836896631142856,0.04836896631142856,0.04836896631142856,0.04836896631142856,0.04836896631142856,0.04836896631142856,0.04836896631142856,0.04836896631142856,0.04836896631142856,0.04836896631142856,0.04836896631142856,0.04836896631142856,0.04836896631142856,0.04836896631142856,0.04836896631142856,0.04836896631142856,0.04836896631142856,0.04836896631142856,0.04836896631142856,0.04836896631142856,0.04836896631142856,0.04836896631142856,0.04836896631142856,0.04836896631142856,0.04836896631142856,0.04836896631142856,0.04836896631142856,0.04836896631142856,0.04836896631142856,0.04836896631142856,0.04836896631142856,0.04836896631142856,0.04836896631142856,0.04836896631142856,0.04836896631142856,0.04836896631142856,0.04836896631142856,0.04836896631142856,0.04836896631142856,0.04836896631142856,0.04836896631142856,0.04836896631142856,0.04836896631142856,0.04836896631142856,0.04836896631142856,0.04836896631142856,0.04836896631142856,0.04836896631142856,0.04836896631142856,0.04836896631142856,0.04836896631142856,0.04836896631142856,0.04836896631142856,0.04836896631142856,0.04836896631142856,0.04836896631142856,0.04836896631142856,0.04836896631142856,0.04836896631142856,0.04836896631142856,0.04836896631142856,0.04836896631142856,0.04836896631142856,0.04836896631142856,0.04836896631142856,0.04836896631142856,0.04836896631142856,0.04836896631142856,0.04836896631142856,0.04836896631142856,0.04836896631142856,0.04836896631142856,0.04836896631142856,0.04836896631142856,0.04836896631142856,0.04836896631142856,0.04836896631142856,0.04836896631142856,0.04836896631142856,0.04836896631142856,0.04836896631142856,0.04836896631142856,0.04836896631142856,0.04836896631142856,0.04836896631142856,0.04836896631142856,0.04836896631142856,0.04836896631142856,0.04836896631142856,0.04836896631142856,0.04836896631142856,0.04836896631142856,0.04836896631142856,0.04836896631142856,0.04836896631142856,0.04836896631142856,0.04836896631142856,0.04836896631142856,0.04836896631142856,0.04836896631142856,0.04836896631142856,0.04836896631142856,0.04836896631142856,0.04836896631142856,0.04836896631142856,0.04836896631142856,0.04836896631142856,0.04836896631142856,0.04836896631142856,0.04836896631142856,0.04836896631142856,0.04836896631142856,0.04836896631142856,0.04836896631142856,0.04836896631142856,0.04836896631142856,0.04836896631142856,0.04836896631142856,0.04836896631142856,0.04836896631142856,0.04836896631142856,0.04836896631142856,0.04836896631142856,0.017368328423108384,0.0,0.0,0.0,0.0,0.0060627625418,0.005649628580022389,0.1245611844958571,0.13111703631142851,0.13486713437608602
chiplet_chiplet_8_chiplet,0.049310037740000014,0.048432323454285726,0.048432323454285726,0.048432323454285726,0.048432323454285726,0.048432323454285726,0.048432323454285726,0.048432323454285726,0.048432323454285726,0.048432323454285726,0.048432323454285726,0.048432323454285726,0.048432323454285726,0.048432323454285726,0.048432323454285726,0.048432323454285726,0.048432323454285726,0.048432323454285726,0.048432323454285726,0.048432323454285726,0.048432323454285726,0.048432323454285726,0.048432323454285726,0.048432323454285726,0.048432323454285726,0.048432323454285726,0.048432323454285726,0.048432323454285726,0.048432323454285726,0.048432323454285726,0.048432323454285726,0.048432323454285726,0.048432323454285726,0.048432323454285726,0.048432323454285726,0.048432323454285726,0.048432323454285726,0.048432323454285726,0.048432323454285726,0.048432323454285726,0.048432323454285726,0.048432323454285726,0.048432323454285726,0.048432323454285726,0.048432323454285726,0.048432323454285726,0.048432323454285726,0.048432323454285726,0.048432323454285726,0.048432323454285726,0.048432323454285726,0.048432323454285726,0.048432323454285726,0.048432323454285726,0.048432323454285726,0.048432323454285726,0.048432323454285726,0.048432323454285726,0.048432323454285726,0.048432323454285726,0.048432323454285726,0.048432323454285726,0.048432323454285726,0.048432323454285726,0.048432323454285726,0.048432323454285726,0.048432323454285726,0.048432323454285726,0.048432323454285726,0.048432323454285726,0.048432323454285726,0.048432323454285726,0.048432323454285726,0.048432323454285726,0.048432323454285726,0.048432323454285726,0.048432323454285726,0.048432323454285726,0.048432323454285726,0.048432323454285726,0.048432323454285726,0.048432323454285726,0.048432323454285726,0.048432323454285726,0.048432323454285726,0.048432323454285726,0.048432323454285726,0.048432323454285726,0.048432323454285726,0.048432323454285726,0.048432323454285726,0.048432323454285726,0.048432323454285726,0.048432323454285726,0.048432323454285726,0.048432323454285726,0.048432323454285726,0.048432323454285726,0.048432323454285726,0.048432323454285726,0.048432323454285726,0.048432323454285726,0.048432323454285726,0.048432323454285726,0.048432323454285726,0.048432323454285726,0.048432323454285726,0.048432323454285726,0.048432323454285726,0.048432323454285726,0.048432323454285726,0.048432323454285726,0.048432323454285726,0.048432323454285726,0.048432323454285726,0.048432323454285726,0.048432323454285726,0.048432323454285726,0.048432323454285726,0.048432323454285726,0.048432323454285726,0.048432323454285726,0.048432323454285726,0.048432323454285726,0.048432323454285726,0.048432323454285726,0.048432323454285726,0.048432323454285726,0.048432323454285726,0.048432323454285726,0.048432323454285726,0.048432323454285726,0.048432323454285726,0.017391078705965526,0.0,0.0,0.0,0.0,0.0060627625418,0.005649628580022389,0.1245611844958571,0.13111703631142851,0.13486101701500228
chiplet_chiplet_9_chiplet,0.049348059168571434,0.04847034488285714,0.04847034488285714,0.04847034488285714,0.04847034488285714,0.04847034488285714,0.04847034488285714,0.04847034488285714,0.04847034488285714,0.04847034488285714,0.04847034488285714,0.04847034488285714,0.04847034488285714,0.04847034488285714,0.04847034488285714,0.04847034488285714,0.04847034488285714,0.04847034488285714,0.04847034488285714,0.04847034488285714,0.04847034488285714,0.04847034488285714,0.04847034488285714,0.04847034488285714,0.04847034488285714,0.04847034488285714,0.04847034488285714,0.04847034488285714,0.04847034488285714,0.04847034488285714,0.04847034488285714,0.04847034488285714,0.04847034488285714,0.04847034488285714,0.04847034488285714,0.04847034488285714,0.04847034488285714,0.04847034488285714,0.04847034488285714,0.04847034488285714,0.04847034488285714,0.04847034488285714,0.04847034488285714,0.04847034488285714,0.04847034488285714,0.04847034488285714,0.04847034488285714,0.04847034488285714,0.04847034488285714,0.04847034488285714,0.04847034488285714,0.04847034488285714,0.04847034488285714,0.04847034488285714,0.04847034488285714,0.04847034488285714,0.04847034488285714,0.04847034488285714,0.04847034488285714,0.04847034488285714,0.04847034488285714,0.04847034488285714,0.04847034488285714,0.04847034488285714,0.04847034488285714,0.04847034488285714,0.04847034488285714,0.04847034488285714,0.04847034488285714,0.04847034488285714,0.04847034488285714,0.04847034488285714,0.04847034488285714,0.04847034488285714,0.04847034488285714,0.04847034488285714,0.04847034488285714,0.04847034488285714,0.04847034488285714,0.04847034488285714,0.04847034488285714,0.04847034488285714,0.04847034488285714,0.04847034488285714,0.04847034488285714,0.04847034488285714,0.04847034488285714,0.04847034488285714,0.04847034488285714,0.04847034488285714,0.04847034488285714,0.04847034488285714,0.04847034488285714,0.04847034488285714,0.04847034488285714,0.04847034488285714,0.04847034488285714,0.04847034488285714,0.04847034488285714,0.04847034488285714,0.04847034488285714,0.04847034488285714,0.04847034488285714,0.04847034488285714,0.04847034488285714,0.04847034488285714,0.04847034488285714,0.04847034488285714,0.04847034488285714,0.04847034488285714,0.04847034488285714,0.04847034488285714,0.04847034488285714,0.04847034488285714,0.04847034488285714,0.04847034488285714,0.04847034488285714,0.04847034488285714,0.04847034488285714,0.04847034488285714,0.04847034488285714,0.04847034488285714,0.04847034488285714,0.04847034488285714,0.04847034488285714,0.04847034488285714,0.04847034488285714,0.04847034488285714,0.04847034488285714,0.04847034488285714,0.04847034488285714,0.04847034488285714,0.04847034488285714,0.017404731440536957,0.0,0.0,0.0,0.0,0.0060627625418,0.005649628580022389,0.1245611844958571,0.13111703631142851,0.13484496596899248
chiplet_chiplet_10_chiplet,0.043568458454285725,0.043568458454285725,0.043568458454285725,0.043568458454285725,0.043568458454285725,0.043568458454285725,0.043568458454285725,0.043568458454285725,0.043568458454285725,0.043568458454285725,0.043568458454285725,0.043568458454285725,0.043568458454285725,0.043568458454285725,0.043568458454285725,0.043568458454285725,0.043568458454285725,0.043568458454285725,0.043568458454285725,0.043568458454285725,0.043568458454285725,0.043568458454285725,0.043568458454285725,0.043568458454285725,0.043568458454285725,0.043568458454285725,0.043568458454285725,0.043568458454285725,0.043568458454285725,0.043568458454285725,0.043568458454285725,0.043568458454285725,0.043568458454285725,0.043568458454285725,0.043568458454285725,0.043568458454285725,0.043568458454285725,0.043568458454285725,0.043568458454285725,0.043568458454285725,0.043568458454285725,0.043568458454285725,0.043568458454285725,0.043568458454285725,0.043568458454285725,0.043568458454285725,0.043568458454285725,0.043568458454285725,0.043568458454285725,0.043568458454285725,0.043568458454285725,0.043568458454285725,0.043568458454285725,0.043568458454285725,0.043568458454285725,0.043568458454285725,0.043568458454285725,0.043568458454285725,0.043568458454285725,0.043568458454285725,0.043568458454285725,0.043568458454285725,0.043568458454285725,0.043568458454285725,0.043568458454285725,0.043568458454285725,0.043568458454285725,0.043568458454285725,0.043568458454285725,0.043568458454285725,0.043568458454285725,0.043568458454285725,0.043568458454285725,0.043568458454285725,0.043568458454285725,0.043568458454285725,0.043568458454285725,0.043568458454285725,0.043568458454285725,0.043568458454285725,0.043568458454285725,0.043568458454285725,0.043568458454285725,0.043568458454285725,0.043568458454285725,0.043568458454285725,0.043568458454285725,0.043568458454285725,0.043568458454285725,0.043568458454285725,0.043568458454285725,0.043568458454285725,0.043568458454285725,0.043568458454285725,0.043568458454285725,0.043568458454285725,0.043568458454285725,0.043568458454285725,0.043568458454285725,0.043568458454285725,0.043568458454285725,0.043568458454285725,0.043568458454285725,0.043568458454285725,0.043568458454285725,0.043568458454285725,0.043568458454285725,0.043568458454285725,0.043568458454285725,0.043568458454285725,0.043568458454285725,0.043568458454285725,0.043568458454285725,0.043568458454285725,0.043568458454285725,0.043568458454285725,0.043568458454285725,0.043568458454285725,0.043568458454285725,0.043568458454285725,0.043568458454285725,0.043568458454285725,0.043568458454285725,0.043568458454285725,0.043568458454285725,0.043568458454285725,0.043568458454285725,0.043568458454285725,0.043568458454285725,0.043568458454285725,0.043568458454285725,0.043568458454285725,0.043568458454285725,0.015644562061765465,0.0,0.0,0.0,0.0,0.0057216373418000005,0.005331748625793856,0.11993162821014282,0.12624381916857141,0.13138622187854912
chiplet_chiplet_11_chiplet,0.04917723202571428,0.048299517740000006,0.048299517740000006,0.048299517740000006,0.048299517740000006,0.048299517740000006,0.048299517740000006,0.048299517740000006,0.048299517740000006,0.048299517740000006,0.048299517740000006,0.048299517740000006,0.048299517740000006,0.048299517740000006,0.048299517740000006,0.048299517740000006,0.048299517740000006,0.048299517740000006,0.048299517740000006,0.048299517740000006,0.048299517740000006,0.048299517740000006,0.048299517740000006,0.048299517740000006,0.048299517740000006,0.048299517740000006,0.048299517740000006,0.048299517740000006,0.048299517740000006,0.048299517740000006,0.048299517740000006,0.048299517740000006,0.048299517740000006,0.048299517740000006,0.048299517740000006,0.048299517740000006,0.048299517740000006,0.048299517740000006,0.048299517740000006,0.048299517740000006,0.048299517740000006,0.048299517740000006,0.048299517740000006,0.048299517740000006,0.048299517740000006,0.048299517740000006,0.048299517740000006,0.048299517740000006,0.048299517740000006,0.048299517740000006,0.048299517740000006,0.048299517740000006,0.048299517740000006,0.048299517740000006,0.048299517740000006,0.048299517740000006,0.048299517740000006,0.048299517740000006,0.048299517740000006,0.048299517740000006,0.048299517740000006,0.048299517740000006,0.048299517740000006,0.048299517740000006,0.048299517740000006,0.048299517740000006,0.048299517740000006,0.048299517740000006,0.048299517740000006,0.048299517740000006,0.048299517740000006,0.048299517740000006,0.048299517740000006,0.048299517740000006,0.048299517740000006,0.048299517740000006,0.048299517740000006,0.048299517740000006,0.048299517740000006,0.048299517740000006,0.048299517740000006,0.048299517740000006,0.048299517740000006,0.048299517740000006,0.048299517740000006,0.048299517740000006,0.048299517740000006,0.048299517740000006,0.048299517740000006,0.048299517740000006,0.048299517740000006,0.048299517740000006,0.048299517740000006,0.048299517740000006,0.048299517740000006,0.048299517740000006,0.048299517740000006,0.048299517740000006,0.048299517740000006,0.048299517740000006,0.048299517740000006,0.048299517740000006,0.048299517740000006,0.048299517740000006,0.048299517740000006,0.048299517740000006,0.048299517740000006,0.048299517740000006,0.048299517740000006,0.048299517740000006,0.048299517740000006,0.048299517740000006,0.048299517740000006,0.048299517740000006,0.048299517740000006,0.048299517740000006,0.048299517740000006,0.048299517740000006,0.048299517740000006,0.048299517740000006,0.048299517740000006,0.048299517740000006,0.048299517740000006,0.048299517740000006,0.048299517740000006,0.048299517740000006,0.048299517740000006,0.048299517740000006,0.048299517740000006,0.048299517740000006,0.048299517740000006,0.048299517740000006,0.048299517740000006,0.01734339083007981,0.0,0.0,0.0,0.0,0.0060627625418,0.005649628580022389,0.12468098356728576,0.13124314059714287,0.13490389760539637
chiplet_chiplet_12_chiplet,0.05476333773999999,0.053885623454285714,0.053885623454285714,0.053885623454285714,0.053885623454285714,0.053885623454285714,0.053885623454285714,0.053885623454285714,0.053885623454285714,0.053885623454285714,0.053885623454285714,0.053885623454285714,0.053885623454285714,0.053885623454285714,0.053885623454285714,0.053885623454285714,0.053885623454285714,0.053885623454285714,0.053885623454285714,0.053885623454285714,0.053885623454285714,0.053885623454285714,0.053885623454285714,0.053885623454285714,0.053885623454285714,0.053885623454285714,0.053885623454285714,0.053885623454285714,0.053885623454285714,0.053885623454285714,0.053885623454285714,0.053885623454285714,0.053885623454285714,0.053885623454285714,0.053885623454285714,0.053885623454285714,0.053885623454285714,0.053885623454285714,0.053885623454285714,0.053885623454285714,0.053885623454285714,0.053885623454285714,0.053885623454285714,0.053885623454285714,0.053885623454285714,0.053885623454285714,0.053885623454285714,0.053885623454285714,0.053885623454285714,0.053885623454285714,0.053885623454285714,0.053885623454285714,0.053885623454285714,0.053885623454285714,0.053885623454285714,0.053885623454285714,0.053885623454285714,0.053885623454285714,0.053885623454285714,0.053885623454285714,0.053885623454285714,0.053885623454285714,0.053885623454285714,0.053885623454285714,0.053885623454285714,0.053885623454285714,0.053885623454285714,0.053885623454285714,0.053885623454285714,0.053885623454285714,0.053885623454285714,0.053885623454285714,0.053885623454285714,0.053885623454285714,0.053885623454285714,0.053885623454285714,0.053885623454285714,0.053885623454285714,0.053885623454285714,0.053885623454285714,0.053885623454285714,0.053885623454285714,0.053885623454285714,0.053885623454285714,0.053885623454285714,0.053885623454285714,0.053885623454285714,0.053885623454285714,0.053885623454285714,0.053885623454285714,0.053885623454285714,0.053885623454285714,0.053885623454285714,0.053885623454285714,0.053885623454285714,0.053885623454285714,0.053885623454285714,0.053885623454285714,0.053885623454285714,0.053885623454285714,0.053885623454285714,0.053885623454285714,0.053885623454285714,0.053885623454285714,0.053885623454285714,0.053885623454285714,0.053885623454285714,0.053885623454285714,0.053885623454285714,0.053885623454285714,0.053885623454285714,0.053885623454285714,0.053885623454285714,0.053885623454285714,0.053885623454285714,0.053885623454285714,0.053885623454285714,0.053885623454285714,0.053885623454285714,0.053885623454285714,0.053885623454285714,0.053885623454285714,0.053885623454285714,0.053885623454285714,0.053885623454285714,0.053885623454285714,0.053885623454285714,0.053885623454285714,0.053885623454285714,0.053885623454285714,0.053885623454285714,0.053885623454285714,0.053885623454285714,0.019349249669965596,0.0,0.0,0.0,0.0,0.0064528795918,0.006013161939615205,0.12998908549585717,0.13683061631142862,0.1388507000350023
chiplet_chiplet_13_chiplet,0.05473641631142856,0.05385870202571427,0.05385870202571427,0.05385870202571427,0.05385870202571427,0.05385870202571427,0.05385870202571427,0.05385870202571427,0.05385870202571427,0.05385870202571427,0.05385870202571427,0.05385870202571427,0.05385870202571427,0.05385870202571427,0.05385870202571427,0.05385870202571427,0.05385870202571427,0.05385870202571427,0.05385870202571427,0.05385870202571427,0.05385870202571427,0.05385870202571427,0.05385870202571427,0.05385870202571427,0.05385870202571427,0.05385870202571427,0.05385870202571427,0.05385870202571427,0.05385870202571427,0.05385870202571427,0.05385870202571427,0.05385870202571427,0.05385870202571427,0.05385870202571427,0.05385870202571427,0.05385870202571427,0.05385870202571427,0.05385870202571427,0.05385870202571427,0.05385870202571427,0.05385870202571427,0.05385870202571427,0.05385870202571427,0.05385870202571427,0.05385870202571427,0.05385870202571427,0.05385870202571427,0.05385870202571427,0.05385870202571427,0.05385870202571427,0.05385870202571427,0.05385870202571427,0.05385870202571427,0.05385870202571427,0.05385870202571427,0.05385870202571427,0.05385870202571427,0.05385870202571427,0.05385870202571427,0.05385870202571427,0.05385870202571427,0.05385870202571427,0.05385870202571427,0.05385870202571427,0.05385870202571427,0.05385870202571427,0.05385870202571427,0.05385870202571427,0.05385870202571427,0.05385870202571427,0.05385870202571427,0.05385870202571427,0.05385870202571427,0.05385870202571427,0.05385870202571427,0.05385870202571427,0.05385870202571427,0.05385870202571427,0.05385870202571427,0.05385870202571427,0.05385870202571427,0.05385870202571427,0.05385870202571427,0.05385870202571427,0.05385870202571427,0.05385870202571427,0.05385870202571427,0.05385870202571427,0.05385870202571427,0.05385870202571427,0.05385870202571427,0.05385870202571427,0.05385870202571427,0.05385870202571427,0.05385870202571427,0.05385870202571427,0.05385870202571427,0.05385870202571427,0.05385870202571427,0.05385870202571427,0.05385870202571427,0.05385870202571427,0.05385870202571427,0.05385870202571427,0.05385870202571427,0.05385870202571427,0.05385870202571427,0.05385870202571427,0.05385870202571427,0.05385870202571427,0.05385870202571427,0.05385870202571427,0.05385870202571427,0.05385870202571427,0.05385870202571427,0.05385870202571427,0.05385870202571427,0.05385870202571427,0.05385870202571427,0.05385870202571427,0.05385870202571427,0.05385870202571427,0.05385870202571427,0.05385870202571427,0.05385870202571427,0.05385870202571427,0.05385870202571427,0.05385870202571427,0.05385870202571427,0.05385870202571427,0.05385870202571427,0.05385870202571427,0.05385870202571427,0.01933958272339417,0.0,0.0,0.0,0.0,0.0064528795918,0.006013161939615205,0.12998908549585717,0.13683061631142862,0.13886489848968211
chiplet_chiplet_14_chiplet,0.05476333773999999,0.053885623454285714,0.053885623454285714,0.053885623454285714,0.053885623454285714,0.053885623454285714,0.053885623454285714,0.053885623454285714,0.053885623454285714,0.053885623454285714,0.053885623454285714,0.053885623454285714,0.053885623454285714,0.053885623454285714,0.053885623454285714,0.053885623454285714,0.053885623454285714,0.053885623454285714,0.053885623454285714,0.053885623454285714,0.053885623454285714,0.053885623454285714,0.053885623454285714,0.053885623454285714,0.053885623454285714,0.053885623454285714,0.053885623454285714,0.053885623454285714,0.053885623454285714,0.053885623454285714,0.053885623454285714,0.053885623454285714,0.053885623454285714,0.053885623454285714,0.053885623454285714,0.053885623454285714,0.053885623454285714,0.053885623454285714,0.053885623454285714,0.053885623454285714,0.053885623454285714,0.053885623454285714,0.053885623454285714,0.053885623454285714,0.053885623454285714,0.053885623454285714,0.053885623454285714,0.053885623454285714,0.053885623454285714,0.053885623454285714,0.053885623454285714,0.053885623454285714,0.053885623454285714,0.053885623454285714,0.053885623454285714,0.053885623454285714,0.053885623454285714,0.053885623454285714,0.053885623454285714,0.053885623454285714,0.053885623454285714,0.053885623454285714,0.053885623454285714,0.053885623454285714,0.053885623454285714,0.053885623454285714,0.053885623454285714,0.053885623454285714,0.053885623454285714,0.053885623454285714,0.053885623454285714,0.053885623454285714,0.053885623454285714,0.053885623454285714,0.053885623454285714,0.053885623454285714,0.053885623454285714,0.053885623454285714,0.053885623454285714,0.053885623454285714,0.053885623454285714,0.053885623454285714,0.053885623454285714,0.053885623454285714,0.053885623454285714,0.053885623454285714,0.053885623454285714,0.053885623454285714,0.053885623454285714,0.053885623454285714,0.053885623454285714,0.053885623454285714,0.053885623454285714,0.053885623454285714,0.053885623454285714,0.053885623454285714,0.053885623454285714,0.053885623454285714,0.053885623454285714,0.053885623454285714,0.053885623454285714,0.053885623454285714,0.053885623454285714,0.053885623454285714,0.053885623454285714,0.053885623454285714,0.053885623454285714,0.053885623454285714,0.053885623454285714,0.053885623454285714,0.053885623454285714,0.053885623454285714,0.053885623454285714,0.053885623454285714,0.053885623454285714,0.053885623454285714,0.053885623454285714,0.053885623454285714,0.053885623454285714,0.053885623454285714,0.053885623454285714,0.053885623454285714,0.053885623454285714,0.053885623454285714,0.053885623454285714,0.053885623454285714,0.053885623454285714,0.053885623454285714,0.053885623454285714,0.053885623454285714,0.053885623454285714,0.053885623454285714,0.053885623454285714,0.019349249669965596,0.0,0.0,0.0,0.0,0.0064528795918,0.006013161939615205,0.12994460513871425,0.1367837948828571,0.1388613684406673
chiplet_chiplet_15_chiplet,0.05472098774,0.053843273454285724,0.053843273454285724,0.053843273454285724,0.053843273454285724,0.053843273454285724,0.053843273454285724,0.053843273454285724,0.053843273454285724,0.053843273454285724,0.053843273454285724,0.053843273454285724,0.053843273454285724,0.053843273454285724,0.053843273454285724,0.053843273454285724,0.053843273454285724,0.053843273454285724,0.053843273454285724,0.053843273454285724,0.053843273454285724,0.053843273454285724,0.053843273454285724,0.053843273454285724,0.053843273454285724,0.053843273454285724,0.053843273454285724,0.053843273454285724,0.053843273454285724,0.053843273454285724,0.053843273454285724,0.053843273454285724,0.053843273454285724,0.053843273454285724,0.053843273454285724,0.053843273454285724,0.053843273454285724,0.053843273454285724,0.053843273454285724,0.053843273454285724,0.053843273454285724,0.053843273454285724,0.053843273454285724,0.053843273454285724,0.053843273454285724,0.053843273454285724,0.053843273454285724,0.053843273454285724,0.053843273454285724,0.053843273454285724,0.053843273454285724,0.053843273454285724,0.053843273454285724,0.053843273454285724,0.053843273454285724,0.053843273454285724,0.053843273454285724,0.053843273454285724,0.053843273454285724,0.053843273454285724,0.053843273454285724,0.053843273454285724,0.053843273454285724,0.053843273454285724,0.053843273454285724,0.053843273454285724,0.053843273454285724,0.053843273454285724,0.053843273454285724,0.053843273454285724,0.053843273454285724,0.053843273454285724,0.053843273454285724,0.053843273454285724,0.053843273454285724,0.053843273454285724,0.053843273454285724,0.053843273454285724,0.053843273454285724,0.053843273454285724,0.053843273454285724,0.053843273454285724,0.053843273454285724,0.053843273454285724,0.053843273454285724,0.053843273454285724,0.053843273454285724,0.053843273454285724,0.053843273454285724,0.053843273454285724,0.053843273454285724,0.053843273454285724,0.053843273454285724,0.053843273454285724,0.053843273454285724,0.053843273454285724,0.053843273454285724,0.053843273454285724,0.053843273454285724,0.053843273454285724,0.053843273454285724,0.053843273454285724,0.053843273454285724,0.053843273454285724,0.053843273454285724,0.053843273454285724,0.053843273454285724,0.053843273454285724,0.053843273454285724,0.053843273454285724,0.053843273454285724,0.053843273454285724,0.053843273454285724,0.053843273454285724,0.053843273454285724,0.053843273454285724,0.053843273454285724,0.053843273454285724,0.053843273454285724,0.053843273454285724,0.053843273454285724,0.053843273454285724,0.053843273454285724,0.053843273454285724,0.053843273454285724,0.053843273454285724,0.053843273454285724,0.053843273454285724,0.053843273454285724,0.053843273454285724,0.053843273454285724,0.053843273454285724,0.053843273454285724,0.019334042631965597,0.0,0.0,0.0,0.0,0.0064528795918,0.006013161939615205,0.1299001179958571,0.13673696631142854,0.13883754039386928
chiplet_chiplet_16_chiplet,0.05471364488285715,0.05383593059714286,0.05383593059714286,0.05383593059714286,0.05383593059714286,0.05383593059714286,0.05383593059714286,0.05383593059714286,0.05383593059714286,0.05383593059714286,0.05383593059714286,0.05383593059714286,0.05383593059714286,0.05383593059714286,0.05383593059714286,0.05383593059714286,0.05383593059714286,0.05383593059714286,0.05383593059714286,0.05383593059714286,0.05383593059714286,0.05383593059714286,0.05383593059714286,0.05383593059714286,0.05383593059714286,0.05383593059714286,0.05383593059714286,0.05383593059714286,0.05383593059714286,0.05383593059714286,0.05383593059714286,0.05383593059714286,0.05383593059714286,0.05383593059714286,0.05383593059714286,0.05383593059714286,0.05383593059714286,0.05383593059714286,0.05383593059714286,0.05383593059714286,0.05383593059714286,0.05383593059714286,0.05383593059714286,0.05383593059714286,0.05383593059714286,0.05383593059714286,0.05383593059714286,0.05383593059714286,0.05383593059714286,0.05383593059714286,0.05383593059714286,0.05383593059714286,0.05383593059714286,0.05383593059714286,0.05383593059714286,0.05383593059714286,0.05383593059714286,0.05383593059714286,0.05383593059714286,0.05383593059714286,0.05383593059714286,0.05383593059714286,0.05383593059714286,0.05383593059714286,0.05383593059714286,0.05383593059714286,0.05383593059714286,0.05383593059714286,0.05383593059714286,0.05383593059714286,0.05383593059714286,0.05383593059714286,0.05383593059714286,0.05383593059714286,0.05383593059714286,0.05383593059714286,0.05383593059714286,0.05383593059714286,0.05383593059714286,0.05383593059714286,0.05383593059714286,0.05383593059714286,0.05383593059714286,0.05383593059714286,0.05383593059714286,0.05383593059714286,0.05383593059714286,0.05383593059714286,0.05383593059714286,0.05383593059714286,0.05383593059714286,0.05383593059714286,0.05383593059714286,0.05383593059714286,0.05383593059714286,0.05383593059714286,0.05383593059714286,0.05383593059714286,0.05383593059714286,0.05383593059714286,0.05383593059714286,0.05383593059714286,0.05383593059714286,0.05383593059714286,0.05383593059714286,0.05383593059714286,0.05383593059714286,0.05383593059714286,0.05383593059714286,0.05383593059714286,0.05383593059714286,0.05383593059714286,0.05383593059714286,0.05383593059714286,0.05383593059714286,0.05383593059714286,0.05383593059714286,0.05383593059714286,0.05383593059714286,0.05383593059714286,0.05383593059714286,0.05383593059714286,0.05383593059714286,0.05383593059714286,0.05383593059714286,0.05383593059714286,0.05383593059714286,0.05383593059714286,0.05383593059714286,0.05383593059714286,0.05383593059714286,0.05383593059714286,0.05383593059714286,0.019331405958822743,0.0,0.0,0.0,0.0,0.0064528795918,0.006013161939615205,0.12985563017442855,0.13669013702571425,0.13882792622271165
chiplet_chiplet_17_chiplet,0.05467863059714287,0.053800916311428575,0.053800916311428575,0.053800916311428575,0.053800916311428575,0.053800916311428575,0.053800916311428575,0.053800916311428575,0.053800916311428575,0.053800916311428575,0.053800916311428575,0.053800916311428575,0.053800916311428575,0.053800916311428575,0.053800916311428575,0.053800916311428575,0.053800916311428575,0.053800916311428575,0.053800916311428575,0.053800916311428575,0.053800916311428575,0.053800916311428575,0.053800916311428575,0.053800916311428575,0.053800916311428575,0.053800916311428575,0.053800916311428575,0.053800916311428575,0.053800916311428575,0.053800916311428575,0.053800916311428575,0.053800916311428575,0.053800916311428575,0.053800916311428575,0.053800916311428575,0.053800916311428575,0.053800916311428575,0.053800916311428575,0.053800916311428575,0.053800916311428575,0.053800916311428575,0.053800916311428575,0.053800916311428575,0.053800916311428575,0.053800916311428575,0.053800916311428575,0.053800916311428575,0.053800916311428575,0.053800916311428575,0.053800916311428575,0.053800916311428575,0.053800916311428575,0.053800916311428575,0.053800916311428575,0.053800916311428575,0.053800916311428575,0.053800916311428575,0.053800916311428575,0.053800916311428575,0.053800916311428575,0.053800916311428575,0.053800916311428575,0.053800916311428575,0.053800916311428575,0.053800916311428575,0.053800916311428575,0.053800916311428575,0.053800916311428575,0.053800916311428575,0.053800916311428575,0.053800916311428575,0.053800916311428575,0.053800916311428575,0.053800916311428575,0.053800916311428575,0.053800916311428575,0.053800916311428575,0.053800916311428575,0.053800916311428575,0.053800916311428575,0.053800916311428575,0.053800916311428575,0.053800916311428575,0.053800916311428575,0.053800916311428575,0.053800916311428575,0.053800916311428575,0.053800916311428575,0.053800916311428575,0.053800916311428575,0.053800916311428575,0.053800916311428575,0.053800916311428575,0.053800916311428575,0.053800916311428575,0.053800916311428575,0.053800916311428575,0.053800916311428575,0.053800916311428575,0.053800916311428575,0.053800916311428575,0.053800916311428575,0.053800916311428575,0.053800916311428575,0.053800916311428575,0.053800916311428575,0.053800916311428575,0.053800916311428575,0.053800916311428575,0.053800916311428575,0.053800916311428575,0.053800916311428575,0.053800916311428575,0.053800916311428575,0.053800916311428575,0.053800916311428575,0.053800916311428575,0.053800916311428575,0.053800916311428575,0.053800916311428575,0.053800916311428575,0.053800916311428575,0.053800916311428575,0.053800916311428575,0.053800916311428575,0.053800916311428575,0.053800916311428575,0.053800916311428575,0.053800916311428575,0.053800916311428575,0.053800916311428575,0.053800916311428575,0.053800916311428575,0.019318833029108456,0.0,0.0,0.0,0.0,0.0064528795918,0.006013161939615205,0.12985563017442855,0.13669013702571425,0.13882188991236682
chiplet_chiplet_18_chiplet,0.05437194488285713,0.05378680202571429,0.05378680202571429,0.05378680202571429,0.05378680202571429,0.05378680202571429,0.05378680202571429,0.05378680202571429,0.05378680202571429,0.05378680202571429,0.05378680202571429,0.05378680202571429,0.05378680202571429,0.05378680202571429,0.05378680202571429,0.05378680202571429,0.05378680202571429,0.05378680202571429,0.05378680202571429,0.05378680202571429,0.05378680202571429,0.05378680202571429,0.05378680202571429,0.05378680202571429,0.05378680202571429,0.05378680202571429,0.05378680202571429,0.05378680202571429,0.05378680202571429,0.05378680202571429,0.05378680202571429,0.05378680202571429,0.05378680202571429,0.05378680202571429,0.05378680202571429,0.05378680202571429,0.05378680202571429,0.05378680202571429,0.05378680202571429,0.05378680202571429,0.05378680202571429,0.05378680202571429,0.05378680202571429,0.05378680202571429,0.05378680202571429,0.05378680202571429,0.05378680202571429,0.05378680202571429,0.05378680202571429,0.05378680202571429,0.05378680202571429,0.05378680202571429,0.05378680202571429,0.05378680202571429,0.05378680202571429,0.05378680202571429,0.05378680202571429,0.05378680202571429,0.05378680202571429,0.05378680202571429,0.05378680202571429,0.05378680202571429,0.05378680202571429,0.05378680202571429,0.05378680202571429,0.05378680202571429,0.05378680202571429,0.05378680202571429,0.05378680202571429,0.05378680202571429,0.05378680202571429,0.05378680202571429,0.05378680202571429,0.05378680202571429,0.05378680202571429,0.05378680202571429,0.05378680202571429,0.05378680202571429,0.05378680202571429,0.05378680202571429,0.05378680202571429,0.05378680202571429,0.05378680202571429,0.05378680202571429,0.05378680202571429,0.05378680202571429,0.05378680202571429,0.05378680202571429,0.05378680202571429,0.05378680202571429,0.05378680202571429,0.05378680202571429,0.05378680202571429,0.05378680202571429,0.05378680202571429,0.05378680202571429,0.05378680202571429,0.05378680202571429,0.05378680202571429,0.05378680202571429,0.05378680202571429,0.05378680202571429,0.05378680202571429,0.05378680202571429,0.05378680202571429,0.05378680202571429,0.05378680202571429,0.05378680202571429,0.05378680202571429,0.05378680202571429,0.05378680202571429,0.05378680202571429,0.05378680202571429,0.05378680202571429,0.05378680202571429,0.05378680202571429,0.05378680202571429,0.05378680202571429,0.05378680202571429,0.05378680202571429,0.05378680202571429,0.05378680202571429,0.05378680202571429,0.05378680202571429,0.05378680202571429,0.05378680202571429,0.05378680202571429,0.05378680202571429,0.05378680202571429,0.05378680202571429,0.05378680202571429,0.05378680202571429,0.05378680202571429,0.019313764871394166,0.0,0.0,0.0,0.0,0.0064528795918,0.006013161939615205,0.12985563017442855,0.13669013702571425,0.1388033380793619
chiplet_chiplet_19_chiplet,0.05375856559714287,0.05375856559714287,0.05375856559714287,0.05375856559714287,0.05375856559714287,0.05375856559714287,0.05375856559714287,0.05375856559714287,0.05375856559714287,0.05375856559714287,0.05375856559714287,0.05375856559714287,0.05375856559714287,0.05375856559714287,0.05375856559714287,0.05375856559714287,0.05375856559714287,0.05375856559714287,0.05375856559714287,0.05375856559714287,0.05375856559714287,0.05375856559714287,0.05375856559714287,0.05375856559714287,0.05375856559714287,0.05375856559714287,0.05375856559714287,0.05375856559714287,0.05375856559714287,0.05375856559714287,0.05375856559714287,0.05375856559714287,0.05375856559714287,0.05375856559714287,0.05375856559714287,0.05375856559714287,0.05375856559714287,0.05375856559714287,0.05375856559714287,0.05375856559714287,0.05375856559714287,0.05375856559714287,0.05375856559714287,0.05375856559714287,0.05375856559714287,0.05375856559714287,0.05375856559714287,0.05375856559714287,0.05375856559714287,0.05375856559714287,0.05375856559714287,0.05375856559714287,0.05375856559714287,0.05375856559714287,0.05375856559714287,0.05375856559714287,0.05375856559714287,0.05375856559714287,0.05375856559714287,0.05375856559714287,0.05375856559714287,0.05375856559714287,0.05375856559714287,0.05375856559714287,0.05375856559714287,0.05375856559714287,0.05375856559714287,0.05375856559714287,0.05375856559714287,0.05375856559714287,0.05375856559714287,0.05375856559714287,0.05375856559714287,0.05375856559714287,0.05375856559714287,0.05375856559714287,0.05375856559714287,0.05375856559714287,0.05375856559714287,0.05375856559714287,0.05375856559714287,0.05375856559714287,0.05375856559714287,0.05375856559714287,0.05375856559714287,0.05375856559714287,0.05375856559714287,0.05375856559714287,0.05375856559714287,0.05375856559714287,0.05375856559714287,0.05375856559714287,0.05375856559714287,0.05375856559714287,0.05375856559714287,0.05375856559714287,0.05375856559714287,0.05375856559714287,0.05375856559714287,0.05375856559714287,0.05375856559714287,0.05375856559714287,0.05375856559714287,0.05375856559714287,0.05375856559714287,0.05375856559714287,0.05375856559714287,0.05375856559714287,0.05375856559714287,0.05375856559714287,0.05375856559714287,0.05375856559714287,0.05375856559714287,0.05375856559714287,0.05375856559714287,0.05375856559714287,0.05375856559714287,0.05375856559714287,0.05375856559714287,0.05375856559714287,0.05375856559714287,0.05375856559714287,0.05375856559714287,0.05375856559714287,0.05375856559714287,0.05375856559714287,0.05375856559714287,0.05375856559714287,0.05375856559714287,0.05375856559714287,0.05375856559714287,0.05375856559714287,0.05375856559714287,0.01930362573462274,0.0,0.0,0.0,0.0,0.0064528795918,0.006013161939615205,0.12985563017442855,0.13669013702571425,0.13876136673862302
chiplet_chiplet_20_chiplet,0.04818546488285714,0.04818546488285714,0.04818546488285714,0.04818546488285714,0.04818546488285714,0.04818546488285714,0.04818546488285714,0.04818546488285714,0.04818546488285714,0.04818546488285714,0.04818546488285714,0.04818546488285714,0.04818546488285714,0.04818546488285714,0.04818546488285714,0.04818546488285714,0.04818546488285714,0.04818546488285714,0.04818546488285714,0.04818546488285714,0.04818546488285714,0.04818546488285714,0.04818546488285714,0.04818546488285714,0.04818546488285714,0.04818546488285714,0.04818546488285714,0.04818546488285714,0.04818546488285714,0.04818546488285714,0.04818546488285714,0.04818546488285714,0.04818546488285714,0.04818546488285714,0.04818546488285714,0.04818546488285714,0.04818546488285714,0.04818546488285714,0.04818546488285714,0.04818546488285714,0.04818546488285714,0.04818546488285714,0.04818546488285714,0.04818546488285714,0.04818546488285714,0.04818546488285714,0.04818546488285714,0.04818546488285714,0.04818546488285714,0.04818546488285714,0.04818546488285714,0.04818546488285714,0.04818546488285714,0.04818546488285714,0.04818546488285714,0.04818546488285714,0.04818546488285714,0.04818546488285714,0.04818546488285714,0.04818546488285714,0.04818546488285714,0.04818546488285714,0.04818546488285714,0.04818546488285714,0.04818546488285714,0.04818546488285714,0.04818546488285714,0.04818546488285714,0.04818546488285714,0.04818546488285714,0.04818546488285714,0.04818546488285714,0.04818546488285714,0.04818546488285714,0.04818546488285714,0.04818546488285714,0.04818546488285714,0.04818546488285714,0.04818546488285714,0.04818546488285714,0.04818546488285714,0.04818546488285714,0.04818546488285714,0.04818546488285714,0.04818546488285714,0.04818546488285714,0.04818546488285714,0.04818546488285714,0.04818546488285714,0.04818546488285714,0.04818546488285714,0.04818546488285714,0.04818546488285714,0.04818546488285714,0.04818546488285714,0.04818546488285714,0.04818546488285714,0.04818546488285714,0.04818546488285714,0.04818546488285714,0.04818546488285714,0.04818546488285714,0.04818546488285714,0.04818546488285714,0.04818546488285714,0.04818546488285714,0.04818546488285714,0.04818546488285714,0.04818546488285714,0.04818546488285714,0.04818546488285714,0.04818546488285714,0.04818546488285714,0.04818546488285714,0.04818546488285714,0.04818546488285714,0.04818546488285714,0.04818546488285714,0.04818546488285714,0.04818546488285714,0.04818546488285714,0.04818546488285714,0.04818546488285714,0.04818546488285714,0.04818546488285714,0.04818546488285714,0.04818546488285714,0.04818546488285714,0.04818546488285714,0.04818546488285714,0.04818546488285714,0.04818546488285714,0.04818546488285714,0.017302436730136955,0.0,0.0,0.0,0.0,0.0060627625418,0.005649628580022389,0.1245611844958571,0.13111703631142851,0.13481612653726832
chiplet_chiplet_21_chiplet,0.04913921488285714,0.04826150059714286,0.04826150059714286,0.04826150059714286,0.04826150059714286,0.04826150059714286,0.04826150059714286,0.04826150059714286,0.04826150059714286,0.04826150059714286,0.04826150059714286,0.04826150059714286,0.04826150059714286,0.04826150059714286,0.04826150059714286,0.04826150059714286,0.04826150059714286,0.04826150059714286,0.04826150059714286,0.04826150059714286,0.04826150059714286,0.04826150059714286,0.04826150059714286,0.04826150059714286,0.04826150059714286,0.04826150059714286,0.04826150059714286,0.04826150059714286,0.04826150059714286,0.04826150059714286,0.04826150059714286,0.04826150059714286,0.04826150059714286,0.04826150059714286,0.04826150059714286,0.04826150059714286,0.04826150059714286,0.04826150059714286,0.04826150059714286,0.04826150059714286,0.04826150059714286,0.04826150059714286,0.04826150059714286,0.04826150059714286,0.04826150059714286,0.04826150059714286,0.04826150059714286,0.04826150059714286,0.04826150059714286,0.04826150059714286,0.04826150059714286,0.04826150059714286,0.04826150059714286,0.04826150059714286,0.04826150059714286,0.04826150059714286,0.04826150059714286,0.04826150059714286,0.04826150059714286,0.04826150059714286,0.04826150059714286,0.04826150059714286,0.04826150059714286,0.04826150059714286,0.04826150059714286,0.04826150059714286,0.04826150059714286,0.04826150059714286,0.04826150059714286,0.04826150059714286,0.04826150059714286,0.04826150059714286,0.04826150059714286,0.04826150059714286,0.04826150059714286,0.04826150059714286,0.04826150059714286,0.04826150059714286,0.04826150059714286,0.04826150059714286,0.04826150059714286,0.04826150059714286,0.04826150059714286,0.04826150059714286,0.04826150059714286,0.04826150059714286,0.04826150059714286,0.04826150059714286,0.04826150059714286,0.04826150059714286,0.04826150059714286,0.04826150059714286,0.04826150059714286,0.04826150059714286,0.04826150059714286,0.04826150059714286,0.04826150059714286,0.04826150059714286,0.04826150059714286,0.04826150059714286,0.04826150059714286,0.04826150059714286,0.04826150059714286,0.04826150059714286,0.04826150059714286,0.04826150059714286,0.04826150059714286,0.04826150059714286,0.04826150059714286,0.04826150059714286,0.04826150059714286,0.04826150059714286,0.04826150059714286,0.04826150059714286,0.04826150059714286,0.04826150059714286,0.04826150059714286,0.04826150059714286,0.04826150059714286,0.04826150059714286,0.04826150059714286,0.04826150059714286,0.04826150059714286,0.04826150059714286,0.04826150059714286,0.04826150059714286,0.04826150059714286,0.04826150059714286,0.04826150059714286,0.04826150059714286,0.04826150059714286,0.04826150059714286,0.04826150059714286,0.017329739634422664,0.0,0.0,0.0,0.0,0.0060627625418,0.005649628580022389,0.1246410509958571,0.13120110631142853,0.13487889010431264
chiplet_chiplet_22_chiplet,0.05472098774,0.053843273454285724,0.053843273454285724,0.053843273454285724,0.053843273454285724,0.053843273454285724,0.053843273454285724,0.053843273454285724,0.053843273454285724,0.053843273454285724,0.053843273454285724,0.053843273454285724,0.053843273454285724,0.053843273454285724,0.053843273454285724,0.053843273454285724,0.053843273454285724,0.053843273454285724,0.053843273454285724,0.053843273454285724,0.053843273454285724,0.053843273454285724,0.053843273454285724,0.053843273454285724,0.053843273454285724,0.053843273454285724,0.053843273454285724,0.053843273454285724,0.053843273454285724,0.053843273454285724,0.053843273454285724,0.053843273454285724,0.053843273454285724,0.053843273454285724,0.053843273454285724,0.053843273454285724,0.053843273454285724,0.053843273454285724,0.053843273454285724,0.053843273454285724,0.053843273454285724,0.053843273454285724,0.053843273454285724,0.053843273454285724,0.053843273454285724,0.053843273454285724,0.053843273454285724,0.053843273454285724,0.053843273454285724,0.053843273454285724,0.053843273454285724,0.053843273454285724,0.053843273454285724,0.053843273454285724,0.053843273454285724,0.053843273454285724,0.053843273454285724,0.053843273454285724,0.053843273454285724,0.053843273454285724,0.053843273454285724,0.053843273454285724,0.053843273454285724,0.053843273454285724,0.053843273454285724,0.053843273454285724,0.053843273454285724,0.053843273454285724,0.053843273454285724,0.053843273454285724,0.053843273454285724,0.053843273454285724,0.053843273454285724,0.053843273454285724,0.053843273454285724,0.053843273454285724,0.053843273454285724,0.053843273454285724,0.053843273454285724,0.053843273454285724,0.053843273454285724,0.053843273454285724,0.053843273454285724,0.053843273454285724,0.053843273454285724,0.053843273454285724,0.053843273454285724,0.053843273454285724,0.053843273454285724,0.053843273454285724,0.053843273454285724,0.053843273454285724,0.053843273454285724,0.053843273454285724,0.053843273454285724,0.053843273454285724,0.053843273454285724,0.053843273454285724,0.053843273454285724,0.053843273454285724,0.053843273454285724,0.053843273454285724,0.053843273454285724,0.053843273454285724,0.053843273454285724,0.053843273454285724,0.053843273454285724,0.053843273454285724,0.053843273454285724,0.053843273454285724,0.053843273454285724,0.053843273454285724,0.053843273454285724,0.053843273454285724,0.053843273454285724,0.053843273454285724,0.053843273454285724,0.053843273454285724,0.053843273454285724,0.053843273454285724,0.053843273454285724,0.053843273454285724,0.053843273454285724,0.053843273454285724,0.053843273454285724,0.053843273454285724,0.053843273454285724,0.053843273454285724,0.053843273454285724,0.053843273454285724,0.053843273454285724,0.053843273454285724,0.053843273454285724,0.019334042631965597,0.0,0.0,0.0,0.0,0.0064528795918,0.006013161939615205,0.12994460513871425,0.1367837948828571,0.13882284451406635
chiplet_chiplet_23_chiplet,0.05469406631142857,0.05381635202571428,0.05381635202571428,0.05381635202571428,0.05381635202571428,0.05381635202571428,0.05381635202571428,0.05381635202571428,0.05381635202571428,0.05381635202571428,0.05381635202571428,0.05381635202571428,0.05381635202571428,0.05381635202571428,0.05381635202571428,0.05381635202571428,0.05381635202571428,0.05381635202571428,0.05381635202571428,0.05381635202571428,0.05381635202571428,0.05381635202571428,0.05381635202571428,0.05381635202571428,0.05381635202571428,0.05381635202571428,0.05381635202571428,0.05381635202571428,0.05381635202571428,0.05381635202571428,0.05381635202571428,0.05381635202571428,0.05381635202571428,0.05381635202571428,0.05381635202571428,0.05381635202571428,0.05381635202571428,0.05381635202571428,0.05381635202571428,0.05381635202571428,0.05381635202571428,0.05381635202571428,0.05381635202571428,0.05381635202571428,0.05381635202571428,0.05381635202571428,0.05381635202571428,0.05381635202571428,0.05381635202571428,0.05381635202571428,0.05381635202571428,0.05381635202571428,0.05381635202571428,0.05381635202571428,0.05381635202571428,0.05381635202571428,0.05381635202571428,0.05381635202571428,0.05381635202571428,0.05381635202571428,0.05381635202571428,0.05381635202571428,0.05381635202571428,0.05381635202571428,0.05381635202571428,0.05381635202571428,0.05381635202571428,0.05381635202571428,0.05381635202571428,0.05381635202571428,0.05381635202571428,0.05381635202571428,0.05381635202571428,0.05381635202571428,0.05381635202571428,0.05381635202571428,0.05381635202571428,0.05381635202571428,0.05381635202571428,0.05381635202571428,0.05381635202571428,0.05381635202571428,0.05381635202571428,0.05381635202571428,0.05381635202571428,0.05381635202571428,0.05381635202571428,0.05381635202571428,0.05381635202571428,0.05381635202571428,0.05381635202571428,0.05381635202571428,0.05381635202571428,0.05381635202571428,0.05381635202571428,0.05381635202571428,0.05381635202571428,0.05381635202571428,0.05381635202571428,0.05381635202571428,0.05381635202571428,0.05381635202571428,0.05381635202571428,0.05381635202571428,0.05381635202571428,0.05381635202571428,0.05381635202571428,0.05381635202571428,0.05381635202571428,0.05381635202571428,0.05381635202571428,0.05381635202571428,0.05381635202571428,0.05381635202571428,0.05381635202571428,0.05381635202571428,0.05381635202571428,0.05381635202571428,0.05381635202571428,0.05381635202571428,0.05381635202571428,0.05381635202571428,0.05381635202571428,0.05381635202571428,0.05381635202571428,0.05381635202571428,0.05381635202571428,0.05381635202571428,0.05381635202571428,0.05381635202571428,0.05381635202571428,0.05381635202571428,0.05381635202571428,0.019324375685394166,0.0,0.0,0.0,0.0,0.0064528795918,0.006013161939615205,0.12994460513871425,0.1367837948828571,0.13883704090569193
chiplet_chiplet_24_chiplet,0.05472098774,0.053843273454285724,0.053843273454285724,0.053843273454285724,0.053843273454285724,0.053843273454285724,0.053843273454285724,0.053843273454285724,0.053843273454285724,0.053843273454285724,0.053843273454285724,0.053843273454285724,0.053843273454285724,0.053843273454285724,0.053843273454285724,0.053843273454285724,0.053843273454285724,0.053843273454285724,0.053843273454285724,0.053843273454285724,0.053843273454285724,0.053843273454285724,0.053843273454285724,0.053843273454285724,0.053843273454285724,0.053843273454285724,0.053843273454285724,0.053843273454285724,0.053843273454285724,0.053843273454285724,0.053843273454285724,0.053843273454285724,0.053843273454285724,0.053843273454285724,0.053843273454285724,0.053843273454285724,0.053843273454285724,0.053843273454285724,0.053843273454285724,0.053843273454285724,0.053843273454285724,0.053843273454285724,0.053843273454285724,0.053843273454285724,0.053843273454285724,0.053843273454285724,0.053843273454285724,0.053843273454285724,0.053843273454285724,0.053843273454285724,0.053843273454285724,0.053843273454285724,0.053843273454285724,0.053843273454285724,0.053843273454285724,0.053843273454285724,0.053843273454285724,0.053843273454285724,0.053843273454285724,0.053843273454285724,0.053843273454285724,0.053843273454285724,0.053843273454285724,0.053843273454285724,0.053843273454285724,0.053843273454285724,0.053843273454285724,0.053843273454285724,0.053843273454285724,0.053843273454285724,0.053843273454285724,0.053843273454285724,0.053843273454285724,0.053843273454285724,0.053843273454285724,0.053843273454285724,0.053843273454285724,0.053843273454285724,0.053843273454285724,0.053843273454285724,0.053843273454285724,0.053843273454285724,0.053843273454285724,0.053843273454285724,0.053843273454285724,0.053843273454285724,0.053843273454285724,0.053843273454285724,0.053843273454285724,0.053843273454285724,0.053843273454285724,0.053843273454285724,0.053843273454285724,0.053843273454285724,0.053843273454285724,0.053843273454285724,0.053843273454285724,0.053843273454285724,0.053843273454285724,0.053843273454285724,0.053843273454285724,0.053843273454285724,0.053843273454285724,0.053843273454285724,0.053843273454285724,0.053843273454285724,0.053843273454285724,0.053843273454285724,0.053843273454285724,0.053843273454285724,0.053843273454285724,0.053843273454285724,0.053843273454285724,0.053843273454285724,0.053843273454285724,0.053843273454285724,0.053843273454285724,0.053843273454285724,0.053843273454285724,0.053843273454285724,0.053843273454285724,0.053843273454285724,0.053843273454285724,0.053843273454285724,0.053843273454285724,0.053843273454285724,0.053843273454285724,0.053843273454285724,0.053843273454285724,0.053843273454285724,0.053843273454285724,0.053843273454285724,0.053843273454285724,0.019334042631965597,0.0,0.0,0.0,0.0,0.0064528795918,0.006013161939615205,0.1299001179958571,0.13673696631142854,0.13884161131554415
chiplet_chiplet_25_chiplet,0.05467863059714287,0.053800916311428575,0.053800916311428575,0.053800916311428575,0.053800916311428575,0.053800916311428575,0.053800916311428575,0.053800916311428575,0.053800916311428575,0.053800916311428575,0.053800916311428575,0.053800916311428575,0.053800916311428575,0.053800916311428575,0.053800916311428575,0.053800916311428575,0.053800916311428575,0.053800916311428575,0.053800916311428575,0.053800916311428575,0.053800916311428575,0.053800916311428575,0.053800916311428575,0.053800916311428575,0.053800916311428575,0.053800916311428575,0.053800916311428575,0.053800916311428575,0.053800916311428575,0.053800916311428575,0.053800916311428575,0.053800916311428575,0.053800916311428575,0.053800916311428575,0.053800916311428575,0.053800916311428575,0.053800916311428575,0.053800916311428575,0.053800916311428575,0.053800916311428575,0.053800916311428575,0.053800916311428575,0.053800916311428575,0.053800916311428575,0.053800916311428575,0.053800916311428575,0.053800916311428575,0.053800916311428575,0.053800916311428575,0.053800916311428575,0.053800916311428575,0.053800916311428575,0.053800916311428575,0.053800916311428575,0.053800916311428575,0.053800916311428575,0.053800916311428575,0.053800916311428575,0.053800916311428575,0.053800916311428575,0.053800916311428575,0.053800916311428575,0.053800916311428575,0.053800916311428575,0.053800916311428575,0.053800916311428575,0.053800916311428575,0.053800916311428575,0.053800916311428575,0.053800916311428575,0.053800916311428575,0.053800916311428575,0.053800916311428575,0.053800916311428575,0.053800916311428575,0.053800916311428575,0.053800916311428575,0.053800916311428575,0.053800916311428575,0.053800916311428575,0.053800916311428575,0.053800916311428575,0.053800916311428575,0.053800916311428575,0.053800916311428575,0.053800916311428575,0.053800916311428575,0.053800916311428575,0.053800916311428575,0.053800916311428575,0.053800916311428575,0.053800916311428575,0.053800916311428575,0.053800916311428575,0.053800916311428575,0.053800916311428575,0.053800916311428575,0.053800916311428575,0.053800916311428575,0.053800916311428575,0.053800916311428575,0.053800916311428575,0.053800916311428575,0.053800916311428575,0.053800916311428575,0.053800916311428575,0.053800916311428575,0.053800916311428575,0.053800916311428575,0.053800916311428575,0.053800916311428575,0.053800916311428575,0.053800916311428575,0.053800916311428575,0.053800916311428575,0.053800916311428575,0.053800916311428575,0.053800916311428575,0.053800916311428575,0.053800916311428575,0.053800916311428575,0.053800916311428575,0.053800916311428575,0.053800916311428575,0.053800916311428575,0.053800916311428575,0.053800916311428575,0.053800916311428575,0.053800916311428575,0.053800916311428575,0.053800916311428575,0.053800916311428575,0.053800916311428575,0.019318833029108456,0.0,0.0,0.0,0.0,0.0064528795918,0.006013161939615205,0.12985563017442855,0.13669013702571425,0.1388198008837954
chiplet_chiplet_26_chiplet,0.05451915059714286,0.053793573454285724,0.053793573454285724,0.053793573454285724,0.053793573454285724,0.053793573454285724,0.053793573454285724,0.053793573454285724,0.053793573454285724,0.053793573454285724,0.053793573454285724,0.053793573454285724,0.053793573454285724,0.053793573454285724,0.053793573454285724,0.053793573454285724,0.053793573454285724,0.053793573454285724,0.053793573454285724,0.053793573454285724,0.053793573454285724,0.053793573454285724,0.053793573454285724,0.053793573454285724,0.053793573454285724,0.053793573454285724,0.053793573454285724,0.053793573454285724,0.053793573454285724,0.053793573454285724,0.053793573454285724,0.053793573454285724,0.053793573454285724,0.053793573454285724,0.053793573454285724,0.053793573454285724,0.053793573454285724,0.053793573454285724,0.053793573454285724,0.053793573454285724,0.053793573454285724,0.053793573454285724,0.053793573454285724,0.053793573454285724,0.053793573454285724,0.053793573454285724,0.053793573454285724,0.053793573454285724,0.053793573454285724,0.053793573454285724,0.053793573454285724,0.053793573454285724,0.053793573454285724,0.053793573454285724,0.053793573454285724,0.053793573454285724,0.053793573454285724,0.053793573454285724,0.053793573454285724,0.053793573454285724,0.053793573454285724,0.053793573454285724,0.053793573454285724,0.053793573454285724,0.053793573454285724,0.053793573454285724,0.053793573454285724,0.053793573454285724,0.053793573454285724,0.053793573454285724,0.053793573454285724,0.053793573454285724,0.053793573454285724,0.053793573454285724,0.053793573454285724,0.053793573454285724,0.053793573454285724,0.053793573454285724,0.053793573454285724,0.053793573454285724,0.053793573454285724,0.053793573454285724,0.053793573454285724,0.053793573454285724,0.053793573454285724,0.053793573454285724,0.053793573454285724,0.053793573454285724,0.053793573454285724,0.053793573454285724,0.053793573454285724,0.053793573454285724,0.053793573454285724,0.053793573454285724,0.053793573454285724,0.053793573454285724,0.053793573454285724,0.053793573454285724,0.053793573454285724,0.053793573454285724,0.053793573454285724,0.053793573454285724,0.053793573454285724,0.053793573454285724,0.053793573454285724,0.053793573454285724,0.053793573454285724,0.053793573454285724,0.053793573454285724,0.053793573454285724,0.053793573454285724,0.053793573454285724,0.053793573454285724,0.053793573454285724,0.053793573454285724,0.053793573454285724,0.053793573454285724,0.053793573454285724,0.053793573454285724,0.053793573454285724,0.053793573454285724,0.053793573454285724,0.053793573454285724,0.053793573454285724,0.053793573454285724,0.053793573454285724,0.053793573454285724,0.053793573454285724,0.053793573454285724,0.053793573454285724,0.053793573454285724,0.053793573454285724,0.053793573454285724,0.019316196355965598,0.0,0.0,0.0,0.0,0.0064528795918,0.006013161939615205,0.12985563017442855,0.13669013702571425,0.13882442480349985
chiplet_chiplet_27_chiplet,0.05375856559714287,0.05375856559714287,0.05375856559714287,0.05375856559714287,0.05375856559714287,0.05375856559714287,0.05375856559714287,0.05375856559714287,0.05375856559714287,0.05375856559714287,0.05375856559714287,0.05375856559714287,0.05375856559714287,0.05375856559714287,0.05375856559714287,0.05375856559714287,0.05375856559714287,0.05375856559714287,0.05375856559714287,0.05375856559714287,0.05375856559714287,0.05375856559714287,0.05375856559714287,0.05375856559714287,0.05375856559714287,0.05375856559714287,0.05375856559714287,0.05375856559714287,0.05375856559714287,0.05375856559714287,0.05375856559714287,0.05375856559714287,0.05375856559714287,0.05375856559714287,0.05375856559714287,0.05375856559714287,0.05375856559714287,0.05375856559714287,0.05375856559714287,0.05375856559714287,0.05375856559714287,0.05375856559714287,0.05375856559714287,0.05375856559714287,0.05375856559714287,0.05375856559714287,0.05375856559714287,0.05375856559714287,0.05375856559714287,0.05375856559714287,0.05375856559714287,0.05375856559714287,0.05375856559714287,0.05375856559714287,0.05375856559714287,0.05375856559714287,0.05375856559714287,0.05375856559714287,0.05375856559714287,0.05375856559714287,0.05375856559714287,0.05375856559714287,0.05375856559714287,0.05375856559714287,0.05375856559714287,0.05375856559714287,0.05375856559714287,0.05375856559714287,0.05375856559714287,0.05375856559714287,0.05375856559714287,0.05375856559714287,0.05375856559714287,0.05375856559714287,0.05375856559714287,0.05375856559714287,0.05375856559714287,0.05375856559714287,0.05375856559714287,0.05375856559714287,0.05375856559714287,0.05375856559714287,0.05375856559714287,0.05375856559714287,0.05375856559714287,0.05375856559714287,0.05375856559714287,0.05375856559714287,0.05375856559714287,0.05375856559714287,0.05375856559714287,0.05375856559714287,0.05375856559714287,0.05375856559714287,0.05375856559714287,0.05375856559714287,0.05375856559714287,0.05375856559714287,0.05375856559714287,0.05375856559714287,0.05375856559714287,0.05375856559714287,0.05375856559714287,0.05375856559714287,0.05375856559714287,0.05375856559714287,0.05375856559714287,0.05375856559714287,0.05375856559714287,0.05375856559714287,0.05375856559714287,0.05375856559714287,0.05375856559714287,0.05375856559714287,0.05375856559714287,0.05375856559714287,0.05375856559714287,0.05375856559714287,0.05375856559714287,0.05375856559714287,0.05375856559714287,0.05375856559714287,0.05375856559714287,0.05375856559714287,0.05375856559714287,0.05375856559714287,0.05375856559714287,0.05375856559714287,0.05375856559714287,0.05375856559714287,0.05375856559714287,0.05375856559714287,0.05375856559714287,0.01930362573462274,0.0,0.0,0.0,0.0,0.0064528795918,0.006013161939615205,0.12985563017442855,0.13669013702571425,0.13878987475029786
chiplet_chiplet_28_chiplet,0.05375856559714287,0.05375856559714287,0.05375856559714287,0.05375856559714287,0.05375856559714287,0.05375856559714287,0.05375856559714287,0.05375856559714287,0.05375856559714287,0.05375856559714287,0.05375856559714287,0.05375856559714287,0.05375856559714287,0.05375856559714287,0.05375856559714287,0.05375856559714287,0.05375856559714287,0.05375856559714287,0.05375856559714287,0.05375856559714287,0.05375856559714287,0.05375856559714287,0.05375856559714287,0.05375856559714287,0.05375856559714287,0.05375856559714287,0.05375856559714287,0.05375856559714287,0.05375856559714287,0.05375856559714287,0.05375856559714287,0.05375856559714287,0.05375856559714287,0.05375856559714287,0.05375856559714287,0.05375856559714287,0.05375856559714287,0.05375856559714287,0.05375856559714287,0.05375856559714287,0.05375856559714287,0.05375856559714287,0.05375856559714287,0.05375856559714287,0.05375856559714287,0.05375856559714287,0.05375856559714287,0.05375856559714287,0.05375856559714287,0.05375856559714287,0.05375856559714287,0.05375856559714287,0.05375856559714287,0.05375856559714287,0.05375856559714287,0.05375856559714287,0.05375856559714287,0.05375856559714287,0.05375856559714287,0.05375856559714287,0.05375856559714287,0.05375856559714287,0.05375856559714287,0.05375856559714287,0.05375856559714287,0.05375856559714287,0.05375856559714287,0.05375856559714287,0.05375856559714287,0.05375856559714287,0.05375856559714287,0.05375856559714287,0.05375856559714287,0.05375856559714287,0.05375856559714287,0.05375856559714287,0.05375856559714287,0.05375856559714287,0.05375856559714287,0.05375856559714287,0.05375856559714287,0.05375856559714287,0.05375856559714287,0.05375856559714287,0.05375856559714287,0.05375856559714287,0.05375856559714287,0.05375856559714287,0.05375856559714287,0.05375856559714287,0.05375856559714287,0.05375856559714287,0.05375856559714287,0.05375856559714287,0.05375856559714287,0.05375856559714287,0.05375856559714287,0.05375856559714287,0.05375856559714287,0.05375856559714287,0.05375856559714287,0.05375856559714287,0.05375856559714287,0.05375856559714287,0.05375856559714287,0.05375856559714287,0.05375856559714287,0.05375856559714287,0.05375856559714287,0.05375856559714287,0.05375856559714287,0.05375856559714287,0.05375856559714287,0.05375856559714287,0.05375856559714287,0.05375856559714287,0.05375856559714287,0.05375856559714287,0.05375856559714287,0.05375856559714287,0.05375856559714287,0.05375856559714287,0.05375856559714287,0.05375856559714287,0.05375856559714287,0.05375856559714287,0.05375856559714287,0.05375856559714287,0.05375856559714287,0.05375856559714287,0.05375856559714287,0.05375856559714287,0.05375856559714287,0.01930362573462274,0.0,0.0,0.0,0.0,0.0064528795918,0.006013161939615205,0.12985563017442855,0.13669013702571425,0.13877352032960824
chiplet_chiplet_29_chiplet,0.05375856559714287,0.05375856559714287,0.05375856559714287,0.05375856559714287,0.05375856559714287,0.05375856559714287,0.05375856559714287,0.05375856559714287,0.05375856559714287,0.05375856559714287,0.05375856559714287,0.05375856559714287,0.05375856559714287,0.05375856559714287,0.05375856559714287,0.05375856559714287,0.05375856559714287,0.05375856559714287,0.05375856559714287,0.05375856559714287,0.05375856559714287,0.05375856559714287,0.05375856559714287,0.05375856559714287,0.05375856559714287,0.05375856559714287,0.05375856559714287,0.05375856559714287,0.05375856559714287,0.05375856559714287,0.05375856559714287,0.05375856559714287,0.05375856559714287,0.05375856559714287,0.05375856559714287,0.05375856559714287,0.05375856559714287,0.05375856559714287,0.05375856559714287,0.05375856559714287,0.05375856559714287,0.05375856559714287,0.05375856559714287,0.05375856559714287,0.05375856559714287,0.05375856559714287,0.05375856559714287,0.05375856559714287,0.05375856559714287,0.05375856559714287,0.05375856559714287,0.05375856559714287,0.05375856559714287,0.05375856559714287,0.05375856559714287,0.05375856559714287,0.05375856559714287,0.05375856559714287,0.05375856559714287,0.05375856559714287,0.05375856559714287,0.05375856559714287,0.05375856559714287,0.05375856559714287,0.05375856559714287,0.05375856559714287,0.05375856559714287,0.05375856559714287,0.05375856559714287,0.05375856559714287,0.05375856559714287,0.05375856559714287,0.05375856559714287,0.05375856559714287,0.05375856559714287,0.05375856559714287,0.05375856559714287,0.05375856559714287,0.05375856559714287,0.05375856559714287,0.05375856559714287,0.05375856559714287,0.05375856559714287,0.05375856559714287,0.05375856559714287,0.05375856559714287,0.05375856559714287,0.05375856559714287,0.05375856559714287,0.05375856559714287,0.05375856559714287,0.05375856559714287,0.05375856559714287,0.05375856559714287,0.05375856559714287,0.05375856559714287,0.05375856559714287,0.05375856559714287,0.05375856559714287,0.05375856559714287,0.05375856559714287,0.05375856559714287,0.05375856559714287,0.05375856559714287,0.05375856559714287,0.05375856559714287,0.05375856559714287,0.05375856559714287,0.05375856559714287,0.05375856559714287,0.05375856559714287,0.05375856559714287,0.05375856559714287,0.05375856559714287,0.05375856559714287,0.05375856559714287,0.05375856559714287,0.05375856559714287,0.05375856559714287,0.05375856559714287,0.05375856559714287,0.05375856559714287,0.05375856559714287,0.05375856559714287,0.05375856559714287,0.05375856559714287,0.05375856559714287,0.05375856559714287,0.05375856559714287,0.05375856559714287,0.05375856559714287,0.05375856559714287,0.05375856559714287,0.01930362573462274,0.0,0.0,0.0,0.0,0.0064528795918,0.006013161939615205,0.12985563017442855,0.13669013702571425,0.13875196684896784
chiplet_chiplet_30_chiplet,0.04818546488285714,0.04818546488285714,0.04818546488285714,0.04818546488285714,0.04818546488285714,0.04818546488285714,0.04818546488285714,0.04818546488285714,0.04818546488285714,0.04818546488285714,0.04818546488285714,0.04818546488285714,0.04818546488285714,0.04818546488285714,0.04818546488285714,0.04818546488285714,0.04818546488285714,0.04818546488285714,0.04818546488285714,0.04818546488285714,0.04818546488285714,0.04818546488285714,0.04818546488285714,0.04818546488285714,0.04818546488285714,0.04818546488285714,0.04818546488285714,0.04818546488285714,0.04818546488285714,0.04818546488285714,0.04818546488285714,0.04818546488285714,0.04818546488285714,0.04818546488285714,0.04818546488285714,0.04818546488285714,0.04818546488285714,0.04818546488285714,0.04818546488285714,0.04818546488285714,0.04818546488285714,0.04818546488285714,0.04818546488285714,0.04818546488285714,0.04818546488285714,0.04818546488285714,0.04818546488285714,0.04818546488285714,0.04818546488285714,0.04818546488285714,0.04818546488285714,0.04818546488285714,0.04818546488285714,0.04818546488285714,0.04818546488285714,0.04818546488285714,0.04818546488285714,0.04818546488285714,0.04818546488285714,0.04818546488285714,0.04818546488285714,0.04818546488285714,0.04818546488285714,0.04818546488285714,0.04818546488285714,0.04818546488285714,0.04818546488285714,0.04818546488285714,0.04818546488285714,0.04818546488285714,0.04818546488285714,0.04818546488285714,0.04818546488285714,0.04818546488285714,0.04818546488285714,0.04818546488285714,0.04818546488285714,0.04818546488285714,0.04818546488285714,0.04818546488285714,0.04818546488285714,0.04818546488285714,0.04818546488285714,0.04818546488285714,0.04818546488285714,0.04818546488285714,0.04818546488285714,0.04818546488285714,0.04818546488285714,0.04818546488285714,0.04818546488285714,0.04818546488285714,0.04818546488285714,0.04818546488285714,0.04818546488285714,0.04818546488285714,0.04818546488285714,0.04818546488285714,0.04818546488285714,0.04818546488285714,0.04818546488285714,0.04818546488285714,0.04818546488285714,0.04818546488285714,0.04818546488285714,0.04818546488285714,0.04818546488285714,0.04818546488285714,0.04818546488285714,0.04818546488285714,0.04818546488285714,0.04818546488285714,0.04818546488285714,0.04818546488285714,0.04818546488285714,0.04818546488285714,0.04818546488285714,0.04818546488285714,0.04818546488285714,0.04818546488285714,0.04818546488285714,0.04818546488285714,0.04818546488285714,0.04818546488285714,0.04818546488285714,0.04818546488285714,0.04818546488285714,0.04818546488285714,0.04818546488285714,0.04818546488285714,0.04818546488285714,0.04818546488285714,0.04818546488285714,0.017302436730136955,0.0,0.0,0.0,0.0,0.0060627625418,0.005649628580022389,0.1245611844958571,0.13111703631142851,0.13481612653726832
chiplet_chiplet_31_chiplet,0.04910119702571426,0.04822348273999999,0.04822348273999999,0.04822348273999999,0.04822348273999999,0.04822348273999999,0.04822348273999999,0.04822348273999999,0.04822348273999999,0.04822348273999999,0.04822348273999999,0.04822348273999999,0.04822348273999999,0.04822348273999999,0.04822348273999999,0.04822348273999999,0.04822348273999999,0.04822348273999999,0.04822348273999999,0.04822348273999999,0.04822348273999999,0.04822348273999999,0.04822348273999999,0.04822348273999999,0.04822348273999999,0.04822348273999999,0.04822348273999999,0.04822348273999999,0.04822348273999999,0.04822348273999999,0.04822348273999999,0.04822348273999999,0.04822348273999999,0.04822348273999999,0.04822348273999999,0.04822348273999999,0.04822348273999999,0.04822348273999999,0.04822348273999999,0.04822348273999999,0.04822348273999999,0.04822348273999999,0.04822348273999999,0.04822348273999999,0.04822348273999999,0.04822348273999999,0.04822348273999999,0.04822348273999999,0.04822348273999999,0.04822348273999999,0.04822348273999999,0.04822348273999999,0.04822348273999999,0.04822348273999999,0.04822348273999999,0.04822348273999999,0.04822348273999999,0.04822348273999999,0.04822348273999999,0.04822348273999999,0.04822348273999999,0.04822348273999999,0.04822348273999999,0.04822348273999999,0.04822348273999999,0.04822348273999999,0.04822348273999999,0.04822348273999999,0.04822348273999999,0.04822348273999999,0.04822348273999999,0.04822348273999999,0.04822348273999999,0.04822348273999999,0.04822348273999999,0.04822348273999999,0.04822348273999999,0.04822348273999999,0.04822348273999999,0.04822348273999999,0.04822348273999999,0.04822348273999999,0.04822348273999999,0.04822348273999999,0.04822348273999999,0.04822348273999999,0.04822348273999999,0.04822348273999999,0.04822348273999999,0.04822348273999999,0.04822348273999999,0.04822348273999999,0.04822348273999999,0.04822348273999999,0.04822348273999999,0.04822348273999999,0.04822348273999999,0.04822348273999999,0.04822348273999999,0.04822348273999999,0.04822348273999999,0.04822348273999999,0.04822348273999999,0.04822348273999999,0.04822348273999999,0.04822348273999999,0.04822348273999999,0.04822348273999999,0.04822348273999999,0.04822348273999999,0.04822348273999999,0.04822348273999999,0.04822348273999999,0.04822348273999999,0.04822348273999999,0.04822348273999999,0.04822348273999999,0.04822348273999999,0.04822348273999999,0.04822348273999999,0.04822348273999999,0.04822348273999999,0.04822348273999999,0.04822348273999999,0.04822348273999999,0.04822348273999999,0.04822348273999999,0.04822348273999999,0.04822348273999999,0.04822348273999999,0.04822348273999999,0.04822348273999999,0.04822348273999999,0.01731608818227981,0.0,0.0,0.0,0.0,0.0060627625418,0.005649628580022389,0.12460111774585712,0.13115907131142857,0.13485388217827815
chiplet_chiplet_32_chiplet,0.05467863059714287,0.053800916311428575,0.053800916311428575,0.053800916311428575,0.053800916311428575,0.053800916311428575,0.053800916311428575,0.053800916311428575,0.053800916311428575,0.053800916311428575,0.053800916311428575,0.053800916311428575,0.053800916311428575,0.053800916311428575,0.053800916311428575,0.053800916311428575,0.053800916311428575,0.053800916311428575,0.053800916311428575,0.053800916311428575,0.053800916311428575,0.053800916311428575,0.053800916311428575,0.053800916311428575,0.053800916311428575,0.053800916311428575,0.053800916311428575,0.053800916311428575,0.053800916311428575,0.053800916311428575,0.053800916311428575,0.053800916311428575,0.053800916311428575,0.053800916311428575,0.053800916311428575,0.053800916311428575,0.053800916311428575,0.053800916311428575,0.053800916311428575,0.053800916311428575,0.053800916311428575,0.053800916311428575,0.053800916311428575,0.053800916311428575,0.053800916311428575,0.053800916311428575,0.053800916311428575,0.053800916311428575,0.053800916311428575,0.053800916311428575,0.053800916311428575,0.053800916311428575,0.053800916311428575,0.053800916311428575,0.053800916311428575,0.053800916311428575,0.053800916311428575,0.053800916311428575,0.053800916311428575,0.053800916311428575,0.053800916311428575,0.053800916311428575,0.053800916311428575,0.053800916311428575,0.053800916311428575,0.053800916311428575,0.053800916311428575,0.053800916311428575,0.053800916311428575,0.053800916311428575,0.053800916311428575,0.053800916311428575,0.053800916311428575,0.053800916311428575,0.053800916311428575,0.053800916311428575,0.053800916311428575,0.053800916311428575,0.053800916311428575,0.053800916311428575,0.053800916311428575,0.053800916311428575,0.053800916311428575,0.053800916311428575,0.053800916311428575,0.053800916311428575,0.053800916311428575,0.053800916311428575,0.053800916311428575,0.053800916311428575,0.053800916311428575,0.053800916311428575,0.053800916311428575,0.053800916311428575,0.053800916311428575,0.053800916311428575,0.053800916311428575,0.053800916311428575,0.053800916311428575,0.053800916311428575,0.053800916311428575,0.053800916311428575,0.053800916311428575,0.053800916311428575,0.053800916311428575,0.053800916311428575,0.053800916311428575,0.053800916311428575,0.053800916311428575,0.053800916311428575,0.053800916311428575,0.053800916311428575,0.053800916311428575,0.053800916311428575,0.053800916311428575,0.053800916311428575,0.053800916311428575,0.053800916311428575,0.053800916311428575,0.053800916311428575,0.053800916311428575,0.053800916311428575,0.053800916311428575,0.053800916311428575,0.053800916311428575,0.053800916311428575,0.053800916311428575,0.053800916311428575,0.053800916311428575,0.053800916311428575,0.053800916311428575,0.053800916311428575,0.053800916311428575,0.019318833029108456,0.0,0.0,0.0,0.0,0.0064528795918,0.006013161939615205,0.1299001179958571,0.13673696631142854,0.1387949703022437
chiplet_chiplet_33_chiplet,0.05409388631142859,0.05377400059714287,0.05377400059714287,0.05377400059714287,0.05377400059714287,0.05377400059714287,0.05377400059714287,0.05377400059714287,0.05377400059714287,0.05377400059714287,0.05377400059714287,0.05377400059714287,0.05377400059714287,0.05377400059714287,0.05377400059714287,0.05377400059714287,0.05377400059714287,0.05377400059714287,0.05377400059714287,0.05377400059714287,0.05377400059714287,0.05377400059714287,0.05377400059714287,0.05377400059714287,0.05377400059714287,0.05377400059714287,0.05377400059714287,0.05377400059714287,0.05377400059714287,0.05377400059714287,0.05377400059714287,0.05377400059714287,0.05377400059714287,0.05377400059714287,0.05377400059714287,0.05377400059714287,0.05377400059714287,0.05377400059714287,0.05377400059714287,0.05377400059714287,0.05377400059714287,0.05377400059714287,0.05377400059714287,0.05377400059714287,0.05377400059714287,0.05377400059714287,0.05377400059714287,0.05377400059714287,0.05377400059714287,0.05377400059714287,0.05377400059714287,0.05377400059714287,0.05377400059714287,0.05377400059714287,0.05377400059714287,0.05377400059714287,0.05377400059714287,0.05377400059714287,0.05377400059714287,0.05377400059714287,0.05377400059714287,0.05377400059714287,0.05377400059714287,0.05377400059714287,0.05377400059714287,0.05377400059714287,0.05377400059714287,0.05377400059714287,0.05377400059714287,0.05377400059714287,0.05377400059714287,0.05377400059714287,0.05377400059714287,0.05377400059714287,0.05377400059714287,0.05377400059714287,0.05377400059714287,0.05377400059714287,0.05377400059714287,0.05377400059714287,0.05377400059714287,0.05377400059714287,0.05377400059714287,0.05377400059714287,0.05377400059714287,0.05377400059714287,0.05377400059714287,0.05377400059714287,0.05377400059714287,0.05377400059714287,0.05377400059714287,0.05377400059714287,0.05377400059714287,0.05377400059714287,0.05377400059714287,0.05377400059714287,0.05377400059714287,0.05377400059714287,0.05377400059714287,0.05377400059714287,0.05377400059714287,0.05377400059714287,0.05377400059714287,0.05377400059714287,0.05377400059714287,0.05377400059714287,0.05377400059714287,0.05377400059714287,0.05377400059714287,0.05377400059714287,0.05377400059714287,0.05377400059714287,0.05377400059714287,0.05377400059714287,0.05377400059714287,0.05377400059714287,0.05377400059714287,0.05377400059714287,0.05377400059714287,0.05377400059714287,0.05377400059714287,0.05377400059714287,0.05377400059714287,0.05377400059714287,0.05377400059714287,0.05377400059714287,0.05377400059714287,0.05377400059714287,0.05377400059714287,0.05377400059714287,0.05377400059714287,0.05377400059714287,0.05377400059714287,0.01930916813442274,0.0,0.0,0.0,0.0,0.0064528795918,0.006013161939615205,0.1299001179958571,0.13673696631142854,0.13880024243721906
chiplet_chiplet_34_chiplet,0.05467863059714287,0.053800916311428575,0.053800916311428575,0.053800916311428575,0.053800916311428575,0.053800916311428575,0.053800916311428575,0.053800916311428575,0.053800916311428575,0.053800916311428575,0.053800916311428575,0.053800916311428575,0.053800916311428575,0.053800916311428575,0.053800916311428575,0.053800916311428575,0.053800916311428575,0.053800916311428575,0.053800916311428575,0.053800916311428575,0.053800916311428575,0.053800916311428575,0.053800916311428575,0.053800916311428575,0.053800916311428575,0.053800916311428575,0.053800916311428575,0.053800916311428575,0.053800916311428575,0.053800916311428575,0.053800916311428575,0.053800916311428575,0.053800916311428575,0.053800916311428575,0.053800916311428575,0.053800916311428575,0.053800916311428575,0.053800916311428575,0.053800916311428575,0.053800916311428575,0.053800916311428575,0.053800916311428575,0.053800916311428575,0.053800916311428575,0.053800916311428575,0.053800916311428575,0.053800916311428575,0.053800916311428575,0.053800916311428575,0.053800916311428575,0.053800916311428575,0.053800916311428575,0.053800916311428575,0.053800916311428575,0.053800916311428575,0.053800916311428575,0.053800916311428575,0.053800916311428575,0.053800916311428575,0.053800916311428575,0.053800916311428575,0.053800916311428575,0.053800916311428575,0.053800916311428575,0.053800916311428575,0.053800916311428575,0.053800916311428575,0.053800916311428575,0.053800916311428575,0.053800916311428575,0.053800916311428575,0.053800916311428575,0.053800916311428575,0.053800916311428575,0.053800916311428575,0.053800916311428575,0.053800916311428575,0.053800916311428575,0.053800916311428575,0.053800916311428575,0.053800916311428575,0.053800916311428575,0.053800916311428575,0.053800916311428575,0.053800916311428575,0.053800916311428575,0.053800916311428575,0.053800916311428575,0.053800916311428575,0.053800916311428575,0.053800916311428575,0.053800916311428575,0.053800916311428575,0.053800916311428575,0.053800916311428575,0.053800916311428575,0.053800916311428575,0.053800916311428575,0.053800916311428575,0.053800916311428575,0.053800916311428575,0.053800916311428575,0.053800916311428575,0.053800916311428575,0.053800916311428575,0.053800916311428575,0.053800916311428575,0.053800916311428575,0.053800916311428575,0.053800916311428575,0.053800916311428575,0.053800916311428575,0.053800916311428575,0.053800916311428575,0.053800916311428575,0.053800916311428575,0.053800916311428575,0.053800916311428575,0.053800916311428575,0.053800916311428575,0.053800916311428575,0.053800916311428575,0.053800916311428575,0.053800916311428575,0.053800916311428575,0.053800916311428575,0.053800916311428575,0.053800916311428575,0.053800916311428575,0.053800916311428575,0.053800916311428575,0.053800916311428575,0.053800916311428575,0.019318833029108456,0.0,0.0,0.0,0.0,0.0064528795918,0.006013161939615205,0.12985563017442855,0.13669013702571425,0.13880812348133234
chiplet_chiplet_35_chiplet,0.05375856559714287,0.05375856559714287,0.05375856559714287,0.05375856559714287,0.05375856559714287,0.05375856559714287,0.05375856559714287,0.05375856559714287,0.05375856559714287,0.05375856559714287,0.05375856559714287,0.05375856559714287,0.05375856559714287,0.05375856559714287,0.05375856559714287,0.05375856559714287,0.05375856559714287,0.05375856559714287,0.05375856559714287,0.05375856559714287,0.05375856559714287,0.05375856559714287,0.05375856559714287,0.05375856559714287,0.05375856559714287,0.05375856559714287,0.05375856559714287,0.05375856559714287,0.05375856559714287,0.05375856559714287,0.05375856559714287,0.05375856559714287,0.05375856559714287,0.05375856559714287,0.05375856559714287,0.05375856559714287,0.05375856559714287,0.05375856559714287,0.05375856559714287,0.05375856559714287,0.05375856559714287,0.05375856559714287,0.05375856559714287,0.05375856559714287,0.05375856559714287,0.05375856559714287,0.05375856559714287,0.05375856559714287,0.05375856559714287,0.05375856559714287,0.05375856559714287,0.05375856559714287,0.05375856559714287,0.05375856559714287,0.05375856559714287,0.05375856559714287,0.05375856559714287,0.05375856559714287,0.05375856559714287,0.05375856559714287,0.05375856559714287,0.05375856559714287,0.05375856559714287,0.05375856559714287,0.05375856559714287,0.05375856559714287,0.05375856559714287,0.05375856559714287,0.05375856559714287,0.05375856559714287,0.05375856559714287,0.05375856559714287,0.05375856559714287,0.05375856559714287,0.05375856559714287,0.05375856559714287,0.05375856559714287,0.05375856559714287,0.05375856559714287,0.05375856559714287,0.05375856559714287,0.05375856559714287,0.05375856559714287,0.05375856559714287,0.05375856559714287,0.05375856559714287,0.05375856559714287,0.05375856559714287,0.05375856559714287,0.05375856559714287,0.05375856559714287,0.05375856559714287,0.05375856559714287,0.05375856559714287,0.05375856559714287,0.05375856559714287,0.05375856559714287,0.05375856559714287,0.05375856559714287,0.05375856559714287,0.05375856559714287,0.05375856559714287,0.05375856559714287,0.05375856559714287,0.05375856559714287,0.05375856559714287,0.05375856559714287,0.05375856559714287,0.05375856559714287,0.05375856559714287,0.05375856559714287,0.05375856559714287,0.05375856559714287,0.05375856559714287,0.05375856559714287,0.05375856559714287,0.05375856559714287,0.05375856559714287,0.05375856559714287,0.05375856559714287,0.05375856559714287,0.05375856559714287,0.05375856559714287,0.05375856559714287,0.05375856559714287,0.05375856559714287,0.05375856559714287,0.05375856559714287,0.05375856559714287,0.05375856559714287,0.05375856559714287,0.05375856559714287,0.05375856559714287,0.01930362573462274,0.0,0.0,0.0,0.0,0.0064528795918,0.006013161939615205,0.12985563017442855,0.13669013702571425,0.13877692133404174
chiplet_chiplet_36_chiplet,0.05375856559714287,0.05375856559714287,0.05375856559714287,0.05375856559714287,0.05375856559714287,0.05375856559714287,0.05375856559714287,0.05375856559714287,0.05375856559714287,0.05375856559714287,0.05375856559714287,0.05375856559714287,0.05375856559714287,0.05375856559714287,0.05375856559714287,0.05375856559714287,0.05375856559714287,0.05375856559714287,0.05375856559714287,0.05375856559714287,0.05375856559714287,0.05375856559714287,0.05375856559714287,0.05375856559714287,0.05375856559714287,0.05375856559714287,0.05375856559714287,0.05375856559714287,0.05375856559714287,0.05375856559714287,0.05375856559714287,0.05375856559714287,0.05375856559714287,0.05375856559714287,0.05375856559714287,0.05375856559714287,0.05375856559714287,0.05375856559714287,0.05375856559714287,0.05375856559714287,0.05375856559714287,0.05375856559714287,0.05375856559714287,0.05375856559714287,0.05375856559714287,0.05375856559714287,0.05375856559714287,0.05375856559714287,0.05375856559714287,0.05375856559714287,0.05375856559714287,0.05375856559714287,0.05375856559714287,0.05375856559714287,0.05375856559714287,0.05375856559714287,0.05375856559714287,0.05375856559714287,0.05375856559714287,0.05375856559714287,0.05375856559714287,0.05375856559714287,0.05375856559714287,0.05375856559714287,0.05375856559714287,0.05375856559714287,0.05375856559714287,0.05375856559714287,0.05375856559714287,0.05375856559714287,0.05375856559714287,0.05375856559714287,0.05375856559714287,0.05375856559714287,0.05375856559714287,0.05375856559714287,0.05375856559714287,0.05375856559714287,0.05375856559714287,0.05375856559714287,0.05375856559714287,0.05375856559714287,0.05375856559714287,0.05375856559714287,0.05375856559714287,0.05375856559714287,0.05375856559714287,0.05375856559714287,0.05375856559714287,0.05375856559714287,0.05375856559714287,0.05375856559714287,0.05375856559714287,0.05375856559714287,0.05375856559714287,0.05375856559714287,0.05375856559714287,0.05375856559714287,0.05375856559714287,0.05375856559714287,0.05375856559714287,0.05375856559714287,0.05375856559714287,0.05375856559714287,0.05375856559714287,0.05375856559714287,0.05375856559714287,0.05375856559714287,0.05375856559714287,0.05375856559714287,0.05375856559714287,0.05375856559714287,0.05375856559714287,0.05375856559714287,0.05375856559714287,0.05375856559714287,0.05375856559714287,0.05375856559714287,0.05375856559714287,0.05375856559714287,0.05375856559714287,0.05375856559714287,0.05375856559714287,0.05375856559714287,0.05375856559714287,0.05375856559714287,0.05375856559714287,0.05375856559714287,0.05375856559714287,0.05375856559714287,0.05375856559714287,0.05375856559714287,0.05375856559714287,0.01930362573462274,0.0,0.0,0.0,0.0,0.0064528795918,0.006013161939615205,0.12985563017442855,0.13669013702571425,0.1387721030709875
chiplet_chiplet_37_chiplet,0.05375856559714287,0.05375856559714287,0.05375856559714287,0.05375856559714287,0.05375856559714287,0.05375856559714287,0.05375856559714287,0.05375856559714287,0.05375856559714287,0.05375856559714287,0.05375856559714287,0.05375856559714287,0.05375856559714287,0.05375856559714287,0.05375856559714287,0.05375856559714287,0.05375856559714287,0.05375856559714287,0.05375856559714287,0.05375856559714287,0.05375856559714287,0.05375856559714287,0.05375856559714287,0.05375856559714287,0.05375856559714287,0.05375856559714287,0.05375856559714287,0.05375856559714287,0.05375856559714287,0.05375856559714287,0.05375856559714287,0.05375856559714287,0.05375856559714287,0.05375856559714287,0.05375856559714287,0.05375856559714287,0.05375856559714287,0.05375856559714287,0.05375856559714287,0.05375856559714287,0.05375856559714287,0.05375856559714287,0.05375856559714287,0.05375856559714287,0.05375856559714287,0.05375856559714287,0.05375856559714287,0.05375856559714287,0.05375856559714287,0.05375856559714287,0.05375856559714287,0.05375856559714287,0.05375856559714287,0.05375856559714287,0.05375856559714287,0.05375856559714287,0.05375856559714287,0.05375856559714287,0.05375856559714287,0.05375856559714287,0.05375856559714287,0.05375856559714287,0.05375856559714287,0.05375856559714287,0.05375856559714287,0.05375856559714287,0.05375856559714287,0.05375856559714287,0.05375856559714287,0.05375856559714287,0.05375856559714287,0.05375856559714287,0.05375856559714287,0.05375856559714287,0.05375856559714287,0.05375856559714287,0.05375856559714287,0.05375856559714287,0.05375856559714287,0.05375856559714287,0.05375856559714287,0.05375856559714287,0.05375856559714287,0.05375856559714287,0.05375856559714287,0.05375856559714287,0.05375856559714287,0.05375856559714287,0.05375856559714287,0.05375856559714287,0.05375856559714287,0.05375856559714287,0.05375856559714287,0.05375856559714287,0.05375856559714287,0.05375856559714287,0.05375856559714287,0.05375856559714287,0.05375856559714287,0.05375856559714287,0.05375856559714287,0.05375856559714287,0.05375856559714287,0.05375856559714287,0.05375856559714287,0.05375856559714287,0.05375856559714287,0.05375856559714287,0.05375856559714287,0.05375856559714287,0.05375856559714287,0.05375856559714287,0.05375856559714287,0.05375856559714287,0.05375856559714287,0.05375856559714287,0.05375856559714287,0.05375856559714287,0.05375856559714287,0.05375856559714287,0.05375856559714287,0.05375856559714287,0.05375856559714287,0.05375856559714287,0.05375856559714287,0.05375856559714287,0.05375856559714287,0.05375856559714287,0.05375856559714287,0.05375856559714287,0.05375856559714287,0.05375856559714287,0.05375856559714287,0.01930362573462274,0.0,0.0,0.0,0.0,0.0064528795918,0.006013161939615205,0.12985563017442855,0.13669013702571425,0.13876246654487914
chiplet_chiplet_38_chiplet,0.05375856559714287,0.05375856559714287,0.05375856559714287,0.05375856559714287,0.05375856559714287,0.05375856559714287,0.05375856559714287,0.05375856559714287,0.05375856559714287,0.05375856559714287,0.05375856559714287,0.05375856559714287,0.05375856559714287,0.05375856559714287,0.05375856559714287,0.05375856559714287,0.05375856559714287,0.05375856559714287,0.05375856559714287,0.05375856559714287,0.05375856559714287,0.05375856559714287,0.05375856559714287,0.05375856559714287,0.05375856559714287,0.05375856559714287,0.05375856559714287,0.05375856559714287,0.05375856559714287,0.05375856559714287,0.05375856559714287,0.05375856559714287,0.05375856559714287,0.05375856559714287,0.05375856559714287,0.05375856559714287,0.05375856559714287,0.05375856559714287,0.05375856559714287,0.05375856559714287,0.05375856559714287,0.05375856559714287,0.05375856559714287,0.05375856559714287,0.05375856559714287,0.05375856559714287,0.05375856559714287,0.05375856559714287,0.05375856559714287,0.05375856559714287,0.05375856559714287,0.05375856559714287,0.05375856559714287,0.05375856559714287,0.05375856559714287,0.05375856559714287,0.05375856559714287,0.05375856559714287,0.05375856559714287,0.05375856559714287,0.05375856559714287,0.05375856559714287,0.05375856559714287,0.05375856559714287,0.05375856559714287,0.05375856559714287,0.05375856559714287,0.05375856559714287,0.05375856559714287,0.05375856559714287,0.05375856559714287,0.05375856559714287,0.05375856559714287,0.05375856559714287,0.05375856559714287,0.05375856559714287,0.05375856559714287,0.05375856559714287,0.05375856559714287,0.05375856559714287,0.05375856559714287,0.05375856559714287,0.05375856559714287,0.05375856559714287,0.05375856559714287,0.05375856559714287,0.05375856559714287,0.05375856559714287,0.05375856559714287,0.05375856559714287,0.05375856559714287,0.05375856559714287,0.05375856559714287,0.05375856559714287,0.05375856559714287,0.05375856559714287,0.05375856559714287,0.05375856559714287,0.05375856559714287,0.05375856559714287,0.05375856559714287,0.05375856559714287,0.05375856559714287,0.05375856559714287,0.05375856559714287,0.05375856559714287,0.05375856559714287,0.05375856559714287,0.05375856559714287,0.05375856559714287,0.05375856559714287,0.05375856559714287,0.05375856559714287,0.05375856559714287,0.05375856559714287,0.05375856559714287,0.05375856559714287,0.05375856559714287,0.05375856559714287,0.05375856559714287,0.05375856559714287,0.05375856559714287,0.05375856559714287,0.05375856559714287,0.05375856559714287,0.05375856559714287,0.05375856559714287,0.05375856559714287,0.05375856559714287,0.05375856559714287,0.05375856559714287,0.05375856559714287,0.05375856559714287,0.01930362573462274,0.0,0.0,0.0,0.0,0.0064528795918,0.006013161939615205,0.12985563017442855,0.13669013702571425,0.13875283001877078
chiplet_chiplet_39_chiplet,0.05375856559714287,0.05375856559714287,0.05375856559714287,0.05375856559714287,0.05375856559714287,0.05375856559714287,0.05375856559714287,0.05375856559714287,0.05375856559714287,0.05375856559714287,0.05375856559714287,0.05375856559714287,0.05375856559714287,0.05375856559714287,0.05375856559714287,0.05375856559714287,0.05375856559714287,0.05375856559714287,0.05375856559714287,0.05375856559714287,0.05375856559714287,0.05375856559714287,0.05375856559714287,0.05375856559714287,0.05375856559714287,0.05375856559714287,0.05375856559714287,0.05375856559714287,0.05375856559714287,0.05375856559714287,0.05375856559714287,0.05375856559714287,0.05375856559714287,0.05375856559714287,0.05375856559714287,0.05375856559714287,0.05375856559714287,0.05375856559714287,0.05375856559714287,0.05375856559714287,0.05375856559714287,0.05375856559714287,0.05375856559714287,0.05375856559714287,0.05375856559714287,0.05375856559714287,0.05375856559714287,0.05375856559714287,0.05375856559714287,0.05375856559714287,0.05375856559714287,0.05375856559714287,0.05375856559714287,0.05375856559714287,0.05375856559714287,0.05375856559714287,0.05375856559714287,0.05375856559714287,0.05375856559714287,0.05375856559714287,0.05375856559714287,0.05375856559714287,0.05375856559714287,0.05375856559714287,0.05375856559714287,0.05375856559714287,0.05375856559714287,0.05375856559714287,0.05375856559714287,0.05375856559714287,0.05375856559714287,0.05375856559714287,0.05375856559714287,0.05375856559714287,0.05375856559714287,0.05375856559714287,0.05375856559714287,0.05375856559714287,0.05375856559714287,0.05375856559714287,0.05375856559714287,0.05375856559714287,0.05375856559714287,0.05375856559714287,0.05375856559714287,0.05375856559714287,0.05375856559714287,0.05375856559714287,0.05375856559714287,0.05375856559714287,0.05375856559714287,0.05375856559714287,0.05375856559714287,0.05375856559714287,0.05375856559714287,0.05375856559714287,0.05375856559714287,0.05375856559714287,0.05375856559714287,0.05375856559714287,0.05375856559714287,0.05375856559714287,0.05375856559714287,0.05375856559714287,0.05375856559714287,0.05375856559714287,0.05375856559714287,0.05375856559714287,0.05375856559714287,0.05375856559714287,0.05375856559714287,0.05375856559714287,0.05375856559714287,0.05375856559714287,0.05375856559714287,0.05375856559714287,0.05375856559714287,0.05375856559714287,0.05375856559714287,0.05375856559714287,0.05375856559714287,0.05375856559714287,0.05375856559714287,0.05375856559714287,0.05375856559714287,0.05375856559714287,0.05375856559714287,0.05375856559714287,0.05375856559714287,0.05375856559714287,0.05375856559714287,0.05375856559714287,0.05375856559714287,0.01930362573462274,0.0,0.0,0.0,0.0,0.0064528795918,0.006013161939615205,0.12985563017442855,0.13669013702571425,0.13874332014551957
chiplet_chiplet_40_chiplet,0.04818546488285714,0.04818546488285714,0.04818546488285714,0.04818546488285714,0.04818546488285714,0.04818546488285714,0.04818546488285714,0.04818546488285714,0.04818546488285714,0.04818546488285714,0.04818546488285714,0.04818546488285714,0.04818546488285714,0.04818546488285714,0.04818546488285714,0.04818546488285714,0.04818546488285714,0.04818546488285714,0.04818546488285714,0.04818546488285714,0.04818546488285714,0.04818546488285714,0.04818546488285714,0.04818546488285714,0.04818546488285714,0.04818546488285714,0.04818546488285714,0.04818546488285714,0.04818546488285714,0.04818546488285714,0.04818546488285714,0.04818546488285714,0.04818546488285714,0.04818546488285714,0.04818546488285714,0.04818546488285714,0.04818546488285714,0.04818546488285714,0.04818546488285714,0.04818546488285714,0.04818546488285714,0.04818546488285714,0.04818546488285714,0.04818546488285714,0.04818546488285714,0.04818546488285714,0.04818546488285714,0.04818546488285714,0.04818546488285714,0.04818546488285714,0.04818546488285714,0.04818546488285714,0.04818546488285714,0.04818546488285714,0.04818546488285714,0.04818546488285714,0.04818546488285714,0.04818546488285714,0.04818546488285714,0.04818546488285714,0.04818546488285714,0.04818546488285714,0.04818546488285714,0.04818546488285714,0.04818546488285714,0.04818546488285714,0.04818546488285714,0.04818546488285714,0.04818546488285714,0.04818546488285714,0.04818546488285714,0.04818546488285714,0.04818546488285714,0.04818546488285714,0.04818546488285714,0.04818546488285714,0.04818546488285714,0.04818546488285714,0.04818546488285714,0.04818546488285714,0.04818546488285714,0.04818546488285714,0.04818546488285714,0.04818546488285714,0.04818546488285714,0.04818546488285714,0.04818546488285714,0.04818546488285714,0.04818546488285714,0.04818546488285714,0.04818546488285714,0.04818546488285714,0.04818546488285714,0.04818546488285714,0.04818546488285714,0.04818546488285714,0.04818546488285714,0.04818546488285714,0.04818546488285714,0.04818546488285714,0.04818546488285714,0.04818546488285714,0.04818546488285714,0.04818546488285714,0.04818546488285714,0.04818546488285714,0.04818546488285714,0.04818546488285714,0.04818546488285714,0.04818546488285714,0.04818546488285714,0.04818546488285714,0.04818546488285714,0.04818546488285714,0.04818546488285714,0.04818546488285714,0.04818546488285714,0.04818546488285714,0.04818546488285714,0.04818546488285714,0.04818546488285714,0.04818546488285714,0.04818546488285714,0.04818546488285714,0.04818546488285714,0.04818546488285714,0.04818546488285714,0.04818546488285714,0.04818546488285714,0.04818546488285714,0.04818546488285714,0.04818546488285714,0.04818546488285714,0.017302436730136955,0.0,0.0,0.0,0.0,0.0060627625418,0.005649628580022389,0.1245611844958571,0.13111703631142851,0.13481612653726832
chiplet_chiplet_41_chiplet,0.04818546488285714,0.04818546488285714,0.04818546488285714,0.04818546488285714,0.04818546488285714,0.04818546488285714,0.04818546488285714,0.04818546488285714,0.04818546488285714,0.04818546488285714,0.04818546488285714,0.04818546488285714,0.04818546488285714,0.04818546488285714,0.04818546488285714,0.04818546488285714,0.04818546488285714,0.04818546488285714,0.04818546488285714,0.04818546488285714,0.04818546488285714,0.04818546488285714,0.04818546488285714,0.04818546488285714,0.04818546488285714,0.04818546488285714,0.04818546488285714,0.04818546488285714,0.04818546488285714,0.04818546488285714,0.04818546488285714,0.04818546488285714,0.04818546488285714,0.04818546488285714,0.04818546488285714,0.04818546488285714,0.04818546488285714,0.04818546488285714,0.04818546488285714,0.04818546488285714,0.04818546488285714,0.04818546488285714,0.04818546488285714,0.04818546488285714,0.04818546488285714,0.04818546488285714,0.04818546488285714,0.04818546488285714,0.04818546488285714,0.04818546488285714,0.04818546488285714,0.04818546488285714,0.04818546488285714,0.04818546488285714,0.04818546488285714,0.04818546488285714,0.04818546488285714,0.04818546488285714,0.04818546488285714,0.04818546488285714,0.04818546488285714,0.04818546488285714,0.04818546488285714,0.04818546488285714,0.04818546488285714,0.04818546488285714,0.04818546488285714,0.04818546488285714,0.04818546488285714,0.04818546488285714,0.04818546488285714,0.04818546488285714,0.04818546488285714,0.04818546488285714,0.04818546488285714,0.04818546488285714,0.04818546488285714,0.04818546488285714,0.04818546488285714,0.04818546488285714,0.04818546488285714,0.04818546488285714,0.04818546488285714,0.04818546488285714,0.04818546488285714,0.04818546488285714,0.04818546488285714,0.04818546488285714,0.04818546488285714,0.04818546488285714,0.04818546488285714,0.04818546488285714,0.04818546488285714,0.04818546488285714,0.04818546488285714,0.04818546488285714,0.04818546488285714,0.04818546488285714,0.04818546488285714,0.04818546488285714,0.04818546488285714,0.04818546488285714,0.04818546488285714,0.04818546488285714,0.04818546488285714,0.04818546488285714,0.04818546488285714,0.04818546488285714,0.04818546488285714,0.04818546488285714,0.04818546488285714,0.04818546488285714,0.04818546488285714,0.04818546488285714,0.04818546488285714,0.04818546488285714,0.04818546488285714,0.04818546488285714,0.04818546488285714,0.04818546488285714,0.04818546488285714,0.04818546488285714,0.04818546488285714,0.04818546488285714,0.04818546488285714,0.04818546488285714,0.04818546488285714,0.04818546488285714,0.04818546488285714,0.04818546488285714,0.04818546488285714,0.04818546488285714,0.04818546488285714,0.017302436730136955,0.0,0.0,0.0,0.0,0.0060627625418,0.005649628580022389,0.1245611844958571,0.13111703631142851,0.13481612653726832
chiplet_chiplet_42_chiplet,0.05375856559714287,0.05375856559714287,0.05375856559714287,0.05375856559714287,0.05375856559714287,0.05375856559714287,0.05375856559714287,0.05375856559714287,0.05375856559714287,0.05375856559714287,0.05375856559714287,0.05375856559714287,0.05375856559714287,0.05375856559714287,0.05375856559714287,0.05375856559714287,0.05375856559714287,0.05375856559714287,0.05375856559714287,0.05375856559714287,0.05375856559714287,0.05375856559714287,0.05375856559714287,0.05375856559714287,0.05375856559714287,0.05375856559714287,0.05375856559714287,0.05375856559714287,0.05375856559714287,0.05375856559714287,0.05375856559714287,0.05375856559714287,0.05375856559714287,0.05375856559714287,0.05375856559714287,0.05375856559714287,0.05375856559714287,0.05375856559714287,0.05375856559714287,0.05375856559714287,0.05375856559714287,0.05375856559714287,0.05375856559714287,0.05375856559714287,0.05375856559714287,0.05375856559714287,0.05375856559714287,0.05375856559714287,0.05375856559714287,0.05375856559714287,0.05375856559714287,0.05375856559714287,0.05375856559714287,0.05375856559714287,0.05375856559714287,0.05375856559714287,0.05375856559714287,0.05375856559714287,0.05375856559714287,0.05375856559714287,0.05375856559714287,0.05375856559714287,0.05375856559714287,0.05375856559714287,0.05375856559714287,0.05375856559714287,0.05375856559714287,0.05375856559714287,0.05375856559714287,0.05375856559714287,0.05375856559714287,0.05375856559714287,0.05375856559714287,0.05375856559714287,0.05375856559714287,0.05375856559714287,0.05375856559714287,0.05375856559714287,0.05375856559714287,0.05375856559714287,0.05375856559714287,0.05375856559714287,0.05375856559714287,0.05375856559714287,0.05375856559714287,0.05375856559714287,0.05375856559714287,0.05375856559714287,0.05375856559714287,0.05375856559714287,0.05375856559714287,0.05375856559714287,0.05375856559714287,0.05375856559714287,0.05375856559714287,0.05375856559714287,0.05375856559714287,0.05375856559714287,0.05375856559714287,0.05375856559714287,0.05375856559714287,0.05375856559714287,0.05375856559714287,0.05375856559714287,0.05375856559714287,0.05375856559714287,0.05375856559714287,0.05375856559714287,0.05375856559714287,0.05375856559714287,0.05375856559714287,0.05375856559714287,0.05375856559714287,0.05375856559714287,0.05375856559714287,0.05375856559714287,0.05375856559714287,0.05375856559714287,0.05375856559714287,0.05375856559714287,0.05375856559714287,0.05375856559714287,0.05375856559714287,0.05375856559714287,0.05375856559714287,0.05375856559714287,0.05375856559714287,0.05375856559714287,0.05375856559714287,0.05375856559714287,0.05375856559714287,0.05375856559714287,0.05375856559714287,0.01930362573462274,0.0,0.0,0.0,0.0,0.0064528795918,0.006013161939615205,0.12985563017442855,0.13669013702571425,0.13873862856069197
chiplet_chiplet_43_chiplet,0.05375856559714287,0.05375856559714287,0.05375856559714287,0.05375856559714287,0.05375856559714287,0.05375856559714287,0.05375856559714287,0.05375856559714287,0.05375856559714287,0.05375856559714287,0.05375856559714287,0.05375856559714287,0.05375856559714287,0.05375856559714287,0.05375856559714287,0.05375856559714287,0.05375856559714287,0.05375856559714287,0.05375856559714287,0.05375856559714287,0.05375856559714287,0.05375856559714287,0.05375856559714287,0.05375856559714287,0.05375856559714287,0.05375856559714287,0.05375856559714287,0.05375856559714287,0.05375856559714287,0.05375856559714287,0.05375856559714287,0.05375856559714287,0.05375856559714287,0.05375856559714287,0.05375856559714287,0.05375856559714287,0.05375856559714287,0.05375856559714287,0.05375856559714287,0.05375856559714287,0.05375856559714287,0.05375856559714287,0.05375856559714287,0.05375856559714287,0.05375856559714287,0.05375856559714287,0.05375856559714287,0.05375856559714287,0.05375856559714287,0.05375856559714287,0.05375856559714287,0.05375856559714287,0.05375856559714287,0.05375856559714287,0.05375856559714287,0.05375856559714287,0.05375856559714287,0.05375856559714287,0.05375856559714287,0.05375856559714287,0.05375856559714287,0.05375856559714287,0.05375856559714287,0.05375856559714287,0.05375856559714287,0.05375856559714287,0.05375856559714287,0.05375856559714287,0.05375856559714287,0.05375856559714287,0.05375856559714287,0.05375856559714287,0.05375856559714287,0.05375856559714287,0.05375856559714287,0.05375856559714287,0.05375856559714287,0.05375856559714287,0.05375856559714287,0.05375856559714287,0.05375856559714287,0.05375856559714287,0.05375856559714287,0.05375856559714287,0.05375856559714287,0.05375856559714287,0.05375856559714287,0.05375856559714287,0.05375856559714287,0.05375856559714287,0.05375856559714287,0.05375856559714287,0.05375856559714287,0.05375856559714287,0.05375856559714287,0.05375856559714287,0.05375856559714287,0.05375856559714287,0.05375856559714287,0.05375856559714287,0.05375856559714287,0.05375856559714287,0.05375856559714287,0.05375856559714287,0.05375856559714287,0.05375856559714287,0.05375856559714287,0.05375856559714287,0.05375856559714287,0.05375856559714287,0.05375856559714287,0.05375856559714287,0.05375856559714287,0.05375856559714287,0.05375856559714287,0.05375856559714287,0.05375856559714287,0.05375856559714287,0.05375856559714287,0.05375856559714287,0.05375856559714287,0.05375856559714287,0.05375856559714287,0.05375856559714287,0.05375856559714287,0.05375856559714287,0.05375856559714287,0.05375856559714287,0.05375856559714287,0.05375856559714287,0.05375856559714287,0.05375856559714287,0.05375856559714287,0.01930362573462274,0.0,0.0,0.0,0.0,0.0064528795918,0.006013161939615205,0.12985563017442855,0.13669013702571425,0.13873862856069197
chiplet_chiplet_44_chiplet,0.05375856559714287,0.05375856559714287,0.05375856559714287,0.05375856559714287,0.05375856559714287,0.05375856559714287,0.05375856559714287,0.05375856559714287,0.05375856559714287,0.05375856559714287,0.05375856559714287,0.05375856559714287,0.05375856559714287,0.05375856559714287,0.05375856559714287,0.05375856559714287,0.05375856559714287,0.05375856559714287,0.05375856559714287,0.05375856559714287,0.05375856559714287,0.05375856559714287,0.05375856559714287,0.05375856559714287,0.05375856559714287,0.05375856559714287,0.05375856559714287,0.05375856559714287,0.05375856559714287,0.05375856559714287,0.05375856559714287,0.05375856559714287,0.05375856559714287,0.05375856559714287,0.05375856559714287,0.05375856559714287,0.05375856559714287,0.05375856559714287,0.05375856559714287,0.05375856559714287,0.05375856559714287,0.05375856559714287,0.05375856559714287,0.05375856559714287,0.05375856559714287,0.05375856559714287,0.05375856559714287,0.05375856559714287,0.05375856559714287,0.05375856559714287,0.05375856559714287,0.05375856559714287,0.05375856559714287,0.05375856559714287,0.05375856559714287,0.05375856559714287,0.05375856559714287,0.05375856559714287,0.05375856559714287,0.05375856559714287,0.05375856559714287,0.05375856559714287,0.05375856559714287,0.05375856559714287,0.05375856559714287,0.05375856559714287,0.05375856559714287,0.05375856559714287,0.05375856559714287,0.05375856559714287,0.05375856559714287,0.05375856559714287,0.05375856559714287,0.05375856559714287,0.05375856559714287,0.05375856559714287,0.05375856559714287,0.05375856559714287,0.05375856559714287,0.05375856559714287,0.05375856559714287,0.05375856559714287,0.05375856559714287,0.05375856559714287,0.05375856559714287,0.05375856559714287,0.05375856559714287,0.05375856559714287,0.05375856559714287,0.05375856559714287,0.05375856559714287,0.05375856559714287,0.05375856559714287,0.05375856559714287,0.05375856559714287,0.05375856559714287,0.05375856559714287,0.05375856559714287,0.05375856559714287,0.05375856559714287,0.05375856559714287,0.05375856559714287,0.05375856559714287,0.05375856559714287,0.05375856559714287,0.05375856559714287,0.05375856559714287,0.05375856559714287,0.05375856559714287,0.05375856559714287,0.05375856559714287,0.05375856559714287,0.05375856559714287,0.05375856559714287,0.05375856559714287,0.05375856559714287,0.05375856559714287,0.05375856559714287,0.05375856559714287,0.05375856559714287,0.05375856559714287,0.05375856559714287,0.05375856559714287,0.05375856559714287,0.05375856559714287,0.05375856559714287,0.05375856559714287,0.05375856559714287,0.05375856559714287,0.05375856559714287,0.05375856559714287,0.05375856559714287,0.05375856559714287,0.01930362573462274,0.0,0.0,0.0,0.0,0.0064528795918,0.006013161939615205,0.12985563017442855,0.13669013702571425,0.13873862856069197
chiplet_chiplet_45_chiplet,0.05375856559714287,0.05375856559714287,0.05375856559714287,0.05375856559714287,0.05375856559714287,0.05375856559714287,0.05375856559714287,0.05375856559714287,0.05375856559714287,0.05375856559714287,0.05375856559714287,0.05375856559714287,0.05375856559714287,0.05375856559714287,0.05375856559714287,0.05375856559714287,0.05375856559714287,0.05375856559714287,0.05375856559714287,0.05375856559714287,0.05375856559714287,0.05375856559714287,0.05375856559714287,0.05375856559714287,0.05375856559714287,0.05375856559714287,0.05375856559714287,0.05375856559714287,0.05375856559714287,0.05375856559714287,0.05375856559714287,0.05375856559714287,0.05375856559714287,0.05375856559714287,0.05375856559714287,0.05375856559714287,0.05375856559714287,0.05375856559714287,0.05375856559714287,0.05375856559714287,0.05375856559714287,0.05375856559714287,0.05375856559714287,0.05375856559714287,0.05375856559714287,0.05375856559714287,0.05375856559714287,0.05375856559714287,0.05375856559714287,0.05375856559714287,0.05375856559714287,0.05375856559714287,0.05375856559714287,0.05375856559714287,0.05375856559714287,0.05375856559714287,0.05375856559714287,0.05375856559714287,0.05375856559714287,0.05375856559714287,0.05375856559714287,0.05375856559714287,0.05375856559714287,0.05375856559714287,0.05375856559714287,0.05375856559714287,0.05375856559714287,0.05375856559714287,0.05375856559714287,0.05375856559714287,0.05375856559714287,0.05375856559714287,0.05375856559714287,0.05375856559714287,0.05375856559714287,0.05375856559714287,0.05375856559714287,0.05375856559714287,0.05375856559714287,0.05375856559714287,0.05375856559714287,0.05375856559714287,0.05375856559714287,0.05375856559714287,0.05375856559714287,0.05375856559714287,0.05375856559714287,0.05375856559714287,0.05375856559714287,0.05375856559714287,0.05375856559714287,0.05375856559714287,0.05375856559714287,0.05375856559714287,0.05375856559714287,0.05375856559714287,0.05375856559714287,0.05375856559714287,0.05375856559714287,0.05375856559714287,0.05375856559714287,0.05375856559714287,0.05375856559714287,0.05375856559714287,0.05375856559714287,0.05375856559714287,0.05375856559714287,0.05375856559714287,0.05375856559714287,0.05375856559714287,0.05375856559714287,0.05375856559714287,0.05375856559714287,0.05375856559714287,0.05375856559714287,0.05375856559714287,0.05375856559714287,0.05375856559714287,0.05375856559714287,0.05375856559714287,0.05375856559714287,0.05375856559714287,0.05375856559714287,0.05375856559714287,0.05375856559714287,0.05375856559714287,0.05375856559714287,0.05375856559714287,0.05375856559714287,0.05375856559714287,0.05375856559714287,0.05375856559714287,0.05375856559714287,0.01930362573462274,0.0,0.0,0.0,0.0,0.0064528795918,0.006013161939615205,0.12985563017442855,0.13669013702571425,0.13873862856069197
chiplet_chiplet_46_chiplet,0.05375856559714287,0.05375856559714287,0.05375856559714287,0.05375856559714287,0.05375856559714287,0.05375856559714287,0.05375856559714287,0.05375856559714287,0.05375856559714287,0.05375856559714287,0.05375856559714287,0.05375856559714287,0.05375856559714287,0.05375856559714287,0.05375856559714287,0.05375856559714287,0.05375856559714287,0.05375856559714287,0.05375856559714287,0.05375856559714287,0.05375856559714287,0.05375856559714287,0.05375856559714287,0.05375856559714287,0.05375856559714287,0.05375856559714287,0.05375856559714287,0.05375856559714287,0.05375856559714287,0.05375856559714287,0.05375856559714287,0.05375856559714287,0.05375856559714287,0.05375856559714287,0.05375856559714287,0.05375856559714287,0.05375856559714287,0.05375856559714287,0.05375856559714287,0.05375856559714287,0.05375856559714287,0.05375856559714287,0.05375856559714287,0.05375856559714287,0.05375856559714287,0.05375856559714287,0.05375856559714287,0.05375856559714287,0.05375856559714287,0.05375856559714287,0.05375856559714287,0.05375856559714287,0.05375856559714287,0.05375856559714287,0.05375856559714287,0.05375856559714287,0.05375856559714287,0.05375856559714287,0.05375856559714287,0.05375856559714287,0.05375856559714287,0.05375856559714287,0.05375856559714287,0.05375856559714287,0.05375856559714287,0.05375856559714287,0.05375856559714287,0.05375856559714287,0.05375856559714287,0.05375856559714287,0.05375856559714287,0.05375856559714287,0.05375856559714287,0.05375856559714287,0.05375856559714287,0.05375856559714287,0.05375856559714287,0.05375856559714287,0.05375856559714287,0.05375856559714287,0.05375856559714287,0.05375856559714287,0.05375856559714287,0.05375856559714287,0.05375856559714287,0.05375856559714287,0.05375856559714287,0.05375856559714287,0.05375856559714287,0.05375856559714287,0.05375856559714287,0.05375856559714287,0.05375856559714287,0.05375856559714287,0.05375856559714287,0.05375856559714287,0.05375856559714287,0.05375856559714287,0.05375856559714287,0.05375856559714287,0.05375856559714287,0.05375856559714287,0.05375856559714287,0.05375856559714287,0.05375856559714287,0.05375856559714287,0.05375856559714287,0.05375856559714287,0.05375856559714287,0.05375856559714287,0.05375856559714287,0.05375856559714287,0.05375856559714287,0.05375856559714287,0.05375856559714287,0.05375856559714287,0.05375856559714287,0.05375856559714287,0.05375856559714287,0.05375856559714287,0.05375856559714287,0.05375856559714287,0.05375856559714287,0.05375856559714287,0.05375856559714287,0.05375856559714287,0.05375856559714287,0.05375856559714287,0.05375856559714287,0.05375856559714287,0.05375856559714287,0.05375856559714287,0.05375856559714287,0.01930362573462274,0.0,0.0,0.0,0.0,0.0064528795918,0.006013161939615205,0.12985563017442855,0.13669013702571425,0.13873862856069197
chiplet_chiplet_47_chiplet,0.05375856559714287,0.05375856559714287,0.05375856559714287,0.05375856559714287,0.05375856559714287,0.05375856559714287,0.05375856559714287,0.05375856559714287,0.05375856559714287,0.05375856559714287,0.05375856559714287,0.05375856559714287,0.05375856559714287,0.05375856559714287,0.05375856559714287,0.05375856559714287,0.05375856559714287,0.05375856559714287,0.05375856559714287,0.05375856559714287,0.05375856559714287,0.05375856559714287,0.05375856559714287,0.05375856559714287,0.05375856559714287,0.05375856559714287,0.05375856559714287,0.05375856559714287,0.05375856559714287,0.05375856559714287,0.05375856559714287,0.05375856559714287,0.05375856559714287,0.05375856559714287,0.05375856559714287,0.05375856559714287,0.05375856559714287,0.05375856559714287,0.05375856559714287,0.05375856559714287,0.05375856559714287,0.05375856559714287,0.05375856559714287,0.05375856559714287,0.05375856559714287,0.05375856559714287,0.05375856559714287,0.05375856559714287,0.05375856559714287,0.05375856559714287,0.05375856559714287,0.05375856559714287,0.05375856559714287,0.05375856559714287,0.05375856559714287,0.05375856559714287,0.05375856559714287,0.05375856559714287,0.05375856559714287,0.05375856559714287,0.05375856559714287,0.05375856559714287,0.05375856559714287,0.05375856559714287,0.05375856559714287,0.05375856559714287,0.05375856559714287,0.05375856559714287,0.05375856559714287,0.05375856559714287,0.05375856559714287,0.05375856559714287,0.05375856559714287,0.05375856559714287,0.05375856559714287,0.05375856559714287,0.05375856559714287,0.05375856559714287,0.05375856559714287,0.05375856559714287,0.05375856559714287,0.05375856559714287,0.05375856559714287,0.05375856559714287,0.05375856559714287,0.05375856559714287,0.05375856559714287,0.05375856559714287,0.05375856559714287,0.05375856559714287,0.05375856559714287,0.05375856559714287,0.05375856559714287,0.05375856559714287,0.05375856559714287,0.05375856559714287,0.05375856559714287,0.05375856559714287,0.05375856559714287,0.05375856559714287,0.05375856559714287,0.05375856559714287,0.05375856559714287,0.05375856559714287,0.05375856559714287,0.05375856559714287,0.05375856559714287,0.05375856559714287,0.05375856559714287,0.05375856559714287,0.05375856559714287,0.05375856559714287,0.05375856559714287,0.05375856559714287,0.05375856559714287,0.05375856559714287,0.05375856559714287,0.05375856559714287,0.05375856559714287,0.05375856559714287,0.05375856559714287,0.05375856559714287,0.05375856559714287,0.05375856559714287,0.05375856559714287,0.05375856559714287,0.05375856559714287,0.05375856559714287,0.05375856559714287,0.05375856559714287,0.05375856559714287,0.05375856559714287,0.05375856559714287,0.01930362573462274,0.0,0.0,0.0,0.0,0.0064528795918,0.006013161939615205,0.12985563017442855,0.13669013702571425,0.13873862856069197
chiplet_chiplet_48_chiplet,0.05375856559714287,0.05375856559714287,0.05375856559714287,0.05375856559714287,0.05375856559714287,0.05375856559714287,0.05375856559714287,0.05375856559714287,0.05375856559714287,0.05375856559714287,0.05375856559714287,0.05375856559714287,0.05375856559714287,0.05375856559714287,0.05375856559714287,0.05375856559714287,0.05375856559714287,0.05375856559714287,0.05375856559714287,0.05375856559714287,0.05375856559714287,0.05375856559714287,0.05375856559714287,0.05375856559714287,0.05375856559714287,0.05375856559714287,0.05375856559714287,0.05375856559714287,0.05375856559714287,0.05375856559714287,0.05375856559714287,0.05375856559714287,0.05375856559714287,0.05375856559714287,0.05375856559714287,0.05375856559714287,0.05375856559714287,0.05375856559714287,0.05375856559714287,0.05375856559714287,0.05375856559714287,0.05375856559714287,0.05375856559714287,0.05375856559714287,0.05375856559714287,0.05375856559714287,0.05375856559714287,0.05375856559714287,0.05375856559714287,0.05375856559714287,0.05375856559714287,0.05375856559714287,0.05375856559714287,0.05375856559714287,0.05375856559714287,0.05375856559714287,0.05375856559714287,0.05375856559714287,0.05375856559714287,0.05375856559714287,0.05375856559714287,0.05375856559714287,0.05375856559714287,0.05375856559714287,0.05375856559714287,0.05375856559714287,0.05375856559714287,0.05375856559714287,0.05375856559714287,0.05375856559714287,0.05375856559714287,0.05375856559714287,0.05375856559714287,0.05375856559714287,0.05375856559714287,0.05375856559714287,0.05375856559714287,0.05375856559714287,0.05375856559714287,0.05375856559714287,0.05375856559714287,0.05375856559714287,0.05375856559714287,0.05375856559714287,0.05375856559714287,0.05375856559714287,0.05375856559714287,0.05375856559714287,0.05375856559714287,0.05375856559714287,0.05375856559714287,0.05375856559714287,0.05375856559714287,0.05375856559714287,0.05375856559714287,0.05375856559714287,0.05375856559714287,0.05375856559714287,0.05375856559714287,0.05375856559714287,0.05375856559714287,0.05375856559714287,0.05375856559714287,0.05375856559714287,0.05375856559714287,0.05375856559714287,0.05375856559714287,0.05375856559714287,0.05375856559714287,0.05375856559714287,0.05375856559714287,0.05375856559714287,0.05375856559714287,0.05375856559714287,0.05375856559714287,0.05375856559714287,0.05375856559714287,0.05375856559714287,0.05375856559714287,0.05375856559714287,0.05375856559714287,0.05375856559714287,0.05375856559714287,0.05375856559714287,0.05375856559714287,0.05375856559714287,0.05375856559714287,0.05375856559714287,0.05375856559714287,0.05375856559714287,0.05375856559714287,0.05375856559714287,0.05375856559714287,0.01930362573462274,0.0,0.0,0.0,0.0,0.0064528795918,0.006013161939615205,0.12985563017442855,0.13669013702571425,0.13873862856069197
chiplet_chiplet_49_chiplet,0.05375856559714287,0.05375856559714287,0.05375856559714287,0.05375856559714287,0.05375856559714287,0.05375856559714287,0.05375856559714287,0.05375856559714287,0.05375856559714287,0.05375856559714287,0.05375856559714287,0.05375856559714287,0.05375856559714287,0.05375856559714287,0.05375856559714287,0.05375856559714287,0.05375856559714287,0.05375856559714287,0.05375856559714287,0.05375856559714287,0.05375856559714287,0.05375856559714287,0.05375856559714287,0.05375856559714287,0.05375856559714287,0.05375856559714287,0.05375856559714287,0.05375856559714287,0.05375856559714287,0.05375856559714287,0.05375856559714287,0.05375856559714287,0.05375856559714287,0.05375856559714287,0.05375856559714287,0.05375856559714287,0.05375856559714287,0.05375856559714287,0.05375856559714287,0.05375856559714287,0.05375856559714287,0.05375856559714287,0.05375856559714287,0.05375856559714287,0.05375856559714287,0.05375856559714287,0.05375856559714287,0.05375856559714287,0.05375856559714287,0.05375856559714287,0.05375856559714287,0.05375856559714287,0.05375856559714287,0.05375856559714287,0.05375856559714287,0.05375856559714287,0.05375856559714287,0.05375856559714287,0.05375856559714287,0.05375856559714287,0.05375856559714287,0.05375856559714287,0.05375856559714287,0.05375856559714287,0.05375856559714287,0.05375856559714287,0.05375856559714287,0.05375856559714287,0.05375856559714287,0.05375856559714287,0.05375856559714287,0.05375856559714287,0.05375856559714287,0.05375856559714287,0.05375856559714287,0.05375856559714287,0.05375856559714287,0.05375856559714287,0.05375856559714287,0.05375856559714287,0.05375856559714287,0.05375856559714287,0.05375856559714287,0.05375856559714287,0.05375856559714287,0.05375856559714287,0.05375856559714287,0.05375856559714287,0.05375856559714287,0.05375856559714287,0.05375856559714287,0.05375856559714287,0.05375856559714287,0.05375856559714287,0.05375856559714287,0.05375856559714287,0.05375856559714287,0.05375856559714287,0.05375856559714287,0.05375856559714287,0.05375856559714287,0.05375856559714287,0.05375856559714287,0.05375856559714287,0.05375856559714287,0.05375856559714287,0.05375856559714287,0.05375856559714287,0.05375856559714287,0.05375856559714287,0.05375856559714287,0.05375856559714287,0.05375856559714287,0.05375856559714287,0.05375856559714287,0.05375856559714287,0.05375856559714287,0.05375856559714287,0.05375856559714287,0.05375856559714287,0.05375856559714287,0.05375856559714287,0.05375856559714287,0.05375856559714287,0.05375856559714287,0.05375856559714287,0.05375856559714287,0.05375856559714287,0.05375856559714287,0.05375856559714287,0.05375856559714287,0.05375856559714287,0.05375856559714287,0.01930362573462274,0.0,0.0,0.0,0.0,0.0064528795918,0.006013161939615205,0.12985563017442855,0.13669013702571425,0.13873862856069197
chiplet_chiplet_50_chiplet,0.04818546488285714,0.04818546488285714,0.04818546488285714,0.04818546488285714,0.04818546488285714,0.04818546488285714,0.04818546488285714,0.04818546488285714,0.04818546488285714,0.04818546488285714,0.04818546488285714,0.04818546488285714,0.04818546488285714,0.04818546488285714,0.04818546488285714,0.04818546488285714,0.04818546488285714,0.04818546488285714,0.04818546488285714,0.04818546488285714,0.04818546488285714,0.04818546488285714,0.04818546488285714,0.04818546488285714,0.04818546488285714,0.04818546488285714,0.04818546488285714,0.04818546488285714,0.04818546488285714,0.04818546488285714,0.04818546488285714,0.04818546488285714,0.04818546488285714,0.04818546488285714,0.04818546488285714,0.04818546488285714,0.04818546488285714,0.04818546488285714,0.04818546488285714,0.04818546488285714,0.04818546488285714,0.04818546488285714,0.04818546488285714,0.04818546488285714,0.04818546488285714,0.04818546488285714,0.04818546488285714,0.04818546488285714,0.04818546488285714,0.04818546488285714,0.04818546488285714,0.04818546488285714,0.04818546488285714,0.04818546488285714,0.04818546488285714,0.04818546488285714,0.04818546488285714,0.04818546488285714,0.04818546488285714,0.04818546488285714,0.04818546488285714,0.04818546488285714,0.04818546488285714,0.04818546488285714,0.04818546488285714,0.04818546488285714,0.04818546488285714,0.04818546488285714,0.04818546488285714,0.04818546488285714,0.04818546488285714,0.04818546488285714,0.04818546488285714,0.04818546488285714,0.04818546488285714,0.04818546488285714,0.04818546488285714,0.04818546488285714,0.04818546488285714,0.04818546488285714,0.04818546488285714,0.04818546488285714,0.04818546488285714,0.04818546488285714,0.04818546488285714,0.04818546488285714,0.04818546488285714,0.04818546488285714,0.04818546488285714,0.04818546488285714,0.04818546488285714,0.04818546488285714,0.04818546488285714,0.04818546488285714,0.04818546488285714,0.04818546488285714,0.04818546488285714,0.04818546488285714,0.04818546488285714,0.04818546488285714,0.04818546488285714,0.04818546488285714,0.04818546488285714,0.04818546488285714,0.04818546488285714,0.04818546488285714,0.04818546488285714,0.04818546488285714,0.04818546488285714,0.04818546488285714,0.04818546488285714,0.04818546488285714,0.04818546488285714,0.04818546488285714,0.04818546488285714,0.04818546488285714,0.04818546488285714,0.04818546488285714,0.04818546488285714,0.04818546488285714,0.04818546488285714,0.04818546488285714,0.04818546488285714,0.04818546488285714,0.04818546488285714,0.04818546488285714,0.04818546488285714,0.04818546488285714,0.04818546488285714,0.04818546488285714,0.04818546488285714,0.04818546488285714,0.04818546488285714,0.017302436730136955,0.0,0.0,0.0,0.0,0.0060627625418,0.005649628580022389,0.1245611844958571,0.13111703631142851,0.13481612653726832
chiplet_chiplet_51_chiplet,0.04818546488285714,0.04818546488285714,0.04818546488285714,0.04818546488285714,0.04818546488285714,0.04818546488285714,0.04818546488285714,0.04818546488285714,0.04818546488285714,0.04818546488285714,0.04818546488285714,0.04818546488285714,0.04818546488285714,0.04818546488285714,0.04818546488285714,0.04818546488285714,0.04818546488285714,0.04818546488285714,0.04818546488285714,0.04818546488285714,0.04818546488285714,0.04818546488285714,0.04818546488285714,0.04818546488285714,0.04818546488285714,0.04818546488285714,0.04818546488285714,0.04818546488285714,0.04818546488285714,0.04818546488285714,0.04818546488285714,0.04818546488285714,0.04818546488285714,0.04818546488285714,0.04818546488285714,0.04818546488285714,0.04818546488285714,0.04818546488285714,0.04818546488285714,0.04818546488285714,0.04818546488285714,0.04818546488285714,0.04818546488285714,0.04818546488285714,0.04818546488285714,0.04818546488285714,0.04818546488285714,0.04818546488285714,0.04818546488285714,0.04818546488285714,0.04818546488285714,0.04818546488285714,0.04818546488285714,0.04818546488285714,0.04818546488285714,0.04818546488285714,0.04818546488285714,0.04818546488285714,0.04818546488285714,0.04818546488285714,0.04818546488285714,0.04818546488285714,0.04818546488285714,0.04818546488285714,0.04818546488285714,0.04818546488285714,0.04818546488285714,0.04818546488285714,0.04818546488285714,0.04818546488285714,0.04818546488285714,0.04818546488285714,0.04818546488285714,0.04818546488285714,0.04818546488285714,0.04818546488285714,0.04818546488285714,0.04818546488285714,0.04818546488285714,0.04818546488285714,0.04818546488285714,0.04818546488285714,0.04818546488285714,0.04818546488285714,0.04818546488285714,0.04818546488285714,0.04818546488285714,0.04818546488285714,0.04818546488285714,0.04818546488285714,0.04818546488285714,0.04818546488285714,0.04818546488285714,0.04818546488285714,0.04818546488285714,0.04818546488285714,0.04818546488285714,0.04818546488285714,0.04818546488285714,0.04818546488285714,0.04818546488285714,0.04818546488285714,0.04818546488285714,0.04818546488285714,0.04818546488285714,0.04818546488285714,0.04818546488285714,0.04818546488285714,0.04818546488285714,0.04818546488285714,0.04818546488285714,0.04818546488285714,0.04818546488285714,0.04818546488285714,0.04818546488285714,0.04818546488285714,0.04818546488285714,0.04818546488285714,0.04818546488285714,0.04818546488285714,0.04818546488285714,0.04818546488285714,0.04818546488285714,0.04818546488285714,0.04818546488285714,0.04818546488285714,0.04818546488285714,0.04818546488285714,0.04818546488285714,0.04818546488285714,0.04818546488285714,0.04818546488285714,0.04818546488285714,0.017302436730136955,0.0,0.0,0.0,0.0,0.0060627625418,0.005649628580022389,0.1245611844958571,0.13111703631142851,0.13481612653726832
chiplet_chiplet_52_chiplet,0.05375856559714287,0.05375856559714287,0.05375856559714287,0.05375856559714287,0.05375856559714287,0.05375856559714287,0.05375856559714287,0.05375856559714287,0.05375856559714287,0.05375856559714287,0.05375856559714287,0.05375856559714287,0.05375856559714287,0.05375856559714287,0.05375856559714287,0.05375856559714287,0.05375856559714287,0.05375856559714287,0.05375856559714287,0.05375856559714287,0.05375856559714287,0.05375856559714287,0.05375856559714287,0.05375856559714287,0.05375856559714287,0.05375856559714287,0.05375856559714287,0.05375856559714287,0.05375856559714287,0.05375856559714287,0.05375856559714287,0.05375856559714287,0.05375856559714287,0.05375856559714287,0.05375856559714287,0.05375856559714287,0.05375856559714287,0.05375856559714287,0.05375856559714287,0.05375856559714287,0.05375856559714287,0.05375856559714287,0.05375856559714287,0.05375856559714287,0.05375856559714287,0.05375856559714287,0.05375856559714287,0.05375856559714287,0.05375856559714287,0.05375856559714287,0.05375856559714287,0.05375856559714287,0.05375856559714287,0.05375856559714287,0.05375856559714287,0.05375856559714287,0.05375856559714287,0.05375856559714287,0.05375856559714287,0.05375856559714287,0.05375856559714287,0.05375856559714287,0.05375856559714287,0.05375856559714287,0.05375856559714287,0.05375856559714287,0.05375856559714287,0.05375856559714287,0.05375856559714287,0.05375856559714287,0.05375856559714287,0.05375856559714287,0.05375856559714287,0.05375856559714287,0.05375856559714287,0.05375856559714287,0.05375856559714287,0.05375856559714287,0.05375856559714287,0.05375856559714287,0.05375856559714287,0.05375856559714287,0.05375856559714287,0.05375856559714287,0.05375856559714287,0.05375856559714287,0.05375856559714287,0.05375856559714287,0.05375856559714287,0.05375856559714287,0.05375856559714287,0.05375856559714287,0.05375856559714287,0.05375856559714287,0.05375856559714287,0.05375856559714287,0.05375856559714287,0.05375856559714287,0.05375856559714287,0.05375856559714287,0.05375856559714287,0.05375856559714287,0.05375856559714287,0.05375856559714287,0.05375856559714287,0.05375856559714287,0.05375856559714287,0.05375856559714287,0.05375856559714287,0.05375856559714287,0.05375856559714287,0.05375856559714287,0.05375856559714287,0.05375856559714287,0.05375856559714287,0.05375856559714287,0.05375856559714287,0.05375856559714287,0.05375856559714287,0.05375856559714287,0.05375856559714287,0.05375856559714287,0.05375856559714287,0.05375856559714287,0.05375856559714287,0.05375856559714287,0.05375856559714287,0.05375856559714287,0.05375856559714287,0.05375856559714287,0.05375856559714287,0.05375856559714287,0.05375856559714287,0.01930362573462274,0.0,0.0,0.0,0.0,0.0064528795918,0.006013161939615205,0.12985563017442855,0.13669013702571425,0.13873862856069197
chiplet_chiplet_53_chiplet,0.05375856559714287,0.05375856559714287,0.05375856559714287,0.05375856559714287,0.05375856559714287,0.05375856559714287,0.05375856559714287,0.05375856559714287,0.05375856559714287,0.05375856559714287,0.05375856559714287,0.05375856559714287,0.05375856559714287,0.05375856559714287,0.05375856559714287,0.05375856559714287,0.05375856559714287,0.05375856559714287,0.05375856559714287,0.05375856559714287,0.05375856559714287,0.05375856559714287,0.05375856559714287,0.05375856559714287,0.05375856559714287,0.05375856559714287,0.05375856559714287,0.05375856559714287,0.05375856559714287,0.05375856559714287,0.05375856559714287,0.05375856559714287,0.05375856559714287,0.05375856559714287,0.05375856559714287,0.05375856559714287,0.05375856559714287,0.05375856559714287,0.05375856559714287,0.05375856559714287,0.05375856559714287,0.05375856559714287,0.05375856559714287,0.05375856559714287,0.05375856559714287,0.05375856559714287,0.05375856559714287,0.05375856559714287,0.05375856559714287,0.05375856559714287,0.05375856559714287,0.05375856559714287,0.05375856559714287,0.05375856559714287,0.05375856559714287,0.05375856559714287,0.05375856559714287,0.05375856559714287,0.05375856559714287,0.05375856559714287,0.05375856559714287,0.05375856559714287,0.05375856559714287,0.05375856559714287,0.05375856559714287,0.05375856559714287,0.05375856559714287,0.05375856559714287,0.05375856559714287,0.05375856559714287,0.05375856559714287,0.05375856559714287,0.05375856559714287,0.05375856559714287,0.05375856559714287,0.05375856559714287,0.05375856559714287,0.05375856559714287,0.05375856559714287,0.05375856559714287,0.05375856559714287,0.05375856559714287,0.05375856559714287,0.05375856559714287,0.05375856559714287,0.05375856559714287,0.05375856559714287,0.05375856559714287,0.05375856559714287,0.05375856559714287,0.05375856559714287,0.05375856559714287,0.05375856559714287,0.05375856559714287,0.05375856559714287,0.05375856559714287,0.05375856559714287,0.05375856559714287,0.05375856559714287,0.05375856559714287,0.05375856559714287,0.05375856559714287,0.05375856559714287,0.05375856559714287,0.05375856559714287,0.05375856559714287,0.05375856559714287,0.05375856559714287,0.05375856559714287,0.05375856559714287,0.05375856559714287,0.05375856559714287,0.05375856559714287,0.05375856559714287,0.05375856559714287,0.05375856559714287,0.05375856559714287,0.05375856559714287,0.05375856559714287,0.05375856559714287,0.05375856559714287,0.05375856559714287,0.05375856559714287,0.05375856559714287,0.05375856559714287,0.05375856559714287,0.05375856559714287,0.05375856559714287,0.05375856559714287,0.05375856559714287,0.05375856559714287,0.05375856559714287,0.05375856559714287,0.01930362573462274,0.0,0.0,0.0,0.0,0.0064528795918,0.006013161939615205,0.12985563017442855,0.13669013702571425,0.13873862856069197
chiplet_chiplet_54_chiplet,0.05375856559714287,0.05375856559714287,0.05375856559714287,0.05375856559714287,0.05375856559714287,0.05375856559714287,0.05375856559714287,0.05375856559714287,0.05375856559714287,0.05375856559714287,0.05375856559714287,0.05375856559714287,0.05375856559714287,0.05375856559714287,0.05375856559714287,0.05375856559714287,0.05375856559714287,0.05375856559714287,0.05375856559714287,0.05375856559714287,0.05375856559714287,0.05375856559714287,0.05375856559714287,0.05375856559714287,0.05375856559714287,0.05375856559714287,0.05375856559714287,0.05375856559714287,0.05375856559714287,0.05375856559714287,0.05375856559714287,0.05375856559714287,0.05375856559714287,0.05375856559714287,0.05375856559714287,0.05375856559714287,0.05375856559714287,0.05375856559714287,0.05375856559714287,0.05375856559714287,0.05375856559714287,0.05375856559714287,0.05375856559714287,0.05375856559714287,0.05375856559714287,0.05375856559714287,0.05375856559714287,0.05375856559714287,0.05375856559714287,0.05375856559714287,0.05375856559714287,0.05375856559714287,0.05375856559714287,0.05375856559714287,0.05375856559714287,0.05375856559714287,0.05375856559714287,0.05375856559714287,0.05375856559714287,0.05375856559714287,0.05375856559714287,0.05375856559714287,0.05375856559714287,0.05375856559714287,0.05375856559714287,0.05375856559714287,0.05375856559714287,0.05375856559714287,0.05375856559714287,0.05375856559714287,0.05375856559714287,0.05375856559714287,0.05375856559714287,0.05375856559714287,0.05375856559714287,0.05375856559714287,0.05375856559714287,0.05375856559714287,0.05375856559714287,0.05375856559714287,0.05375856559714287,0.05375856559714287,0.05375856559714287,0.05375856559714287,0.05375856559714287,0.05375856559714287,0.05375856559714287,0.05375856559714287,0.05375856559714287,0.05375856559714287,0.05375856559714287,0.05375856559714287,0.05375856559714287,0.05375856559714287,0.05375856559714287,0.05375856559714287,0.05375856559714287,0.05375856559714287,0.05375856559714287,0.05375856559714287,0.05375856559714287,0.05375856559714287,0.05375856559714287,0.05375856559714287,0.05375856559714287,0.05375856559714287,0.05375856559714287,0.05375856559714287,0.05375856559714287,0.05375856559714287,0.05375856559714287,0.05375856559714287,0.05375856559714287,0.05375856559714287,0.05375856559714287,0.05375856559714287,0.05375856559714287,0.05375856559714287,0.05375856559714287,0.05375856559714287,0.05375856559714287,0.05375856559714287,0.05375856559714287,0.05375856559714287,0.05375856559714287,0.05375856559714287,0.05375856559714287,0.05375856559714287,0.05375856559714287,0.05375856559714287,0.05375856559714287,0.05375856559714287,0.05375856559714287,0.01930362573462274,0.0,0.0,0.0,0.0,0.0064528795918,0.006013161939615205,0.12985563017442855,0.13669013702571425,0.13873862856069197
chiplet_chiplet_55_chiplet,0.05375856559714287,0.05375856559714287,0.05375856559714287,0.05375856559714287,0.05375856559714287,0.05375856559714287,0.05375856559714287,0.05375856559714287,0.05375856559714287,0.05375856559714287,0.05375856559714287,0.05375856559714287,0.05375856559714287,0.05375856559714287,0.05375856559714287,0.05375856559714287,0.05375856559714287,0.05375856559714287,0.05375856559714287,0.05375856559714287,0.05375856559714287,0.05375856559714287,0.05375856559714287,0.05375856559714287,0.05375856559714287,0.05375856559714287,0.05375856559714287,0.05375856559714287,0.05375856559714287,0.05375856559714287,0.05375856559714287,0.05375856559714287,0.05375856559714287,0.05375856559714287,0.05375856559714287,0.05375856559714287,0.05375856559714287,0.05375856559714287,0.05375856559714287,0.05375856559714287,0.05375856559714287,0.05375856559714287,0.05375856559714287,0.05375856559714287,0.05375856559714287,0.05375856559714287,0.05375856559714287,0.05375856559714287,0.05375856559714287,0.05375856559714287,0.05375856559714287,0.05375856559714287,0.05375856559714287,0.05375856559714287,0.05375856559714287,0.05375856559714287,0.05375856559714287,0.05375856559714287,0.05375856559714287,0.05375856559714287,0.05375856559714287,0.05375856559714287,0.05375856559714287,0.05375856559714287,0.05375856559714287,0.05375856559714287,0.05375856559714287,0.05375856559714287,0.05375856559714287,0.05375856559714287,0.05375856559714287,0.05375856559714287,0.05375856559714287,0.05375856559714287,0.05375856559714287,0.05375856559714287,0.05375856559714287,0.05375856559714287,0.05375856559714287,0.05375856559714287,0.05375856559714287,0.05375856559714287,0.05375856559714287,0.05375856559714287,0.05375856559714287,0.05375856559714287,0.05375856559714287,0.05375856559714287,0.05375856559714287,0.05375856559714287,0.05375856559714287,0.05375856559714287,0.05375856559714287,0.05375856559714287,0.05375856559714287,0.05375856559714287,0.05375856559714287,0.05375856559714287,0.05375856559714287,0.05375856559714287,0.05375856559714287,0.05375856559714287,0.05375856559714287,0.05375856559714287,0.05375856559714287,0.05375856559714287,0.05375856559714287,0.05375856559714287,0.05375856559714287,0.05375856559714287,0.05375856559714287,0.05375856559714287,0.05375856559714287,0.05375856559714287,0.05375856559714287,0.05375856559714287,0.05375856559714287,0.05375856559714287,0.05375856559714287,0.05375856559714287,0.05375856559714287,0.05375856559714287,0.05375856559714287,0.05375856559714287,0.05375856559714287,0.05375856559714287,0.05375856559714287,0.05375856559714287,0.05375856559714287,0.05375856559714287,0.05375856559714287,0.05375856559714287,0.05375856559714287,0.01930362573462274,0.0,0.0,0.0,0.0,0.0064528795918,0.006013161939615205,0.12985563017442855,0.13669013702571425,0.13873862856069197
chiplet_chiplet_56_chiplet,0.05375856559714287,0.05375856559714287,0.05375856559714287,0.05375856559714287,0.05375856559714287,0.05375856559714287,0.05375856559714287,0.05375856559714287,0.05375856559714287,0.05375856559714287,0.05375856559714287,0.05375856559714287,0.05375856559714287,0.05375856559714287,0.05375856559714287,0.05375856559714287,0.05375856559714287,0.05375856559714287,0.05375856559714287,0.05375856559714287,0.05375856559714287,0.05375856559714287,0.05375856559714287,0.05375856559714287,0.05375856559714287,0.05375856559714287,0.05375856559714287,0.05375856559714287,0.05375856559714287,0.05375856559714287,0.05375856559714287,0.05375856559714287,0.05375856559714287,0.05375856559714287,0.05375856559714287,0.05375856559714287,0.05375856559714287,0.05375856559714287,0.05375856559714287,0.05375856559714287,0.05375856559714287,0.05375856559714287,0.05375856559714287,0.05375856559714287,0.05375856559714287,0.05375856559714287,0.05375856559714287,0.05375856559714287,0.05375856559714287,0.05375856559714287,0.05375856559714287,0.05375856559714287,0.05375856559714287,0.05375856559714287,0.05375856559714287,0.05375856559714287,0.05375856559714287,0.05375856559714287,0.05375856559714287,0.05375856559714287,0.05375856559714287,0.05375856559714287,0.05375856559714287,0.05375856559714287,0.05375856559714287,0.05375856559714287,0.05375856559714287,0.05375856559714287,0.05375856559714287,0.05375856559714287,0.05375856559714287,0.05375856559714287,0.05375856559714287,0.05375856559714287,0.05375856559714287,0.05375856559714287,0.05375856559714287,0.05375856559714287,0.05375856559714287,0.05375856559714287,0.05375856559714287,0.05375856559714287,0.05375856559714287,0.05375856559714287,0.05375856559714287,0.05375856559714287,0.05375856559714287,0.05375856559714287,0.05375856559714287,0.05375856559714287,0.05375856559714287,0.05375856559714287,0.05375856559714287,0.05375856559714287,0.05375856559714287,0.05375856559714287,0.05375856559714287,0.05375856559714287,0.05375856559714287,0.05375856559714287,0.05375856559714287,0.05375856559714287,0.05375856559714287,0.05375856559714287,0.05375856559714287,0.05375856559714287,0.05375856559714287,0.05375856559714287,0.05375856559714287,0.05375856559714287,0.05375856559714287,0.05375856559714287,0.05375856559714287,0.05375856559714287,0.05375856559714287,0.05375856559714287,0.05375856559714287,0.05375856559714287,0.05375856559714287,0.05375856559714287,0.05375856559714287,0.05375856559714287,0.05375856559714287,0.05375856559714287,0.05375856559714287,0.05375856559714287,0.05375856559714287,0.05375856559714287,0.05375856559714287,0.05375856559714287,0.05375856559714287,0.05375856559714287,0.05375856559714287,0.01930362573462274,0.0,0.0,0.0,0.0,0.0064528795918,0.006013161939615205,0.12985563017442855,0.13669013702571425,0.13873862856069197
chiplet_chiplet_57_chiplet,0.05375856559714287,0.05375856559714287,0.05375856559714287,0.05375856559714287,0.05375856559714287,0.05375856559714287,0.05375856559714287,0.05375856559714287,0.05375856559714287,0.05375856559714287,0.05375856559714287,0.05375856559714287,0.05375856559714287,0.05375856559714287,0.05375856559714287,0.05375856559714287,0.05375856559714287,0.05375856559714287,0.05375856559714287,0.05375856559714287,0.05375856559714287,0.05375856559714287,0.05375856559714287,0.05375856559714287,0.05375856559714287,0.05375856559714287,0.05375856559714287,0.05375856559714287,0.05375856559714287,0.05375856559714287,0.05375856559714287,0.05375856559714287,0.05375856559714287,0.05375856559714287,0.05375856559714287,0.05375856559714287,0.05375856559714287,0.05375856559714287,0.05375856559714287,0.05375856559714287,0.05375856559714287,0.05375856559714287,0.05375856559714287,0.05375856559714287,0.05375856559714287,0.05375856559714287,0.05375856559714287,0.05375856559714287,0.05375856559714287,0.05375856559714287,0.05375856559714287,0.05375856559714287,0.05375856559714287,0.05375856559714287,0.05375856559714287,0.05375856559714287,0.05375856559714287,0.05375856559714287,0.05375856559714287,0.05375856559714287,0.05375856559714287,0.05375856559714287,0.05375856559714287,0.05375856559714287,0.05375856559714287,0.05375856559714287,0.05375856559714287,0.05375856559714287,0.05375856559714287,0.05375856559714287,0.05375856559714287,0.05375856559714287,0.05375856559714287,0.05375856559714287,0.05375856559714287,0.05375856559714287,0.05375856559714287,0.05375856559714287,0.05375856559714287,0.05375856559714287,0.05375856559714287,0.05375856559714287,0.05375856559714287,0.05375856559714287,0.05375856559714287,0.05375856559714287,0.05375856559714287,0.05375856559714287,0.05375856559714287,0.05375856559714287,0.05375856559714287,0.05375856559714287,0.05375856559714287,0.05375856559714287,0.05375856559714287,0.05375856559714287,0.05375856559714287,0.05375856559714287,0.05375856559714287,0.05375856559714287,0.05375856559714287,0.05375856559714287,0.05375856559714287,0.05375856559714287,0.05375856559714287,0.05375856559714287,0.05375856559714287,0.05375856559714287,0.05375856559714287,0.05375856559714287,0.05375856559714287,0.05375856559714287,0.05375856559714287,0.05375856559714287,0.05375856559714287,0.05375856559714287,0.05375856559714287,0.05375856559714287,0.05375856559714287,0.05375856559714287,0.05375856559714287,0.05375856559714287,0.05375856559714287,0.05375856559714287,0.05375856559714287,0.05375856559714287,0.05375856559714287,0.05375856559714287,0.05375856559714287,0.05375856559714287,0.05375856559714287,0.05375856559714287,0.05375856559714287,0.01930362573462274,0.0,0.0,0.0,0.0,0.0064528795918,0.006013161939615205,0.12985563017442855,0.13669013702571425,0.13873862856069197
chiplet_chiplet_58_chiplet,0.05375856559714287,0.05375856559714287,0.05375856559714287,0.05375856559714287,0.05375856559714287,0.05375856559714287,0.05375856559714287,0.05375856559714287,0.05375856559714287,0.05375856559714287,0.05375856559714287,0.05375856559714287,0.05375856559714287,0.05375856559714287,0.05375856559714287,0.05375856559714287,0.05375856559714287,0.05375856559714287,0.05375856559714287,0.05375856559714287,0.05375856559714287,0.05375856559714287,0.05375856559714287,0.05375856559714287,0.05375856559714287,0.05375856559714287,0.05375856559714287,0.05375856559714287,0.05375856559714287,0.05375856559714287,0.05375856559714287,0.05375856559714287,0.05375856559714287,0.05375856559714287,0.05375856559714287,0.05375856559714287,0.05375856559714287,0.05375856559714287,0.05375856559714287,0.05375856559714287,0.05375856559714287,0.05375856559714287,0.05375856559714287,0.05375856559714287,0.05375856559714287,0.05375856559714287,0.05375856559714287,0.05375856559714287,0.05375856559714287,0.05375856559714287,0.05375856559714287,0.05375856559714287,0.05375856559714287,0.05375856559714287,0.05375856559714287,0.05375856559714287,0.05375856559714287,0.05375856559714287,0.05375856559714287,0.05375856559714287,0.05375856559714287,0.05375856559714287,0.05375856559714287,0.05375856559714287,0.05375856559714287,0.05375856559714287,0.05375856559714287,0.05375856559714287,0.05375856559714287,0.05375856559714287,0.05375856559714287,0.05375856559714287,0.05375856559714287,0.05375856559714287,0.05375856559714287,0.05375856559714287,0.05375856559714287,0.05375856559714287,0.05375856559714287,0.05375856559714287,0.05375856559714287,0.05375856559714287,0.05375856559714287,0.05375856559714287,0.05375856559714287,0.05375856559714287,0.05375856559714287,0.05375856559714287,0.05375856559714287,0.05375856559714287,0.05375856559714287,0.05375856559714287,0.05375856559714287,0.05375856559714287,0.05375856559714287,0.05375856559714287,0.05375856559714287,0.05375856559714287,0.05375856559714287,0.05375856559714287,0.05375856559714287,0.05375856559714287,0.05375856559714287,0.05375856559714287,0.05375856559714287,0.05375856559714287,0.05375856559714287,0.05375856559714287,0.05375856559714287,0.05375856559714287,0.05375856559714287,0.05375856559714287,0.05375856559714287,0.05375856559714287,0.05375856559714287,0.05375856559714287,0.05375856559714287,0.05375856559714287,0.05375856559714287,0.05375856559714287,0.05375856559714287,0.05375856559714287,0.05375856559714287,0.05375856559714287,0.05375856559714287,0.05375856559714287,0.05375856559714287,0.05375856559714287,0.05375856559714287,0.05375856559714287,0.05375856559714287,0.05375856559714287,0.05375856559714287,0.01930362573462274,0.0,0.0,0.0,0.0,0.0064528795918,0.006013161939615205,0.12985563017442855,0.13669013702571425,0.13873862856069197
chiplet_chiplet_59_chiplet,0.05375856559714287,0.05375856559714287,0.05375856559714287,0.05375856559714287,0.05375856559714287,0.05375856559714287,0.05375856559714287,0.05375856559714287,0.05375856559714287,0.05375856559714287,0.05375856559714287,0.05375856559714287,0.05375856559714287,0.05375856559714287,0.05375856559714287,0.05375856559714287,0.05375856559714287,0.05375856559714287,0.05375856559714287,0.05375856559714287,0.05375856559714287,0.05375856559714287,0.05375856559714287,0.05375856559714287,0.05375856559714287,0.05375856559714287,0.05375856559714287,0.05375856559714287,0.05375856559714287,0.05375856559714287,0.05375856559714287,0.05375856559714287,0.05375856559714287,0.05375856559714287,0.05375856559714287,0.05375856559714287,0.05375856559714287,0.05375856559714287,0.05375856559714287,0.05375856559714287,0.05375856559714287,0.05375856559714287,0.05375856559714287,0.05375856559714287,0.05375856559714287,0.05375856559714287,0.05375856559714287,0.05375856559714287,0.05375856559714287,0.05375856559714287,0.05375856559714287,0.05375856559714287,0.05375856559714287,0.05375856559714287,0.05375856559714287,0.05375856559714287,0.05375856559714287,0.05375856559714287,0.05375856559714287,0.05375856559714287,0.05375856559714287,0.05375856559714287,0.05375856559714287,0.05375856559714287,0.05375856559714287,0.05375856559714287,0.05375856559714287,0.05375856559714287,0.05375856559714287,0.05375856559714287,0.05375856559714287,0.05375856559714287,0.05375856559714287,0.05375856559714287,0.05375856559714287,0.05375856559714287,0.05375856559714287,0.05375856559714287,0.05375856559714287,0.05375856559714287,0.05375856559714287,0.05375856559714287,0.05375856559714287,0.05375856559714287,0.05375856559714287,0.05375856559714287,0.05375856559714287,0.05375856559714287,0.05375856559714287,0.05375856559714287,0.05375856559714287,0.05375856559714287,0.05375856559714287,0.05375856559714287,0.05375856559714287,0.05375856559714287,0.05375856559714287,0.05375856559714287,0.05375856559714287,0.05375856559714287,0.05375856559714287,0.05375856559714287,0.05375856559714287,0.05375856559714287,0.05375856559714287,0.05375856559714287,0.05375856559714287,0.05375856559714287,0.05375856559714287,0.05375856559714287,0.05375856559714287,0.05375856559714287,0.05375856559714287,0.05375856559714287,0.05375856559714287,0.05375856559714287,0.05375856559714287,0.05375856559714287,0.05375856559714287,0.05375856559714287,0.05375856559714287,0.05375856559714287,0.05375856559714287,0.05375856559714287,0.05375856559714287,0.05375856559714287,0.05375856559714287,0.05375856559714287,0.05375856559714287,0.05375856559714287,0.05375856559714287,0.05375856559714287,0.05375856559714287,0.01930362573462274,0.0,0.0,0.0,0.0,0.0064528795918,0.006013161939615205,0.12985563017442855,0.13669013702571425,0.13873862856069197
chiplet_chiplet_60_chiplet,0.04818546488285714,0.04818546488285714,0.04818546488285714,0.04818546488285714,0.04818546488285714,0.04818546488285714,0.04818546488285714,0.04818546488285714,0.04818546488285714,0.04818546488285714,0.04818546488285714,0.04818546488285714,0.04818546488285714,0.04818546488285714,0.04818546488285714,0.04818546488285714,0.04818546488285714,0.04818546488285714,0.04818546488285714,0.04818546488285714,0.04818546488285714,0.04818546488285714,0.04818546488285714,0.04818546488285714,0.04818546488285714,0.04818546488285714,0.04818546488285714,0.04818546488285714,0.04818546488285714,0.04818546488285714,0.04818546488285714,0.04818546488285714,0.04818546488285714,0.04818546488285714,0.04818546488285714,0.04818546488285714,0.04818546488285714,0.04818546488285714,0.04818546488285714,0.04818546488285714,0.04818546488285714,0.04818546488285714,0.04818546488285714,0.04818546488285714,0.04818546488285714,0.04818546488285714,0.04818546488285714,0.04818546488285714,0.04818546488285714,0.04818546488285714,0.04818546488285714,0.04818546488285714,0.04818546488285714,0.04818546488285714,0.04818546488285714,0.04818546488285714,0.04818546488285714,0.04818546488285714,0.04818546488285714,0.04818546488285714,0.04818546488285714,0.04818546488285714,0.04818546488285714,0.04818546488285714,0.04818546488285714,0.04818546488285714,0.04818546488285714,0.04818546488285714,0.04818546488285714,0.04818546488285714,0.04818546488285714,0.04818546488285714,0.04818546488285714,0.04818546488285714,0.04818546488285714,0.04818546488285714,0.04818546488285714,0.04818546488285714,0.04818546488285714,0.04818546488285714,0.04818546488285714,0.04818546488285714,0.04818546488285714,0.04818546488285714,0.04818546488285714,0.04818546488285714,0.04818546488285714,0.04818546488285714,0.04818546488285714,0.04818546488285714,0.04818546488285714,0.04818546488285714,0.04818546488285714,0.04818546488285714,0.04818546488285714,0.04818546488285714,0.04818546488285714,0.04818546488285714,0.04818546488285714,0.04818546488285714,0.04818546488285714,0.04818546488285714,0.04818546488285714,0.04818546488285714,0.04818546488285714,0.04818546488285714,0.04818546488285714,0.04818546488285714,0.04818546488285714,0.04818546488285714,0.04818546488285714,0.04818546488285714,0.04818546488285714,0.04818546488285714,0.04818546488285714,0.04818546488285714,0.04818546488285714,0.04818546488285714,0.04818546488285714,0.04818546488285714,0.04818546488285714,0.04818546488285714,0.04818546488285714,0.04818546488285714,0.04818546488285714,0.04818546488285714,0.04818546488285714,0.04818546488285714,0.04818546488285714,0.04818546488285714,0.04818546488285714,0.04818546488285714,0.04818546488285714,0.017302436730136955,0.0,0.0,0.0,0.0,0.0060627625418,0.005649628580022389,0.1245611844958571,0.13111703631142851,0.13481612653726832
chiplet_chiplet_61_chiplet,0.04818546488285714,0.04818546488285714,0.04818546488285714,0.04818546488285714,0.04818546488285714,0.04818546488285714,0.04818546488285714,0.04818546488285714,0.04818546488285714,0.04818546488285714,0.04818546488285714,0.04818546488285714,0.04818546488285714,0.04818546488285714,0.04818546488285714,0.04818546488285714,0.04818546488285714,0.04818546488285714,0.04818546488285714,0.04818546488285714,0.04818546488285714,0.04818546488285714,0.04818546488285714,0.04818546488285714,0.04818546488285714,0.04818546488285714,0.04818546488285714,0.04818546488285714,0.04818546488285714,0.04818546488285714,0.04818546488285714,0.04818546488285714,0.04818546488285714,0.04818546488285714,0.04818546488285714,0.04818546488285714,0.04818546488285714,0.04818546488285714,0.04818546488285714,0.04818546488285714,0.04818546488285714,0.04818546488285714,0.04818546488285714,0.04818546488285714,0.04818546488285714,0.04818546488285714,0.04818546488285714,0.04818546488285714,0.04818546488285714,0.04818546488285714,0.04818546488285714,0.04818546488285714,0.04818546488285714,0.04818546488285714,0.04818546488285714,0.04818546488285714,0.04818546488285714,0.04818546488285714,0.04818546488285714,0.04818546488285714,0.04818546488285714,0.04818546488285714,0.04818546488285714,0.04818546488285714,0.04818546488285714,0.04818546488285714,0.04818546488285714,0.04818546488285714,0.04818546488285714,0.04818546488285714,0.04818546488285714,0.04818546488285714,0.04818546488285714,0.04818546488285714,0.04818546488285714,0.04818546488285714,0.04818546488285714,0.04818546488285714,0.04818546488285714,0.04818546488285714,0.04818546488285714,0.04818546488285714,0.04818546488285714,0.04818546488285714,0.04818546488285714,0.04818546488285714,0.04818546488285714,0.04818546488285714,0.04818546488285714,0.04818546488285714,0.04818546488285714,0.04818546488285714,0.04818546488285714,0.04818546488285714,0.04818546488285714,0.04818546488285714,0.04818546488285714,0.04818546488285714,0.04818546488285714,0.04818546488285714,0.04818546488285714,0.04818546488285714,0.04818546488285714,0.04818546488285714,0.04818546488285714,0.04818546488285714,0.04818546488285714,0.04818546488285714,0.04818546488285714,0.04818546488285714,0.04818546488285714,0.04818546488285714,0.04818546488285714,0.04818546488285714,0.04818546488285714,0.04818546488285714,0.04818546488285714,0.04818546488285714,0.04818546488285714,0.04818546488285714,0.04818546488285714,0.04818546488285714,0.04818546488285714,0.04818546488285714,0.04818546488285714,0.04818546488285714,0.04818546488285714,0.04818546488285714,0.04818546488285714,0.04818546488285714,0.04818546488285714,0.04818546488285714,0.04818546488285714,0.017302436730136955,0.0,0.0,0.0,0.0,0.0060627625418,0.005649628580022389,0.1245611844958571,0.13111703631142851,0.13481612653726832
chiplet_chiplet_62_chiplet,0.05375856559714287,0.05375856559714287,0.05375856559714287,0.05375856559714287,0.05375856559714287,0.05375856559714287,0.05375856559714287,0.05375856559714287,0.05375856559714287,0.05375856559714287,0.05375856559714287,0.05375856559714287,0.05375856559714287,0.05375856559714287,0.05375856559714287,0.05375856559714287,0.05375856559714287,0.05375856559714287,0.05375856559714287,0.05375856559714287,0.05375856559714287,0.05375856559714287,0.05375856559714287,0.05375856559714287,0.05375856559714287,0.05375856559714287,0.05375856559714287,0.05375856559714287,0.05375856559714287,0.05375856559714287,0.05375856559714287,0.05375856559714287,0.05375856559714287,0.05375856559714287,0.05375856559714287,0.05375856559714287,0.05375856559714287,0.05375856559714287,0.05375856559714287,0.05375856559714287,0.05375856559714287,0.05375856559714287,0.05375856559714287,0.05375856559714287,0.05375856559714287,0.05375856559714287,0.05375856559714287,0.05375856559714287,0.05375856559714287,0.05375856559714287,0.05375856559714287,0.05375856559714287,0.05375856559714287,0.05375856559714287,0.05375856559714287,0.05375856559714287,0.05375856559714287,0.05375856559714287,0.05375856559714287,0.05375856559714287,0.05375856559714287,0.05375856559714287,0.05375856559714287,0.05375856559714287,0.05375856559714287,0.05375856559714287,0.05375856559714287,0.05375856559714287,0.05375856559714287,0.05375856559714287,0.05375856559714287,0.05375856559714287,0.05375856559714287,0.05375856559714287,0.05375856559714287,0.05375856559714287,0.05375856559714287,0.05375856559714287,0.05375856559714287,0.05375856559714287,0.05375856559714287,0.05375856559714287,0.05375856559714287,0.05375856559714287,0.05375856559714287,0.05375856559714287,0.05375856559714287,0.05375856559714287,0.05375856559714287,0.05375856559714287,0.05375856559714287,0.05375856559714287,0.05375856559714287,0.05375856559714287,0.05375856559714287,0.05375856559714287,0.05375856559714287,0.05375856559714287,0.05375856559714287,0.05375856559714287,0.05375856559714287,0.05375856559714287,0.05375856559714287,0.05375856559714287,0.05375856559714287,0.05375856559714287,0.05375856559714287,0.05375856559714287,0.05375856559714287,0.05375856559714287,0.05375856559714287,0.05375856559714287,0.05375856559714287,0.05375856559714287,0.05375856559714287,0.05375856559714287,0.05375856559714287,0.05375856559714287,0.05375856559714287,0.05375856559714287,0.05375856559714287,0.05375856559714287,0.05375856559714287,0.05375856559714287,0.05375856559714287,0.05375856559714287,0.05375856559714287,0.05375856559714287,0.05375856559714287,0.05375856559714287,0.05375856559714287,0.05375856559714287,0.05375856559714287,0.01930362573462274,0.0,0.0,0.0,0.0,0.0064528795918,0.006013161939615205,0.12985563017442855,0.13669013702571425,0.13873862856069197
chiplet_chiplet_63_chiplet,0.05375856559714287,0.05375856559714287,0.05375856559714287,0.05375856559714287,0.05375856559714287,0.05375856559714287,0.05375856559714287,0.05375856559714287,0.05375856559714287,0.05375856559714287,0.05375856559714287,0.05375856559714287,0.05375856559714287,0.05375856559714287,0.05375856559714287,0.05375856559714287,0.05375856559714287,0.05375856559714287,0.05375856559714287,0.05375856559714287,0.05375856559714287,0.05375856559714287,0.05375856559714287,0.05375856559714287,0.05375856559714287,0.05375856559714287,0.05375856559714287,0.05375856559714287,0.05375856559714287,0.05375856559714287,0.05375856559714287,0.05375856559714287,0.05375856559714287,0.05375856559714287,0.05375856559714287,0.05375856559714287,0.05375856559714287,0.05375856559714287,0.05375856559714287,0.05375856559714287,0.05375856559714287,0.05375856559714287,0.05375856559714287,0.05375856559714287,0.05375856559714287,0.05375856559714287,0.05375856559714287,0.05375856559714287,0.05375856559714287,0.05375856559714287,0.05375856559714287,0.05375856559714287,0.05375856559714287,0.05375856559714287,0.05375856559714287,0.05375856559714287,0.05375856559714287,0.05375856559714287,0.05375856559714287,0.05375856559714287,0.05375856559714287,0.05375856559714287,0.05375856559714287,0.05375856559714287,0.05375856559714287,0.05375856559714287,0.05375856559714287,0.05375856559714287,0.05375856559714287,0.05375856559714287,0.05375856559714287,0.05375856559714287,0.05375856559714287,0.05375856559714287,0.05375856559714287,0.05375856559714287,0.05375856559714287,0.05375856559714287,0.05375856559714287,0.05375856559714287,0.05375856559714287,0.05375856559714287,0.05375856559714287,0.05375856559714287,0.05375856559714287,0.05375856559714287,0.05375856559714287,0.05375856559714287,0.05375856559714287,0.05375856559714287,0.05375856559714287,0.05375856559714287,0.05375856559714287,0.05375856559714287,0.05375856559714287,0.05375856559714287,0.05375856559714287,0.05375856559714287,0.05375856559714287,0.05375856559714287,0.05375856559714287,0.05375856559714287,0.05375856559714287,0.05375856559714287,0.05375856559714287,0.05375856559714287,0.05375856559714287,0.05375856559714287,0.05375856559714287,0.05375856559714287,0.05375856559714287,0.05375856559714287,0.05375856559714287,0.05375856559714287,0.05375856559714287,0.05375856559714287,0.05375856559714287,0.05375856559714287,0.05375856559714287,0.05375856559714287,0.05375856559714287,0.05375856559714287,0.05375856559714287,0.05375856559714287,0.05375856559714287,0.05375856559714287,0.05375856559714287,0.05375856559714287,0.05375856559714287,0.05375856559714287,0.05375856559714287,0.05375856559714287,0.05375856559714287,0.01930362573462274,0.0,0.0,0.0,0.0,0.0064528795918,0.006013161939615205,0.12985563017442855,0.13669013702571425,0.13873862856069197
chiplet_chiplet_64_chiplet,0.05375856559714287,0.05375856559714287,0.05375856559714287,0.05375856559714287,0.05375856559714287,0.05375856559714287,0.05375856559714287,0.05375856559714287,0.05375856559714287,0.05375856559714287,0.05375856559714287,0.05375856559714287,0.05375856559714287,0.05375856559714287,0.05375856559714287,0.05375856559714287,0.05375856559714287,0.05375856559714287,0.05375856559714287,0.05375856559714287,0.05375856559714287,0.05375856559714287,0.05375856559714287,0.05375856559714287,0.05375856559714287,0.05375856559714287,0.05375856559714287,0.05375856559714287,0.05375856559714287,0.05375856559714287,0.05375856559714287,0.05375856559714287,0.05375856559714287,0.05375856559714287,0.05375856559714287,0.05375856559714287,0.05375856559714287,0.05375856559714287,0.05375856559714287,0.05375856559714287,0.05375856559714287,0.05375856559714287,0.05375856559714287,0.05375856559714287,0.05375856559714287,0.05375856559714287,0.05375856559714287,0.05375856559714287,0.05375856559714287,0.05375856559714287,0.05375856559714287,0.05375856559714287,0.05375856559714287,0.05375856559714287,0.05375856559714287,0.05375856559714287,0.05375856559714287,0.05375856559714287,0.05375856559714287,0.05375856559714287,0.05375856559714287,0.05375856559714287,0.05375856559714287,0.05375856559714287,0.05375856559714287,0.05375856559714287,0.05375856559714287,0.05375856559714287,0.05375856559714287,0.05375856559714287,0.05375856559714287,0.05375856559714287,0.05375856559714287,0.05375856559714287,0.05375856559714287,0.05375856559714287,0.05375856559714287,0.05375856559714287,0.05375856559714287,0.05375856559714287,0.05375856559714287,0.05375856559714287,0.05375856559714287,0.05375856559714287,0.05375856559714287,0.05375856559714287,0.05375856559714287,0.05375856559714287,0.05375856559714287,0.05375856559714287,0.05375856559714287,0.05375856559714287,0.05375856559714287,0.05375856559714287,0.05375856559714287,0.05375856559714287,0.05375856559714287,0.05375856559714287,0.05375856559714287,0.05375856559714287,0.05375856559714287,0.05375856559714287,0.05375856559714287,0.05375856559714287,0.05375856559714287,0.05375856559714287,0.05375856559714287,0.05375856559714287,0.05375856559714287,0.05375856559714287,0.05375856559714287,0.05375856559714287,0.05375856559714287,0.05375856559714287,0.05375856559714287,0.05375856559714287,0.05375856559714287,0.05375856559714287,0.05375856559714287,0.05375856559714287,0.05375856559714287,0.05375856559714287,0.05375856559714287,0.05375856559714287,0.05375856559714287,0.05375856559714287,0.05375856559714287,0.05375856559714287,0.05375856559714287,0.05375856559714287,0.05375856559714287,0.05375856559714287,0.05375856559714287,0.01930362573462274,0.0,0.0,0.0,0.0,0.0064528795918,0.006013161939615205,0.12985563017442855,0.13669013702571425,0.13873862856069197
chiplet_chiplet_65_chiplet,0.05375856559714287,0.05375856559714287,0.05375856559714287,0.05375856559714287,0.05375856559714287,0.05375856559714287,0.05375856559714287,0.05375856559714287,0.05375856559714287,0.05375856559714287,0.05375856559714287,0.05375856559714287,0.05375856559714287,0.05375856559714287,0.05375856559714287,0.05375856559714287,0.05375856559714287,0.05375856559714287,0.05375856559714287,0.05375856559714287,0.05375856559714287,0.05375856559714287,0.05375856559714287,0.05375856559714287,0.05375856559714287,0.05375856559714287,0.05375856559714287,0.05375856559714287,0.05375856559714287,0.05375856559714287,0.05375856559714287,0.05375856559714287,0.05375856559714287,0.05375856559714287,0.05375856559714287,0.05375856559714287,0.05375856559714287,0.05375856559714287,0.05375856559714287,0.05375856559714287,0.05375856559714287,0.05375856559714287,0.05375856559714287,0.05375856559714287,0.05375856559714287,0.05375856559714287,0.05375856559714287,0.05375856559714287,0.05375856559714287,0.05375856559714287,0.05375856559714287,0.05375856559714287,0.05375856559714287,0.05375856559714287,0.05375856559714287,0.05375856559714287,0.05375856559714287,0.05375856559714287,0.05375856559714287,0.05375856559714287,0.05375856559714287,0.05375856559714287,0.05375856559714287,0.05375856559714287,0.05375856559714287,0.05375856559714287,0.05375856559714287,0.05375856559714287,0.05375856559714287,0.05375856559714287,0.05375856559714287,0.05375856559714287,0.05375856559714287,0.05375856559714287,0.05375856559714287,0.05375856559714287,0.05375856559714287,0.05375856559714287,0.05375856559714287,0.05375856559714287,0.05375856559714287,0.05375856559714287,0.05375856559714287,0.05375856559714287,0.05375856559714287,0.05375856559714287,0.05375856559714287,0.05375856559714287,0.05375856559714287,0.05375856559714287,0.05375856559714287,0.05375856559714287,0.05375856559714287,0.05375856559714287,0.05375856559714287,0.05375856559714287,0.05375856559714287,0.05375856559714287,0.05375856559714287,0.05375856559714287,0.05375856559714287,0.05375856559714287,0.05375856559714287,0.05375856559714287,0.05375856559714287,0.05375856559714287,0.05375856559714287,0.05375856559714287,0.05375856559714287,0.05375856559714287,0.05375856559714287,0.05375856559714287,0.05375856559714287,0.05375856559714287,0.05375856559714287,0.05375856559714287,0.05375856559714287,0.05375856559714287,0.05375856559714287,0.05375856559714287,0.05375856559714287,0.05375856559714287,0.05375856559714287,0.05375856559714287,0.05375856559714287,0.05375856559714287,0.05375856559714287,0.05375856559714287,0.05375856559714287,0.05375856559714287,0.05375856559714287,0.05375856559714287,0.05375856559714287,0.01930362573462274,0.0,0.0,0.0,0.0,0.0064528795918,0.006013161939615205,0.12985563017442855,0.13669013702571425,0.13873862856069197
chiplet_chiplet_66_chiplet,0.05375856559714287,0.05375856559714287,0.05375856559714287,0.05375856559714287,0.05375856559714287,0.05375856559714287,0.05375856559714287,0.05375856559714287,0.05375856559714287,0.05375856559714287,0.05375856559714287,0.05375856559714287,0.05375856559714287,0.05375856559714287,0.05375856559714287,0.05375856559714287,0.05375856559714287,0.05375856559714287,0.05375856559714287,0.05375856559714287,0.05375856559714287,0.05375856559714287,0.05375856559714287,0.05375856559714287,0.05375856559714287,0.05375856559714287,0.05375856559714287,0.05375856559714287,0.05375856559714287,0.05375856559714287,0.05375856559714287,0.05375856559714287,0.05375856559714287,0.05375856559714287,0.05375856559714287,0.05375856559714287,0.05375856559714287,0.05375856559714287,0.05375856559714287,0.05375856559714287,0.05375856559714287,0.05375856559714287,0.05375856559714287,0.05375856559714287,0.05375856559714287,0.05375856559714287,0.05375856559714287,0.05375856559714287,0.05375856559714287,0.05375856559714287,0.05375856559714287,0.05375856559714287,0.05375856559714287,0.05375856559714287,0.05375856559714287,0.05375856559714287,0.05375856559714287,0.05375856559714287,0.05375856559714287,0.05375856559714287,0.05375856559714287,0.05375856559714287,0.05375856559714287,0.05375856559714287,0.05375856559714287,0.05375856559714287,0.05375856559714287,0.05375856559714287,0.05375856559714287,0.05375856559714287,0.05375856559714287,0.05375856559714287,0.05375856559714287,0.05375856559714287,0.05375856559714287,0.05375856559714287,0.05375856559714287,0.05375856559714287,0.05375856559714287,0.05375856559714287,0.05375856559714287,0.05375856559714287,0.05375856559714287,0.05375856559714287,0.05375856559714287,0.05375856559714287,0.05375856559714287,0.05375856559714287,0.05375856559714287,0.05375856559714287,0.05375856559714287,0.05375856559714287,0.05375856559714287,0.05375856559714287,0.05375856559714287,0.05375856559714287,0.05375856559714287,0.05375856559714287,0.05375856559714287,0.05375856559714287,0.05375856559714287,0.05375856559714287,0.05375856559714287,0.05375856559714287,0.05375856559714287,0.05375856559714287,0.05375856559714287,0.05375856559714287,0.05375856559714287,0.05375856559714287,0.05375856559714287,0.05375856559714287,0.05375856559714287,0.05375856559714287,0.05375856559714287,0.05375856559714287,0.05375856559714287,0.05375856559714287,0.05375856559714287,0.05375856559714287,0.05375856559714287,0.05375856559714287,0.05375856559714287,0.05375856559714287,0.05375856559714287,0.05375856559714287,0.05375856559714287,0.05375856559714287,0.05375856559714287,0.05375856559714287,0.05375856559714287,0.05375856559714287,0.05375856559714287,0.01930362573462274,0.0,0.0,0.0,0.0,0.0064528795918,0.006013161939615205,0.12985563017442855,0.13669013702571425,0.13873862856069197
chiplet_chiplet_67_chiplet,0.05375856559714287,0.05375856559714287,0.05375856559714287,0.05375856559714287,0.05375856559714287,0.05375856559714287,0.05375856559714287,0.05375856559714287,0.05375856559714287,0.05375856559714287,0.05375856559714287,0.05375856559714287,0.05375856559714287,0.05375856559714287,0.05375856559714287,0.05375856559714287,0.05375856559714287,0.05375856559714287,0.05375856559714287,0.05375856559714287,0.05375856559714287,0.05375856559714287,0.05375856559714287,0.05375856559714287,0.05375856559714287,0.05375856559714287,0.05375856559714287,0.05375856559714287,0.05375856559714287,0.05375856559714287,0.05375856559714287,0.05375856559714287,0.05375856559714287,0.05375856559714287,0.05375856559714287,0.05375856559714287,0.05375856559714287,0.05375856559714287,0.05375856559714287,0.05375856559714287,0.05375856559714287,0.05375856559714287,0.05375856559714287,0.05375856559714287,0.05375856559714287,0.05375856559714287,0.05375856559714287,0.05375856559714287,0.05375856559714287,0.05375856559714287,0.05375856559714287,0.05375856559714287,0.05375856559714287,0.05375856559714287,0.05375856559714287,0.05375856559714287,0.05375856559714287,0.05375856559714287,0.05375856559714287,0.05375856559714287,0.05375856559714287,0.05375856559714287,0.05375856559714287,0.05375856559714287,0.05375856559714287,0.05375856559714287,0.05375856559714287,0.05375856559714287,0.05375856559714287,0.05375856559714287,0.05375856559714287,0.05375856559714287,0.05375856559714287,0.05375856559714287,0.05375856559714287,0.05375856559714287,0.05375856559714287,0.05375856559714287,0.05375856559714287,0.05375856559714287,0.05375856559714287,0.05375856559714287,0.05375856559714287,0.05375856559714287,0.05375856559714287,0.05375856559714287,0.05375856559714287,0.05375856559714287,0.05375856559714287,0.05375856559714287,0.05375856559714287,0.05375856559714287,0.05375856559714287,0.05375856559714287,0.05375856559714287,0.05375856559714287,0.05375856559714287,0.05375856559714287,0.05375856559714287,0.05375856559714287,0.05375856559714287,0.05375856559714287,0.05375856559714287,0.05375856559714287,0.05375856559714287,0.05375856559714287,0.05375856559714287,0.05375856559714287,0.05375856559714287,0.05375856559714287,0.05375856559714287,0.05375856559714287,0.05375856559714287,0.05375856559714287,0.05375856559714287,0.05375856559714287,0.05375856559714287,0.05375856559714287,0.05375856559714287,0.05375856559714287,0.05375856559714287,0.05375856559714287,0.05375856559714287,0.05375856559714287,0.05375856559714287,0.05375856559714287,0.05375856559714287,0.05375856559714287,0.05375856559714287,0.05375856559714287,0.05375856559714287,0.05375856559714287,0.05375856559714287,0.01930362573462274,0.0,0.0,0.0,0.0,0.0064528795918,0.006013161939615205,0.12985563017442855,0.13669013702571425,0.13873862856069197
chiplet_chiplet_68_chiplet,0.05375856559714287,0.05375856559714287,0.05375856559714287,0.05375856559714287,0.05375856559714287,0.05375856559714287,0.05375856559714287,0.05375856559714287,0.05375856559714287,0.05375856559714287,0.05375856559714287,0.05375856559714287,0.05375856559714287,0.05375856559714287,0.05375856559714287,0.05375856559714287,0.05375856559714287,0.05375856559714287,0.05375856559714287,0.05375856559714287,0.05375856559714287,0.05375856559714287,0.05375856559714287,0.05375856559714287,0.05375856559714287,0.05375856559714287,0.05375856559714287,0.05375856559714287,0.05375856559714287,0.05375856559714287,0.05375856559714287,0.05375856559714287,0.05375856559714287,0.05375856559714287,0.05375856559714287,0.05375856559714287,0.05375856559714287,0.05375856559714287,0.05375856559714287,0.05375856559714287,0.05375856559714287,0.05375856559714287,0.05375856559714287,0.05375856559714287,0.05375856559714287,0.05375856559714287,0.05375856559714287,0.05375856559714287,0.05375856559714287,0.05375856559714287,0.05375856559714287,0.05375856559714287,0.05375856559714287,0.05375856559714287,0.05375856559714287,0.05375856559714287,0.05375856559714287,0.05375856559714287,0.05375856559714287,0.05375856559714287,0.05375856559714287,0.05375856559714287,0.05375856559714287,0.05375856559714287,0.05375856559714287,0.05375856559714287,0.05375856559714287,0.05375856559714287,0.05375856559714287,0.05375856559714287,0.05375856559714287,0.05375856559714287,0.05375856559714287,0.05375856559714287,0.05375856559714287,0.05375856559714287,0.05375856559714287,0.05375856559714287,0.05375856559714287,0.05375856559714287,0.05375856559714287,0.05375856559714287,0.05375856559714287,0.05375856559714287,0.05375856559714287,0.05375856559714287,0.05375856559714287,0.05375856559714287,0.05375856559714287,0.05375856559714287,0.05375856559714287,0.05375856559714287,0.05375856559714287,0.05375856559714287,0.05375856559714287,0.05375856559714287,0.05375856559714287,0.05375856559714287,0.05375856559714287,0.05375856559714287,0.05375856559714287,0.05375856559714287,0.05375856559714287,0.05375856559714287,0.05375856559714287,0.05375856559714287,0.05375856559714287,0.05375856559714287,0.05375856559714287,0.05375856559714287,0.05375856559714287,0.05375856559714287,0.05375856559714287,0.05375856559714287,0.05375856559714287,0.05375856559714287,0.05375856559714287,0.05375856559714287,0.05375856559714287,0.05375856559714287,0.05375856559714287,0.05375856559714287,0.05375856559714287,0.05375856559714287,0.05375856559714287,0.05375856559714287,0.05375856559714287,0.05375856559714287,0.05375856559714287,0.05375856559714287,0.05375856559714287,0.05375856559714287,0.05375856559714287,0.01930362573462274,0.0,0.0,0.0,0.0,0.0064528795918,0.006013161939615205,0.12985563017442855,0.13669013702571425,0.13873862856069197
chiplet_chiplet_69_chiplet,0.05375856559714287,0.05375856559714287,0.05375856559714287,0.05375856559714287,0.05375856559714287,0.05375856559714287,0.05375856559714287,0.05375856559714287,0.05375856559714287,0.05375856559714287,0.05375856559714287,0.05375856559714287,0.05375856559714287,0.05375856559714287,0.05375856559714287,0.05375856559714287,0.05375856559714287,0.05375856559714287,0.05375856559714287,0.05375856559714287,0.05375856559714287,0.05375856559714287,0.05375856559714287,0.05375856559714287,0.05375856559714287,0.05375856559714287,0.05375856559714287,0.05375856559714287,0.05375856559714287,0.05375856559714287,0.05375856559714287,0.05375856559714287,0.05375856559714287,0.05375856559714287,0.05375856559714287,0.05375856559714287,0.05375856559714287,0.05375856559714287,0.05375856559714287,0.05375856559714287,0.05375856559714287,0.05375856559714287,0.05375856559714287,0.05375856559714287,0.05375856559714287,0.05375856559714287,0.05375856559714287,0.05375856559714287,0.05375856559714287,0.05375856559714287,0.05375856559714287,0.05375856559714287,0.05375856559714287,0.05375856559714287,0.05375856559714287,0.05375856559714287,0.05375856559714287,0.05375856559714287,0.05375856559714287,0.05375856559714287,0.05375856559714287,0.05375856559714287,0.05375856559714287,0.05375856559714287,0.05375856559714287,0.05375856559714287,0.05375856559714287,0.05375856559714287,0.05375856559714287,0.05375856559714287,0.05375856559714287,0.05375856559714287,0.05375856559714287,0.05375856559714287,0.05375856559714287,0.05375856559714287,0.05375856559714287,0.05375856559714287,0.05375856559714287,0.05375856559714287,0.05375856559714287,0.05375856559714287,0.05375856559714287,0.05375856559714287,0.05375856559714287,0.05375856559714287,0.05375856559714287,0.05375856559714287,0.05375856559714287,0.05375856559714287,0.05375856559714287,0.05375856559714287,0.05375856559714287,0.05375856559714287,0.05375856559714287,0.05375856559714287,0.05375856559714287,0.05375856559714287,0.05375856559714287,0.05375856559714287,0.05375856559714287,0.05375856559714287,0.05375856559714287,0.05375856559714287,0.05375856559714287,0.05375856559714287,0.05375856559714287,0.05375856559714287,0.05375856559714287,0.05375856559714287,0.05375856559714287,0.05375856559714287,0.05375856559714287,0.05375856559714287,0.05375856559714287,0.05375856559714287,0.05375856559714287,0.05375856559714287,0.05375856559714287,0.05375856559714287,0.05375856559714287,0.05375856559714287,0.05375856559714287,0.05375856559714287,0.05375856559714287,0.05375856559714287,0.05375856559714287,0.05375856559714287,0.05375856559714287,0.05375856559714287,0.05375856559714287,0.05375856559714287,0.05375856559714287,0.01930362573462274,0.0,0.0,0.0,0.0,0.0064528795918,0.006013161939615205,0.12985563017442855,0.13669013702571425,0.13873862856069197
chiplet_chiplet_70_chiplet,0.04818546488285714,0.04818546488285714,0.04818546488285714,0.04818546488285714,0.04818546488285714,0.04818546488285714,0.04818546488285714,0.04818546488285714,0.04818546488285714,0.04818546488285714,0.04818546488285714,0.04818546488285714,0.04818546488285714,0.04818546488285714,0.04818546488285714,0.04818546488285714,0.04818546488285714,0.04818546488285714,0.04818546488285714,0.04818546488285714,0.04818546488285714,0.04818546488285714,0.04818546488285714,0.04818546488285714,0.04818546488285714,0.04818546488285714,0.04818546488285714,0.04818546488285714,0.04818546488285714,0.04818546488285714,0.04818546488285714,0.04818546488285714,0.04818546488285714,0.04818546488285714,0.04818546488285714,0.04818546488285714,0.04818546488285714,0.04818546488285714,0.04818546488285714,0.04818546488285714,0.04818546488285714,0.04818546488285714,0.04818546488285714,0.04818546488285714,0.04818546488285714,0.04818546488285714,0.04818546488285714,0.04818546488285714,0.04818546488285714,0.04818546488285714,0.04818546488285714,0.04818546488285714,0.04818546488285714,0.04818546488285714,0.04818546488285714,0.04818546488285714,0.04818546488285714,0.04818546488285714,0.04818546488285714,0.04818546488285714,0.04818546488285714,0.04818546488285714,0.04818546488285714,0.04818546488285714,0.04818546488285714,0.04818546488285714,0.04818546488285714,0.04818546488285714,0.04818546488285714,0.04818546488285714,0.04818546488285714,0.04818546488285714,0.04818546488285714,0.04818546488285714,0.04818546488285714,0.04818546488285714,0.04818546488285714,0.04818546488285714,0.04818546488285714,0.04818546488285714,0.04818546488285714,0.04818546488285714,0.04818546488285714,0.04818546488285714,0.04818546488285714,0.04818546488285714,0.04818546488285714,0.04818546488285714,0.04818546488285714,0.04818546488285714,0.04818546488285714,0.04818546488285714,0.04818546488285714,0.04818546488285714,0.04818546488285714,0.04818546488285714,0.04818546488285714,0.04818546488285714,0.04818546488285714,0.04818546488285714,0.04818546488285714,0.04818546488285714,0.04818546488285714,0.04818546488285714,0.04818546488285714,0.04818546488285714,0.04818546488285714,0.04818546488285714,0.04818546488285714,0.04818546488285714,0.04818546488285714,0.04818546488285714,0.04818546488285714,0.04818546488285714,0.04818546488285714,0.04818546488285714,0.04818546488285714,0.04818546488285714,0.04818546488285714,0.04818546488285714,0.04818546488285714,0.04818546488285714,0.04818546488285714,0.04818546488285714,0.04818546488285714,0.04818546488285714,0.04818546488285714,0.04818546488285714,0.04818546488285714,0.04818546488285714,0.04818546488285714,0.04818546488285714,0.04818546488285714,0.017302436730136955,0.0,0.0,0.0,0.0,0.0060627625418,0.005649628580022389,0.1245611844958571,0.13111703631142851,0.13481612653726832
chiplet_chiplet_71_chiplet,0.04818546488285714,0.04818546488285714,0.04818546488285714,0.04818546488285714,0.04818546488285714,0.04818546488285714,0.04818546488285714,0.04818546488285714,0.04818546488285714,0.04818546488285714,0.04818546488285714,0.04818546488285714,0.04818546488285714,0.04818546488285714,0.04818546488285714,0.04818546488285714,0.04818546488285714,0.04818546488285714,0.04818546488285714,0.04818546488285714,0.04818546488285714,0.04818546488285714,0.04818546488285714,0.04818546488285714,0.04818546488285714,0.04818546488285714,0.04818546488285714,0.04818546488285714,0.04818546488285714,0.04818546488285714,0.04818546488285714,0.04818546488285714,0.04818546488285714,0.04818546488285714,0.04818546488285714,0.04818546488285714,0.04818546488285714,0.04818546488285714,0.04818546488285714,0.04818546488285714,0.04818546488285714,0.04818546488285714,0.04818546488285714,0.04818546488285714,0.04818546488285714,0.04818546488285714,0.04818546488285714,0.04818546488285714,0.04818546488285714,0.04818546488285714,0.04818546488285714,0.04818546488285714,0.04818546488285714,0.04818546488285714,0.04818546488285714,0.04818546488285714,0.04818546488285714,0.04818546488285714,0.04818546488285714,0.04818546488285714,0.04818546488285714,0.04818546488285714,0.04818546488285714,0.04818546488285714,0.04818546488285714,0.04818546488285714,0.04818546488285714,0.04818546488285714,0.04818546488285714,0.04818546488285714,0.04818546488285714,0.04818546488285714,0.04818546488285714,0.04818546488285714,0.04818546488285714,0.04818546488285714,0.04818546488285714,0.04818546488285714,0.04818546488285714,0.04818546488285714,0.04818546488285714,0.04818546488285714,0.04818546488285714,0.04818546488285714,0.04818546488285714,0.04818546488285714,0.04818546488285714,0.04818546488285714,0.04818546488285714,0.04818546488285714,0.04818546488285714,0.04818546488285714,0.04818546488285714,0.04818546488285714,0.04818546488285714,0.04818546488285714,0.04818546488285714,0.04818546488285714,0.04818546488285714,0.04818546488285714,0.04818546488285714,0.04818546488285714,0.04818546488285714,0.04818546488285714,0.04818546488285714,0.04818546488285714,0.04818546488285714,0.04818546488285714,0.04818546488285714,0.04818546488285714,0.04818546488285714,0.04818546488285714,0.04818546488285714,0.04818546488285714,0.04818546488285714,0.04818546488285714,0.04818546488285714,0.04818546488285714,0.04818546488285714,0.04818546488285714,0.04818546488285714,0.04818546488285714,0.04818546488285714,0.04818546488285714,0.04818546488285714,0.04818546488285714,0.04818546488285714,0.04818546488285714,0.04818546488285714,0.04818546488285714,0.04818546488285714,0.04818546488285714,0.04818546488285714,0.017302436730136955,0.0,0.0,0.0,0.0,0.0060627625418,0.005649628580022389,0.1245611844958571,0.13111703631142851,0.13481612653726832
chiplet_chiplet_72_chiplet,0.05375856559714287,0.05375856559714287,0.05375856559714287,0.05375856559714287,0.05375856559714287,0.05375856559714287,0.05375856559714287,0.05375856559714287,0.05375856559714287,0.05375856559714287,0.05375856559714287,0.05375856559714287,0.05375856559714287,0.05375856559714287,0.05375856559714287,0.05375856559714287,0.05375856559714287,0.05375856559714287,0.05375856559714287,0.05375856559714287,0.05375856559714287,0.05375856559714287,0.05375856559714287,0.05375856559714287,0.05375856559714287,0.05375856559714287,0.05375856559714287,0.05375856559714287,0.05375856559714287,0.05375856559714287,0.05375856559714287,0.05375856559714287,0.05375856559714287,0.05375856559714287,0.05375856559714287,0.05375856559714287,0.05375856559714287,0.05375856559714287,0.05375856559714287,0.05375856559714287,0.05375856559714287,0.05375856559714287,0.05375856559714287,0.05375856559714287,0.05375856559714287,0.05375856559714287,0.05375856559714287,0.05375856559714287,0.05375856559714287,0.05375856559714287,0.05375856559714287,0.05375856559714287,0.05375856559714287,0.05375856559714287,0.05375856559714287,0.05375856559714287,0.05375856559714287,0.05375856559714287,0.05375856559714287,0.05375856559714287,0.05375856559714287,0.05375856559714287,0.05375856559714287,0.05375856559714287,0.05375856559714287,0.05375856559714287,0.05375856559714287,0.05375856559714287,0.05375856559714287,0.05375856559714287,0.05375856559714287,0.05375856559714287,0.05375856559714287,0.05375856559714287,0.05375856559714287,0.05375856559714287,0.05375856559714287,0.05375856559714287,0.05375856559714287,0.05375856559714287,0.05375856559714287,0.05375856559714287,0.05375856559714287,0.05375856559714287,0.05375856559714287,0.05375856559714287,0.05375856559714287,0.05375856559714287,0.05375856559714287,0.05375856559714287,0.05375856559714287,0.05375856559714287,0.05375856559714287,0.05375856559714287,0.05375856559714287,0.05375856559714287,0.05375856559714287,0.05375856559714287,0.05375856559714287,0.05375856559714287,0.05375856559714287,0.05375856559714287,0.05375856559714287,0.05375856559714287,0.05375856559714287,0.05375856559714287,0.05375856559714287,0.05375856559714287,0.05375856559714287,0.05375856559714287,0.05375856559714287,0.05375856559714287,0.05375856559714287,0.05375856559714287,0.05375856559714287,0.05375856559714287,0.05375856559714287,0.05375856559714287,0.05375856559714287,0.05375856559714287,0.05375856559714287,0.05375856559714287,0.05375856559714287,0.05375856559714287,0.05375856559714287,0.05375856559714287,0.05375856559714287,0.05375856559714287,0.05375856559714287,0.05375856559714287,0.05375856559714287,0.05375856559714287,0.05375856559714287,0.01930362573462274,0.0,0.0,0.0,0.0,0.0064528795918,0.006013161939615205,0.12985563017442855,0.13669013702571425,0.13873862856069197
chiplet_chiplet_73_chiplet,0.05375856559714287,0.05375856559714287,0.05375856559714287,0.05375856559714287,0.05375856559714287,0.05375856559714287,0.05375856559714287,0.05375856559714287,0.05375856559714287,0.05375856559714287,0.05375856559714287,0.05375856559714287,0.05375856559714287,0.05375856559714287,0.05375856559714287,0.05375856559714287,0.05375856559714287,0.05375856559714287,0.05375856559714287,0.05375856559714287,0.05375856559714287,0.05375856559714287,0.05375856559714287,0.05375856559714287,0.05375856559714287,0.05375856559714287,0.05375856559714287,0.05375856559714287,0.05375856559714287,0.05375856559714287,0.05375856559714287,0.05375856559714287,0.05375856559714287,0.05375856559714287,0.05375856559714287,0.05375856559714287,0.05375856559714287,0.05375856559714287,0.05375856559714287,0.05375856559714287,0.05375856559714287,0.05375856559714287,0.05375856559714287,0.05375856559714287,0.05375856559714287,0.05375856559714287,0.05375856559714287,0.05375856559714287,0.05375856559714287,0.05375856559714287,0.05375856559714287,0.05375856559714287,0.05375856559714287,0.05375856559714287,0.05375856559714287,0.05375856559714287,0.05375856559714287,0.05375856559714287,0.05375856559714287,0.05375856559714287,0.05375856559714287,0.05375856559714287,0.05375856559714287,0.05375856559714287,0.05375856559714287,0.05375856559714287,0.05375856559714287,0.05375856559714287,0.05375856559714287,0.05375856559714287,0.05375856559714287,0.05375856559714287,0.05375856559714287,0.05375856559714287,0.05375856559714287,0.05375856559714287,0.05375856559714287,0.05375856559714287,0.05375856559714287,0.05375856559714287,0.05375856559714287,0.05375856559714287,0.05375856559714287,0.05375856559714287,0.05375856559714287,0.05375856559714287,0.05375856559714287,0.05375856559714287,0.05375856559714287,0.05375856559714287,0.05375856559714287,0.05375856559714287,0.05375856559714287,0.05375856559714287,0.05375856559714287,0.05375856559714287,0.05375856559714287,0.05375856559714287,0.05375856559714287,0.05375856559714287,0.05375856559714287,0.05375856559714287,0.05375856559714287,0.05375856559714287,0.05375856559714287,0.05375856559714287,0.05375856559714287,0.05375856559714287,0.05375856559714287,0.05375856559714287,0.05375856559714287,0.05375856559714287,0.05375856559714287,0.05375856559714287,0.05375856559714287,0.05375856559714287,0.05375856559714287,0.05375856559714287,0.05375856559714287,0.05375856559714287,0.05375856559714287,0.05375856559714287,0.05375856559714287,0.05375856559714287,0.05375856559714287,0.05375856559714287,0.05375856559714287,0.05375856559714287,0.05375856559714287,0.05375856559714287,0.05375856559714287,0.05375856559714287,0.05375856559714287,0.01930362573462274,0.0,0.0,0.0,0.0,0.0064528795918,0.006013161939615205,0.12985563017442855,0.13669013702571425,0.13873862856069197
chiplet_chiplet_74_chiplet,0.05375856559714287,0.05375856559714287,0.05375856559714287,0.05375856559714287,0.05375856559714287,0.05375856559714287,0.05375856559714287,0.05375856559714287,0.05375856559714287,0.05375856559714287,0.05375856559714287,0.05375856559714287,0.05375856559714287,0.05375856559714287,0.05375856559714287,0.05375856559714287,0.05375856559714287,0.05375856559714287,0.05375856559714287,0.05375856559714287,0.05375856559714287,0.05375856559714287,0.05375856559714287,0.05375856559714287,0.05375856559714287,0.05375856559714287,0.05375856559714287,0.05375856559714287,0.05375856559714287,0.05375856559714287,0.05375856559714287,0.05375856559714287,0.05375856559714287,0.05375856559714287,0.05375856559714287,0.05375856559714287,0.05375856559714287,0.05375856559714287,0.05375856559714287,0.05375856559714287,0.05375856559714287,0.05375856559714287,0.05375856559714287,0.05375856559714287,0.05375856559714287,0.05375856559714287,0.05375856559714287,0.05375856559714287,0.05375856559714287,0.05375856559714287,0.05375856559714287,0.05375856559714287,0.05375856559714287,0.05375856559714287,0.05375856559714287,0.05375856559714287,0.05375856559714287,0.05375856559714287,0.05375856559714287,0.05375856559714287,0.05375856559714287,0.05375856559714287,0.05375856559714287,0.05375856559714287,0.05375856559714287,0.05375856559714287,0.05375856559714287,0.05375856559714287,0.05375856559714287,0.05375856559714287,0.05375856559714287,0.05375856559714287,0.05375856559714287,0.05375856559714287,0.05375856559714287,0.05375856559714287,0.05375856559714287,0.05375856559714287,0.05375856559714287,0.05375856559714287,0.05375856559714287,0.05375856559714287,0.05375856559714287,0.05375856559714287,0.05375856559714287,0.05375856559714287,0.05375856559714287,0.05375856559714287,0.05375856559714287,0.05375856559714287,0.05375856559714287,0.05375856559714287,0.05375856559714287,0.05375856559714287,0.05375856559714287,0.05375856559714287,0.05375856559714287,0.05375856559714287,0.05375856559714287,0.05375856559714287,0.05375856559714287,0.05375856559714287,0.05375856559714287,0.05375856559714287,0.05375856559714287,0.05375856559714287,0.05375856559714287,0.05375856559714287,0.05375856559714287,0.05375856559714287,0.05375856559714287,0.05375856559714287,0.05375856559714287,0.05375856559714287,0.05375856559714287,0.05375856559714287,0.05375856559714287,0.05375856559714287,0.05375856559714287,0.05375856559714287,0.05375856559714287,0.05375856559714287,0.05375856559714287,0.05375856559714287,0.05375856559714287,0.05375856559714287,0.05375856559714287,0.05375856559714287,0.05375856559714287,0.05375856559714287,0.05375856559714287,0.05375856559714287,0.05375856559714287,0.01930362573462274,0.0,0.0,0.0,0.0,0.0064528795918,0.006013161939615205,0.12985563017442855,0.13669013702571425,0.13873862856069197
chiplet_chiplet_75_chiplet,0.05375856559714287,0.05375856559714287,0.05375856559714287,0.05375856559714287,0.05375856559714287,0.05375856559714287,0.05375856559714287,0.05375856559714287,0.05375856559714287,0.05375856559714287,0.05375856559714287,0.05375856559714287,0.05375856559714287,0.05375856559714287,0.05375856559714287,0.05375856559714287,0.05375856559714287,0.05375856559714287,0.05375856559714287,0.05375856559714287,0.05375856559714287,0.05375856559714287,0.05375856559714287,0.05375856559714287,0.05375856559714287,0.05375856559714287,0.05375856559714287,0.05375856559714287,0.05375856559714287,0.05375856559714287,0.05375856559714287,0.05375856559714287,0.05375856559714287,0.05375856559714287,0.05375856559714287,0.05375856559714287,0.05375856559714287,0.05375856559714287,0.05375856559714287,0.05375856559714287,0.05375856559714287,0.05375856559714287,0.05375856559714287,0.05375856559714287,0.05375856559714287,0.05375856559714287,0.05375856559714287,0.05375856559714287,0.05375856559714287,0.05375856559714287,0.05375856559714287,0.05375856559714287,0.05375856559714287,0.05375856559714287,0.05375856559714287,0.05375856559714287,0.05375856559714287,0.05375856559714287,0.05375856559714287,0.05375856559714287,0.05375856559714287,0.05375856559714287,0.05375856559714287,0.05375856559714287,0.05375856559714287,0.05375856559714287,0.05375856559714287,0.05375856559714287,0.05375856559714287,0.05375856559714287,0.05375856559714287,0.05375856559714287,0.05375856559714287,0.05375856559714287,0.05375856559714287,0.05375856559714287,0.05375856559714287,0.05375856559714287,0.05375856559714287,0.05375856559714287,0.05375856559714287,0.05375856559714287,0.05375856559714287,0.05375856559714287,0.05375856559714287,0.05375856559714287,0.05375856559714287,0.05375856559714287,0.05375856559714287,0.05375856559714287,0.05375856559714287,0.05375856559714287,0.05375856559714287,0.05375856559714287,0.05375856559714287,0.05375856559714287,0.05375856559714287,0.05375856559714287,0.05375856559714287,0.05375856559714287,0.05375856559714287,0.05375856559714287,0.05375856559714287,0.05375856559714287,0.05375856559714287,0.05375856559714287,0.05375856559714287,0.05375856559714287,0.05375856559714287,0.05375856559714287,0.05375856559714287,0.05375856559714287,0.05375856559714287,0.05375856559714287,0.05375856559714287,0.05375856559714287,0.05375856559714287,0.05375856559714287,0.05375856559714287,0.05375856559714287,0.05375856559714287,0.05375856559714287,0.05375856559714287,0.05375856559714287,0.05375856559714287,0.05375856559714287,0.05375856559714287,0.05375856559714287,0.05375856559714287,0.05375856559714287,0.05375856559714287,0.05375856559714287,0.05375856559714287,0.01930362573462274,0.0,0.0,0.0,0.0,0.0064528795918,0.006013161939615205,0.12985563017442855,0.13669013702571425,0.13873862856069197
chiplet_chiplet_76_chiplet,0.05375856559714287,0.05375856559714287,0.05375856559714287,0.05375856559714287,0.05375856559714287,0.05375856559714287,0.05375856559714287,0.05375856559714287,0.05375856559714287,0.05375856559714287,0.05375856559714287,0.05375856559714287,0.05375856559714287,0.05375856559714287,0.05375856559714287,0.05375856559714287,0.05375856559714287,0.05375856559714287,0.05375856559714287,0.05375856559714287,0.05375856559714287,0.05375856559714287,0.05375856559714287,0.05375856559714287,0.05375856559714287,0.05375856559714287,0.05375856559714287,0.05375856559714287,0.05375856559714287,0.05375856559714287,0.05375856559714287,0.05375856559714287,0.05375856559714287,0.05375856559714287,0.05375856559714287,0.05375856559714287,0.05375856559714287,0.05375856559714287,0.05375856559714287,0.05375856559714287,0.05375856559714287,0.05375856559714287,0.05375856559714287,0.05375856559714287,0.05375856559714287,0.05375856559714287,0.05375856559714287,0.05375856559714287,0.05375856559714287,0.05375856559714287,0.05375856559714287,0.05375856559714287,0.05375856559714287,0.05375856559714287,0.05375856559714287,0.05375856559714287,0.05375856559714287,0.05375856559714287,0.05375856559714287,0.05375856559714287,0.05375856559714287,0.05375856559714287,0.05375856559714287,0.05375856559714287,0.05375856559714287,0.05375856559714287,0.05375856559714287,0.05375856559714287,0.05375856559714287,0.05375856559714287,0.05375856559714287,0.05375856559714287,0.05375856559714287,0.05375856559714287,0.05375856559714287,0.05375856559714287,0.05375856559714287,0.05375856559714287,0.05375856559714287,0.05375856559714287,0.05375856559714287,0.05375856559714287,0.05375856559714287,0.05375856559714287,0.05375856559714287,0.05375856559714287,0.05375856559714287,0.05375856559714287,0.05375856559714287,0.05375856559714287,0.05375856559714287,0.05375856559714287,0.05375856559714287,0.05375856559714287,0.05375856559714287,0.05375856559714287,0.05375856559714287,0.05375856559714287,0.05375856559714287,0.05375856559714287,0.05375856559714287,0.05375856559714287,0.05375856559714287,0.05375856559714287,0.05375856559714287,0.05375856559714287,0.05375856559714287,0.05375856559714287,0.05375856559714287,0.05375856559714287,0.05375856559714287,0.05375856559714287,0.05375856559714287,0.05375856559714287,0.05375856559714287,0.05375856559714287,0.05375856559714287,0.05375856559714287,0.05375856559714287,0.05375856559714287,0.05375856559714287,0.05375856559714287,0.05375856559714287,0.05375856559714287,0.05375856559714287,0.05375856559714287,0.05375856559714287,0.05375856559714287,0.05375856559714287,0.05375856559714287,0.05375856559714287,0.05375856559714287,0.05375856559714287,0.01930362573462274,0.0,0.0,0.0,0.0,0.0064528795918,0.006013161939615205,0.12985563017442855,0.13669013702571425,0.13873862856069197
chiplet_chiplet_77_chiplet,0.05375856559714287,0.05375856559714287,0.05375856559714287,0.05375856559714287,0.05375856559714287,0.05375856559714287,0.05375856559714287,0.05375856559714287,0.05375856559714287,0.05375856559714287,0.05375856559714287,0.05375856559714287,0.05375856559714287,0.05375856559714287,0.05375856559714287,0.05375856559714287,0.05375856559714287,0.05375856559714287,0.05375856559714287,0.05375856559714287,0.05375856559714287,0.05375856559714287,0.05375856559714287,0.05375856559714287,0.05375856559714287,0.05375856559714287,0.05375856559714287,0.05375856559714287,0.05375856559714287,0.05375856559714287,0.05375856559714287,0.05375856559714287,0.05375856559714287,0.05375856559714287,0.05375856559714287,0.05375856559714287,0.05375856559714287,0.05375856559714287,0.05375856559714287,0.05375856559714287,0.05375856559714287,0.05375856559714287,0.05375856559714287,0.05375856559714287,0.05375856559714287,0.05375856559714287,0.05375856559714287,0.05375856559714287,0.05375856559714287,0.05375856559714287,0.05375856559714287,0.05375856559714287,0.05375856559714287,0.05375856559714287,0.05375856559714287,0.05375856559714287,0.05375856559714287,0.05375856559714287,0.05375856559714287,0.05375856559714287,0.05375856559714287,0.05375856559714287,0.05375856559714287,0.05375856559714287,0.05375856559714287,0.05375856559714287,0.05375856559714287,0.05375856559714287,0.05375856559714287,0.05375856559714287,0.05375856559714287,0.05375856559714287,0.05375856559714287,0.05375856559714287,0.05375856559714287,0.05375856559714287,0.05375856559714287,0.05375856559714287,0.05375856559714287,0.05375856559714287,0.05375856559714287,0.05375856559714287,0.05375856559714287,0.05375856559714287,0.05375856559714287,0.05375856559714287,0.05375856559714287,0.05375856559714287,0.05375856559714287,0.05375856559714287,0.05375856559714287,0.05375856559714287,0.05375856559714287,0.05375856559714287,0.05375856559714287,0.05375856559714287,0.05375856559714287,0.05375856559714287,0.05375856559714287,0.05375856559714287,0.05375856559714287,0.05375856559714287,0.05375856559714287,0.05375856559714287,0.05375856559714287,0.05375856559714287,0.05375856559714287,0.05375856559714287,0.05375856559714287,0.05375856559714287,0.05375856559714287,0.05375856559714287,0.05375856559714287,0.05375856559714287,0.05375856559714287,0.05375856559714287,0.05375856559714287,0.05375856559714287,0.05375856559714287,0.05375856559714287,0.05375856559714287,0.05375856559714287,0.05375856559714287,0.05375856559714287,0.05375856559714287,0.05375856559714287,0.05375856559714287,0.05375856559714287,0.05375856559714287,0.05375856559714287,0.05375856559714287,0.05375856559714287,0.05375856559714287,0.01930362573462274,0.0,0.0,0.0,0.0,0.0064528795918,0.006013161939615205,0.12985563017442855,0.13669013702571425,0.13873862856069197
chiplet_chiplet_78_chiplet,0.05375856559714287,0.05375856559714287,0.05375856559714287,0.05375856559714287,0.05375856559714287,0.05375856559714287,0.05375856559714287,0.05375856559714287,0.05375856559714287,0.05375856559714287,0.05375856559714287,0.05375856559714287,0.05375856559714287,0.05375856559714287,0.05375856559714287,0.05375856559714287,0.05375856559714287,0.05375856559714287,0.05375856559714287,0.05375856559714287,0.05375856559714287,0.05375856559714287,0.05375856559714287,0.05375856559714287,0.05375856559714287,0.05375856559714287,0.05375856559714287,0.05375856559714287,0.05375856559714287,0.05375856559714287,0.05375856559714287,0.05375856559714287,0.05375856559714287,0.05375856559714287,0.05375856559714287,0.05375856559714287,0.05375856559714287,0.05375856559714287,0.05375856559714287,0.05375856559714287,0.05375856559714287,0.05375856559714287,0.05375856559714287,0.05375856559714287,0.05375856559714287,0.05375856559714287,0.05375856559714287,0.05375856559714287,0.05375856559714287,0.05375856559714287,0.05375856559714287,0.05375856559714287,0.05375856559714287,0.05375856559714287,0.05375856559714287,0.05375856559714287,0.05375856559714287,0.05375856559714287,0.05375856559714287,0.05375856559714287,0.05375856559714287,0.05375856559714287,0.05375856559714287,0.05375856559714287,0.05375856559714287,0.05375856559714287,0.05375856559714287,0.05375856559714287,0.05375856559714287,0.05375856559714287,0.05375856559714287,0.05375856559714287,0.05375856559714287,0.05375856559714287,0.05375856559714287,0.05375856559714287,0.05375856559714287,0.05375856559714287,0.05375856559714287,0.05375856559714287,0.05375856559714287,0.05375856559714287,0.05375856559714287,0.05375856559714287,0.05375856559714287,0.05375856559714287,0.05375856559714287,0.05375856559714287,0.05375856559714287,0.05375856559714287,0.05375856559714287,0.05375856559714287,0.05375856559714287,0.05375856559714287,0.05375856559714287,0.05375856559714287,0.05375856559714287,0.05375856559714287,0.05375856559714287,0.05375856559714287,0.05375856559714287,0.05375856559714287,0.05375856559714287,0.05375856559714287,0.05375856559714287,0.05375856559714287,0.05375856559714287,0.05375856559714287,0.05375856559714287,0.05375856559714287,0.05375856559714287,0.05375856559714287,0.05375856559714287,0.05375856559714287,0.05375856559714287,0.05375856559714287,0.05375856559714287,0.05375856559714287,0.05375856559714287,0.05375856559714287,0.05375856559714287,0.05375856559714287,0.05375856559714287,0.05375856559714287,0.05375856559714287,0.05375856559714287,0.05375856559714287,0.05375856559714287,0.05375856559714287,0.05375856559714287,0.05375856559714287,0.05375856559714287,0.05375856559714287,0.01930362573462274,0.0,0.0,0.0,0.0,0.0064528795918,0.006013161939615205,0.12985563017442855,0.13669013702571425,0.13873862856069197
chiplet_chiplet_79_chiplet,0.05375856559714287,0.05375856559714287,0.05375856559714287,0.05375856559714287,0.05375856559714287,0.05375856559714287,0.05375856559714287,0.05375856559714287,0.05375856559714287,0.05375856559714287,0.05375856559714287,0.05375856559714287,0.05375856559714287,0.05375856559714287,0.05375856559714287,0.05375856559714287,0.05375856559714287,0.05375856559714287,0.05375856559714287,0.05375856559714287,0.05375856559714287,0.05375856559714287,0.05375856559714287,0.05375856559714287,0.05375856559714287,0.05375856559714287,0.05375856559714287,0.05375856559714287,0.05375856559714287,0.05375856559714287,0.05375856559714287,0.05375856559714287,0.05375856559714287,0.05375856559714287,0.05375856559714287,0.05375856559714287,0.05375856559714287,0.05375856559714287,0.05375856559714287,0.05375856559714287,0.05375856559714287,0.05375856559714287,0.05375856559714287,0.05375856559714287,0.05375856559714287,0.05375856559714287,0.05375856559714287,0.05375856559714287,0.05375856559714287,0.05375856559714287,0.05375856559714287,0.05375856559714287,0.05375856559714287,0.05375856559714287,0.05375856559714287,0.05375856559714287,0.05375856559714287,0.05375856559714287,0.05375856559714287,0.05375856559714287,0.05375856559714287,0.05375856559714287,0.05375856559714287,0.05375856559714287,0.05375856559714287,0.05375856559714287,0.05375856559714287,0.05375856559714287,0.05375856559714287,0.05375856559714287,0.05375856559714287,0.05375856559714287,0.05375856559714287,0.05375856559714287,0.05375856559714287,0.05375856559714287,0.05375856559714287,0.05375856559714287,0.05375856559714287,0.05375856559714287,0.05375856559714287,0.05375856559714287,0.05375856559714287,0.05375856559714287,0.05375856559714287,0.05375856559714287,0.05375856559714287,0.05375856559714287,0.05375856559714287,0.05375856559714287,0.05375856559714287,0.05375856559714287,0.05375856559714287,0.05375856559714287,0.05375856559714287,0.05375856559714287,0.05375856559714287,0.05375856559714287,0.05375856559714287,0.05375856559714287,0.05375856559714287,0.05375856559714287,0.05375856559714287,0.05375856559714287,0.05375856559714287,0.05375856559714287,0.05375856559714287,0.05375856559714287,0.05375856559714287,0.05375856559714287,0.05375856559714287,0.05375856559714287,0.05375856559714287,0.05375856559714287,0.05375856559714287,0.05375856559714287,0.05375856559714287,0.05375856559714287,0.05375856559714287,0.05375856559714287,0.05375856559714287,0.05375856559714287,0.05375856559714287,0.05375856559714287,0.05375856559714287,0.05375856559714287,0.05375856559714287,0.05375856559714287,0.05375856559714287,0.05375856559714287,0.05375856559714287,0.05375856559714287,0.05375856559714287,0.01930362573462274,0.0,0.0,0.0,0.0,0.0064528795918,0.006013161939615205,0.12985563017442855,0.13669013702571425,0.13873862856069197
chiplet_chiplet_80_chiplet,0.04818546488285714,0.04818546488285714,0.04818546488285714,0.04818546488285714,0.04818546488285714,0.04818546488285714,0.04818546488285714,0.04818546488285714,0.04818546488285714,0.04818546488285714,0.04818546488285714,0.04818546488285714,0.04818546488285714,0.04818546488285714,0.04818546488285714,0.04818546488285714,0.04818546488285714,0.04818546488285714,0.04818546488285714,0.04818546488285714,0.04818546488285714,0.04818546488285714,0.04818546488285714,0.04818546488285714,0.04818546488285714,0.04818546488285714,0.04818546488285714,0.04818546488285714,0.04818546488285714,0.04818546488285714,0.04818546488285714,0.04818546488285714,0.04818546488285714,0.04818546488285714,0.04818546488285714,0.04818546488285714,0.04818546488285714,0.04818546488285714,0.04818546488285714,0.04818546488285714,0.04818546488285714,0.04818546488285714,0.04818546488285714,0.04818546488285714,0.04818546488285714,0.04818546488285714,0.04818546488285714,0.04818546488285714,0.04818546488285714,0.04818546488285714,0.04818546488285714,0.04818546488285714,0.04818546488285714,0.04818546488285714,0.04818546488285714,0.04818546488285714,0.04818546488285714,0.04818546488285714,0.04818546488285714,0.04818546488285714,0.04818546488285714,0.04818546488285714,0.04818546488285714,0.04818546488285714,0.04818546488285714,0.04818546488285714,0.04818546488285714,0.04818546488285714,0.04818546488285714,0.04818546488285714,0.04818546488285714,0.04818546488285714,0.04818546488285714,0.04818546488285714,0.04818546488285714,0.04818546488285714,0.04818546488285714,0.04818546488285714,0.04818546488285714,0.04818546488285714,0.04818546488285714,0.04818546488285714,0.04818546488285714,0.04818546488285714,0.04818546488285714,0.04818546488285714,0.04818546488285714,0.04818546488285714,0.04818546488285714,0.04818546488285714,0.04818546488285714,0.04818546488285714,0.04818546488285714,0.04818546488285714,0.04818546488285714,0.04818546488285714,0.04818546488285714,0.04818546488285714,0.04818546488285714,0.04818546488285714,0.04818546488285714,0.04818546488285714,0.04818546488285714,0.04818546488285714,0.04818546488285714,0.04818546488285714,0.04818546488285714,0.04818546488285714,0.04818546488285714,0.04818546488285714,0.04818546488285714,0.04818546488285714,0.04818546488285714,0.04818546488285714,0.04818546488285714,0.04818546488285714,0.04818546488285714,0.04818546488285714,0.04818546488285714,0.04818546488285714,0.04818546488285714,0.04818546488285714,0.04818546488285714,0.04818546488285714,0.04818546488285714,0.04818546488285714,0.04818546488285714,0.04818546488285714,0.04818546488285714,0.04818546488285714,0.04818546488285714,0.04818546488285714,0.04818546488285714,0.017302436730136955,0.0,0.0,0.0,0.0,0.0060627625418,0.005649628580022389,0.1245611844958571,0.13111703631142851,0.13481612653726832
chiplet_chiplet_81_chiplet,0.04818546488285714,0.04818546488285714,0.04818546488285714,0.04818546488285714,0.04818546488285714,0.04818546488285714,0.04818546488285714,0.04818546488285714,0.04818546488285714,0.04818546488285714,0.04818546488285714,0.04818546488285714,0.04818546488285714,0.04818546488285714,0.04818546488285714,0.04818546488285714,0.04818546488285714,0.04818546488285714,0.04818546488285714,0.04818546488285714,0.04818546488285714,0.04818546488285714,0.04818546488285714,0.04818546488285714,0.04818546488285714,0.04818546488285714,0.04818546488285714,0.04818546488285714,0.04818546488285714,0.04818546488285714,0.04818546488285714,0.04818546488285714,0.04818546488285714,0.04818546488285714,0.04818546488285714,0.04818546488285714,0.04818546488285714,0.04818546488285714,0.04818546488285714,0.04818546488285714,0.04818546488285714,0.04818546488285714,0.04818546488285714,0.04818546488285714,0.04818546488285714,0.04818546488285714,0.04818546488285714,0.04818546488285714,0.04818546488285714,0.04818546488285714,0.04818546488285714,0.04818546488285714,0.04818546488285714,0.04818546488285714,0.04818546488285714,0.04818546488285714,0.04818546488285714,0.04818546488285714,0.04818546488285714,0.04818546488285714,0.04818546488285714,0.04818546488285714,0.04818546488285714,0.04818546488285714,0.04818546488285714,0.04818546488285714,0.04818546488285714,0.04818546488285714,0.04818546488285714,0.04818546488285714,0.04818546488285714,0.04818546488285714,0.04818546488285714,0.04818546488285714,0.04818546488285714,0.04818546488285714,0.04818546488285714,0.04818546488285714,0.04818546488285714,0.04818546488285714,0.04818546488285714,0.04818546488285714,0.04818546488285714,0.04818546488285714,0.04818546488285714,0.04818546488285714,0.04818546488285714,0.04818546488285714,0.04818546488285714,0.04818546488285714,0.04818546488285714,0.04818546488285714,0.04818546488285714,0.04818546488285714,0.04818546488285714,0.04818546488285714,0.04818546488285714,0.04818546488285714,0.04818546488285714,0.04818546488285714,0.04818546488285714,0.04818546488285714,0.04818546488285714,0.04818546488285714,0.04818546488285714,0.04818546488285714,0.04818546488285714,0.04818546488285714,0.04818546488285714,0.04818546488285714,0.04818546488285714,0.04818546488285714,0.04818546488285714,0.04818546488285714,0.04818546488285714,0.04818546488285714,0.04818546488285714,0.04818546488285714,0.04818546488285714,0.04818546488285714,0.04818546488285714,0.04818546488285714,0.04818546488285714,0.04818546488285714,0.04818546488285714,0.04818546488285714,0.04818546488285714,0.04818546488285714,0.04818546488285714,0.04818546488285714,0.04818546488285714,0.04818546488285714,0.04818546488285714,0.017302436730136955,0.0,0.0,0.0,0.0,0.0060627625418,0.005649628580022389,0.1245611844958571,0.13111703631142851,0.13481612653726832
chiplet_chiplet_82_chiplet,0.05375856559714287,0.05375856559714287,0.05375856559714287,0.05375856559714287,0.05375856559714287,0.05375856559714287,0.05375856559714287,0.05375856559714287,0.05375856559714287,0.05375856559714287,0.05375856559714287,0.05375856559714287,0.05375856559714287,0.05375856559714287,0.05375856559714287,0.05375856559714287,0.05375856559714287,0.05375856559714287,0.05375856559714287,0.05375856559714287,0.05375856559714287,0.05375856559714287,0.05375856559714287,0.05375856559714287,0.05375856559714287,0.05375856559714287,0.05375856559714287,0.05375856559714287,0.05375856559714287,0.05375856559714287,0.05375856559714287,0.05375856559714287,0.05375856559714287,0.05375856559714287,0.05375856559714287,0.05375856559714287,0.05375856559714287,0.05375856559714287,0.05375856559714287,0.05375856559714287,0.05375856559714287,0.05375856559714287,0.05375856559714287,0.05375856559714287,0.05375856559714287,0.05375856559714287,0.05375856559714287,0.05375856559714287,0.05375856559714287,0.05375856559714287,0.05375856559714287,0.05375856559714287,0.05375856559714287,0.05375856559714287,0.05375856559714287,0.05375856559714287,0.05375856559714287,0.05375856559714287,0.05375856559714287,0.05375856559714287,0.05375856559714287,0.05375856559714287,0.05375856559714287,0.05375856559714287,0.05375856559714287,0.05375856559714287,0.05375856559714287,0.05375856559714287,0.05375856559714287,0.05375856559714287,0.05375856559714287,0.05375856559714287,0.05375856559714287,0.05375856559714287,0.05375856559714287,0.05375856559714287,0.05375856559714287,0.05375856559714287,0.05375856559714287,0.05375856559714287,0.05375856559714287,0.05375856559714287,0.05375856559714287,0.05375856559714287,0.05375856559714287,0.05375856559714287,0.05375856559714287,0.05375856559714287,0.05375856559714287,0.05375856559714287,0.05375856559714287,0.05375856559714287,0.05375856559714287,0.05375856559714287,0.05375856559714287,0.05375856559714287,0.05375856559714287,0.05375856559714287,0.05375856559714287,0.05375856559714287,0.05375856559714287,0.05375856559714287,0.05375856559714287,0.05375856559714287,0.05375856559714287,0.05375856559714287,0.05375856559714287,0.05375856559714287,0.05375856559714287,0.05375856559714287,0.05375856559714287,0.05375856559714287,0.05375856559714287,0.05375856559714287,0.05375856559714287,0.05375856559714287,0.05375856559714287,0.05375856559714287,0.05375856559714287,0.05375856559714287,0.05375856559714287,0.05375856559714287,0.05375856559714287,0.05375856559714287,0.05375856559714287,0.05375856559714287,0.05375856559714287,0.05375856559714287,0.05375856559714287,0.05375856559714287,0.05375856559714287,0.05375856559714287,0.05375856559714287,0.01930362573462274,0.0,0.0,0.0,0.0,0.0064528795918,0.006013161939615205,0.12985563017442855,0.13669013702571425,0.13873862856069197
chiplet_chiplet_83_chiplet,0.05375856559714287,0.05375856559714287,0.05375856559714287,0.05375856559714287,0.05375856559714287,0.05375856559714287,0.05375856559714287,0.05375856559714287,0.05375856559714287,0.05375856559714287,0.05375856559714287,0.05375856559714287,0.05375856559714287,0.05375856559714287,0.05375856559714287,0.05375856559714287,0.05375856559714287,0.05375856559714287,0.05375856559714287,0.05375856559714287,0.05375856559714287,0.05375856559714287,0.05375856559714287,0.05375856559714287,0.05375856559714287,0.05375856559714287,0.05375856559714287,0.05375856559714287,0.05375856559714287,0.05375856559714287,0.05375856559714287,0.05375856559714287,0.05375856559714287,0.05375856559714287,0.05375856559714287,0.05375856559714287,0.05375856559714287,0.05375856559714287,0.05375856559714287,0.05375856559714287,0.05375856559714287,0.05375856559714287,0.05375856559714287,0.05375856559714287,0.05375856559714287,0.05375856559714287,0.05375856559714287,0.05375856559714287,0.05375856559714287,0.05375856559714287,0.05375856559714287,0.05375856559714287,0.05375856559714287,0.05375856559714287,0.05375856559714287,0.05375856559714287,0.05375856559714287,0.05375856559714287,0.05375856559714287,0.05375856559714287,0.05375856559714287,0.05375856559714287,0.05375856559714287,0.05375856559714287,0.05375856559714287,0.05375856559714287,0.05375856559714287,0.05375856559714287,0.05375856559714287,0.05375856559714287,0.05375856559714287,0.05375856559714287,0.05375856559714287,0.05375856559714287,0.05375856559714287,0.05375856559714287,0.05375856559714287,0.05375856559714287,0.05375856559714287,0.05375856559714287,0.05375856559714287,0.05375856559714287,0.05375856559714287,0.05375856559714287,0.05375856559714287,0.05375856559714287,0.05375856559714287,0.05375856559714287,0.05375856559714287,0.05375856559714287,0.05375856559714287,0.05375856559714287,0.05375856559714287,0.05375856559714287,0.05375856559714287,0.05375856559714287,0.05375856559714287,0.05375856559714287,0.05375856559714287,0.05375856559714287,0.05375856559714287,0.05375856559714287,0.05375856559714287,0.05375856559714287,0.05375856559714287,0.05375856559714287,0.05375856559714287,0.05375856559714287,0.05375856559714287,0.05375856559714287,0.05375856559714287,0.05375856559714287,0.05375856559714287,0.05375856559714287,0.05375856559714287,0.05375856559714287,0.05375856559714287,0.05375856559714287,0.05375856559714287,0.05375856559714287,0.05375856559714287,0.05375856559714287,0.05375856559714287,0.05375856559714287,0.05375856559714287,0.05375856559714287,0.05375856559714287,0.05375856559714287,0.05375856559714287,0.05375856559714287,0.05375856559714287,0.05375856559714287,0.05375856559714287,0.01930362573462274,0.0,0.0,0.0,0.0,0.0064528795918,0.006013161939615205,0.12985563017442855,0.13669013702571425,0.13873862856069197
chiplet_chiplet_84_chiplet,0.05375856559714287,0.05375856559714287,0.05375856559714287,0.05375856559714287,0.05375856559714287,0.05375856559714287,0.05375856559714287,0.05375856559714287,0.05375856559714287,0.05375856559714287,0.05375856559714287,0.05375856559714287,0.05375856559714287,0.05375856559714287,0.05375856559714287,0.05375856559714287,0.05375856559714287,0.05375856559714287,0.05375856559714287,0.05375856559714287,0.05375856559714287,0.05375856559714287,0.05375856559714287,0.05375856559714287,0.05375856559714287,0.05375856559714287,0.05375856559714287,0.05375856559714287,0.05375856559714287,0.05375856559714287,0.05375856559714287,0.05375856559714287,0.05375856559714287,0.05375856559714287,0.05375856559714287,0.05375856559714287,0.05375856559714287,0.05375856559714287,0.05375856559714287,0.05375856559714287,0.05375856559714287,0.05375856559714287,0.05375856559714287,0.05375856559714287,0.05375856559714287,0.05375856559714287,0.05375856559714287,0.05375856559714287,0.05375856559714287,0.05375856559714287,0.05375856559714287,0.05375856559714287,0.05375856559714287,0.05375856559714287,0.05375856559714287,0.05375856559714287,0.05375856559714287,0.05375856559714287,0.05375856559714287,0.05375856559714287,0.05375856559714287,0.05375856559714287,0.05375856559714287,0.05375856559714287,0.05375856559714287,0.05375856559714287,0.05375856559714287,0.05375856559714287,0.05375856559714287,0.05375856559714287,0.05375856559714287,0.05375856559714287,0.05375856559714287,0.05375856559714287,0.05375856559714287,0.05375856559714287,0.05375856559714287,0.05375856559714287,0.05375856559714287,0.05375856559714287,0.05375856559714287,0.05375856559714287,0.05375856559714287,0.05375856559714287,0.05375856559714287,0.05375856559714287,0.05375856559714287,0.05375856559714287,0.05375856559714287,0.05375856559714287,0.05375856559714287,0.05375856559714287,0.05375856559714287,0.05375856559714287,0.05375856559714287,0.05375856559714287,0.05375856559714287,0.05375856559714287,0.05375856559714287,0.05375856559714287,0.05375856559714287,0.05375856559714287,0.05375856559714287,0.05375856559714287,0.05375856559714287,0.05375856559714287,0.05375856559714287,0.05375856559714287,0.05375856559714287,0.05375856559714287,0.05375856559714287,0.05375856559714287,0.05375856559714287,0.05375856559714287,0.05375856559714287,0.05375856559714287,0.05375856559714287,0.05375856559714287,0.05375856559714287,0.05375856559714287,0.05375856559714287,0.05375856559714287,0.05375856559714287,0.05375856559714287,0.05375856559714287,0.05375856559714287,0.05375856559714287,0.05375856559714287,0.05375856559714287,0.05375856559714287,0.05375856559714287,0.05375856559714287,0.05375856559714287,0.01930362573462274,0.0,0.0,0.0,0.0,0.0064528795918,0.006013161939615205,0.12985563017442855,0.13669013702571425,0.13873862856069197
chiplet_chiplet_85_chiplet,0.05375856559714287,0.05375856559714287,0.05375856559714287,0.05375856559714287,0.05375856559714287,0.05375856559714287,0.05375856559714287,0.05375856559714287,0.05375856559714287,0.05375856559714287,0.05375856559714287,0.05375856559714287,0.05375856559714287,0.05375856559714287,0.05375856559714287,0.05375856559714287,0.05375856559714287,0.05375856559714287,0.05375856559714287,0.05375856559714287,0.05375856559714287,0.05375856559714287,0.05375856559714287,0.05375856559714287,0.05375856559714287,0.05375856559714287,0.05375856559714287,0.05375856559714287,0.05375856559714287,0.05375856559714287,0.05375856559714287,0.05375856559714287,0.05375856559714287,0.05375856559714287,0.05375856559714287,0.05375856559714287,0.05375856559714287,0.05375856559714287,0.05375856559714287,0.05375856559714287,0.05375856559714287,0.05375856559714287,0.05375856559714287,0.05375856559714287,0.05375856559714287,0.05375856559714287,0.05375856559714287,0.05375856559714287,0.05375856559714287,0.05375856559714287,0.05375856559714287,0.05375856559714287,0.05375856559714287,0.05375856559714287,0.05375856559714287,0.05375856559714287,0.05375856559714287,0.05375856559714287,0.05375856559714287,0.05375856559714287,0.05375856559714287,0.05375856559714287,0.05375856559714287,0.05375856559714287,0.05375856559714287,0.05375856559714287,0.05375856559714287,0.05375856559714287,0.05375856559714287,0.05375856559714287,0.05375856559714287,0.05375856559714287,0.05375856559714287,0.05375856559714287,0.05375856559714287,0.05375856559714287,0.05375856559714287,0.05375856559714287,0.05375856559714287,0.05375856559714287,0.05375856559714287,0.05375856559714287,0.05375856559714287,0.05375856559714287,0.05375856559714287,0.05375856559714287,0.05375856559714287,0.05375856559714287,0.05375856559714287,0.05375856559714287,0.05375856559714287,0.05375856559714287,0.05375856559714287,0.05375856559714287,0.05375856559714287,0.05375856559714287,0.05375856559714287,0.05375856559714287,0.05375856559714287,0.05375856559714287,0.05375856559714287,0.05375856559714287,0.05375856559714287,0.05375856559714287,0.05375856559714287,0.05375856559714287,0.05375856559714287,0.05375856559714287,0.05375856559714287,0.05375856559714287,0.05375856559714287,0.05375856559714287,0.05375856559714287,0.05375856559714287,0.05375856559714287,0.05375856559714287,0.05375856559714287,0.05375856559714287,0.05375856559714287,0.05375856559714287,0.05375856559714287,0.05375856559714287,0.05375856559714287,0.05375856559714287,0.05375856559714287,0.05375856559714287,0.05375856559714287,0.05375856559714287,0.05375856559714287,0.05375856559714287,0.05375856559714287,0.05375856559714287,0.05375856559714287,0.01930362573462274,0.0,0.0,0.0,0.0,0.0064528795918,0.006013161939615205,0.12985563017442855,0.13669013702571425,0.13873862856069197
chiplet_chiplet_86_chiplet,0.05375856559714287,0.05375856559714287,0.05375856559714287,0.05375856559714287,0.05375856559714287,0.05375856559714287,0.05375856559714287,0.05375856559714287,0.05375856559714287,0.05375856559714287,0.05375856559714287,0.05375856559714287,0.05375856559714287,0.05375856559714287,0.05375856559714287,0.05375856559714287,0.05375856559714287,0.05375856559714287,0.05375856559714287,0.05375856559714287,0.05375856559714287,0.05375856559714287,0.05375856559714287,0.05375856559714287,0.05375856559714287,0.05375856559714287,0.05375856559714287,0.05375856559714287,0.05375856559714287,0.05375856559714287,0.05375856559714287,0.05375856559714287,0.05375856559714287,0.05375856559714287,0.05375856559714287,0.05375856559714287,0.05375856559714287,0.05375856559714287,0.05375856559714287,0.05375856559714287,0.05375856559714287,0.05375856559714287,0.05375856559714287,0.05375856559714287,0.05375856559714287,0.05375856559714287,0.05375856559714287,0.05375856559714287,0.05375856559714287,0.05375856559714287,0.05375856559714287,0.05375856559714287,0.05375856559714287,0.05375856559714287,0.05375856559714287,0.05375856559714287,0.05375856559714287,0.05375856559714287,0.05375856559714287,0.05375856559714287,0.05375856559714287,0.05375856559714287,0.05375856559714287,0.05375856559714287,0.05375856559714287,0.05375856559714287,0.05375856559714287,0.05375856559714287,0.05375856559714287,0.05375856559714287,0.05375856559714287,0.05375856559714287,0.05375856559714287,0.05375856559714287,0.05375856559714287,0.05375856559714287,0.05375856559714287,0.05375856559714287,0.05375856559714287,0.05375856559714287,0.05375856559714287,0.05375856559714287,0.05375856559714287,0.05375856559714287,0.05375856559714287,0.05375856559714287,0.05375856559714287,0.05375856559714287,0.05375856559714287,0.05375856559714287,0.05375856559714287,0.05375856559714287,0.05375856559714287,0.05375856559714287,0.05375856559714287,0.05375856559714287,0.05375856559714287,0.05375856559714287,0.05375856559714287,0.05375856559714287,0.05375856559714287,0.05375856559714287,0.05375856559714287,0.05375856559714287,0.05375856559714287,0.05375856559714287,0.05375856559714287,0.05375856559714287,0.05375856559714287,0.05375856559714287,0.05375856559714287,0.05375856559714287,0.05375856559714287,0.05375856559714287,0.05375856559714287,0.05375856559714287,0.05375856559714287,0.05375856559714287,0.05375856559714287,0.05375856559714287,0.05375856559714287,0.05375856559714287,0.05375856559714287,0.05375856559714287,0.05375856559714287,0.05375856559714287,0.05375856559714287,0.05375856559714287,0.05375856559714287,0.05375856559714287,0.05375856559714287,0.05375856559714287,0.05375856559714287,0.01930362573462274,0.0,0.0,0.0,0.0,0.0064528795918,0.006013161939615205,0.12985563017442855,0.13669013702571425,0.13873862856069197
chiplet_chiplet_87_chiplet,0.05375856559714287,0.05375856559714287,0.05375856559714287,0.05375856559714287,0.05375856559714287,0.05375856559714287,0.05375856559714287,0.05375856559714287,0.05375856559714287,0.05375856559714287,0.05375856559714287,0.05375856559714287,0.05375856559714287,0.05375856559714287,0.05375856559714287,0.05375856559714287,0.05375856559714287,0.05375856559714287,0.05375856559714287,0.05375856559714287,0.05375856559714287,0.05375856559714287,0.05375856559714287,0.05375856559714287,0.05375856559714287,0.05375856559714287,0.05375856559714287,0.05375856559714287,0.05375856559714287,0.05375856559714287,0.05375856559714287,0.05375856559714287,0.05375856559714287,0.05375856559714287,0.05375856559714287,0.05375856559714287,0.05375856559714287,0.05375856559714287,0.05375856559714287,0.05375856559714287,0.05375856559714287,0.05375856559714287,0.05375856559714287,0.05375856559714287,0.05375856559714287,0.05375856559714287,0.05375856559714287,0.05375856559714287,0.05375856559714287,0.05375856559714287,0.05375856559714287,0.05375856559714287,0.05375856559714287,0.05375856559714287,0.05375856559714287,0.05375856559714287,0.05375856559714287,0.05375856559714287,0.05375856559714287,0.05375856559714287,0.05375856559714287,0.05375856559714287,0.05375856559714287,0.05375856559714287,0.05375856559714287,0.05375856559714287,0.05375856559714287,0.05375856559714287,0.05375856559714287,0.05375856559714287,0.05375856559714287,0.05375856559714287,0.05375856559714287,0.05375856559714287,0.05375856559714287,0.05375856559714287,0.05375856559714287,0.05375856559714287,0.05375856559714287,0.05375856559714287,0.05375856559714287,0.05375856559714287,0.05375856559714287,0.05375856559714287,0.05375856559714287,0.05375856559714287,0.05375856559714287,0.05375856559714287,0.05375856559714287,0.05375856559714287,0.05375856559714287,0.05375856559714287,0.05375856559714287,0.05375856559714287,0.05375856559714287,0.05375856559714287,0.05375856559714287,0.05375856559714287,0.05375856559714287,0.05375856559714287,0.05375856559714287,0.05375856559714287,0.05375856559714287,0.05375856559714287,0.05375856559714287,0.05375856559714287,0.05375856559714287,0.05375856559714287,0.05375856559714287,0.05375856559714287,0.05375856559714287,0.05375856559714287,0.05375856559714287,0.05375856559714287,0.05375856559714287,0.05375856559714287,0.05375856559714287,0.05375856559714287,0.05375856559714287,0.05375856559714287,0.05375856559714287,0.05375856559714287,0.05375856559714287,0.05375856559714287,0.05375856559714287,0.05375856559714287,0.05375856559714287,0.05375856559714287,0.05375856559714287,0.05375856559714287,0.05375856559714287,0.05375856559714287,0.05375856559714287,0.01930362573462274,0.0,0.0,0.0,0.0,0.0064528795918,0.006013161939615205,0.12985563017442855,0.13669013702571425,0.13873862856069197
chiplet_chiplet_88_chiplet,0.05375856559714287,0.05375856559714287,0.05375856559714287,0.05375856559714287,0.05375856559714287,0.05375856559714287,0.05375856559714287,0.05375856559714287,0.05375856559714287,0.05375856559714287,0.05375856559714287,0.05375856559714287,0.05375856559714287,0.05375856559714287,0.05375856559714287,0.05375856559714287,0.05375856559714287,0.05375856559714287,0.05375856559714287,0.05375856559714287,0.05375856559714287,0.05375856559714287,0.05375856559714287,0.05375856559714287,0.05375856559714287,0.05375856559714287,0.05375856559714287,0.05375856559714287,0.05375856559714287,0.05375856559714287,0.05375856559714287,0.05375856559714287,0.05375856559714287,0.05375856559714287,0.05375856559714287,0.05375856559714287,0.05375856559714287,0.05375856559714287,0.05375856559714287,0.05375856559714287,0.05375856559714287,0.05375856559714287,0.05375856559714287,0.05375856559714287,0.05375856559714287,0.05375856559714287,0.05375856559714287,0.05375856559714287,0.05375856559714287,0.05375856559714287,0.05375856559714287,0.05375856559714287,0.05375856559714287,0.05375856559714287,0.05375856559714287,0.05375856559714287,0.05375856559714287,0.05375856559714287,0.05375856559714287,0.05375856559714287,0.05375856559714287,0.05375856559714287,0.05375856559714287,0.05375856559714287,0.05375856559714287,0.05375856559714287,0.05375856559714287,0.05375856559714287,0.05375856559714287,0.05375856559714287,0.05375856559714287,0.05375856559714287,0.05375856559714287,0.05375856559714287,0.05375856559714287,0.05375856559714287,0.05375856559714287,0.05375856559714287,0.05375856559714287,0.05375856559714287,0.05375856559714287,0.05375856559714287,0.05375856559714287,0.05375856559714287,0.05375856559714287,0.05375856559714287,0.05375856559714287,0.05375856559714287,0.05375856559714287,0.05375856559714287,0.05375856559714287,0.05375856559714287,0.05375856559714287,0.05375856559714287,0.05375856559714287,0.05375856559714287,0.05375856559714287,0.05375856559714287,0.05375856559714287,0.05375856559714287,0.05375856559714287,0.05375856559714287,0.05375856559714287,0.05375856559714287,0.05375856559714287,0.05375856559714287,0.05375856559714287,0.05375856559714287,0.05375856559714287,0.05375856559714287,0.05375856559714287,0.05375856559714287,0.05375856559714287,0.05375856559714287,0.05375856559714287,0.05375856559714287,0.05375856559714287,0.05375856559714287,0.05375856559714287,0.05375856559714287,0.05375856559714287,0.05375856559714287,0.05375856559714287,0.05375856559714287,0.05375856559714287,0.05375856559714287,0.05375856559714287,0.05375856559714287,0.05375856559714287,0.05375856559714287,0.05375856559714287,0.05375856559714287,0.05375856559714287,0.01930362573462274,0.0,0.0,0.0,0.0,0.0064528795918,0.006013161939615205,0.12985563017442855,0.13669013702571425,0.13873862856069197
chiplet_chiplet_89_chiplet,0.05375856559714287,0.05375856559714287,0.05375856559714287,0.05375856559714287,0.05375856559714287,0.05375856559714287,0.05375856559714287,0.05375856559714287,0.05375856559714287,0.05375856559714287,0.05375856559714287,0.05375856559714287,0.05375856559714287,0.05375856559714287,0.05375856559714287,0.05375856559714287,0.05375856559714287,0.05375856559714287,0.05375856559714287,0.05375856559714287,0.05375856559714287,0.05375856559714287,0.05375856559714287,0.05375856559714287,0.05375856559714287,0.05375856559714287,0.05375856559714287,0.05375856559714287,0.05375856559714287,0.05375856559714287,0.05375856559714287,0.05375856559714287,0.05375856559714287,0.05375856559714287,0.05375856559714287,0.05375856559714287,0.05375856559714287,0.05375856559714287,0.05375856559714287,0.05375856559714287,0.05375856559714287,0.05375856559714287,0.05375856559714287,0.05375856559714287,0.05375856559714287,0.05375856559714287,0.05375856559714287,0.05375856559714287,0.05375856559714287,0.05375856559714287,0.05375856559714287,0.05375856559714287,0.05375856559714287,0.05375856559714287,0.05375856559714287,0.05375856559714287,0.05375856559714287,0.05375856559714287,0.05375856559714287,0.05375856559714287,0.05375856559714287,0.05375856559714287,0.05375856559714287,0.05375856559714287,0.05375856559714287,0.05375856559714287,0.05375856559714287,0.05375856559714287,0.05375856559714287,0.05375856559714287,0.05375856559714287,0.05375856559714287,0.05375856559714287,0.05375856559714287,0.05375856559714287,0.05375856559714287,0.05375856559714287,0.05375856559714287,0.05375856559714287,0.05375856559714287,0.05375856559714287,0.05375856559714287,0.05375856559714287,0.05375856559714287,0.05375856559714287,0.05375856559714287,0.05375856559714287,0.05375856559714287,0.05375856559714287,0.05375856559714287,0.05375856559714287,0.05375856559714287,0.05375856559714287,0.05375856559714287,0.05375856559714287,0.05375856559714287,0.05375856559714287,0.05375856559714287,0.05375856559714287,0.05375856559714287,0.05375856559714287,0.05375856559714287,0.05375856559714287,0.05375856559714287,0.05375856559714287,0.05375856559714287,0.05375856559714287,0.05375856559714287,0.05375856559714287,0.05375856559714287,0.05375856559714287,0.05375856559714287,0.05375856559714287,0.05375856559714287,0.05375856559714287,0.05375856559714287,0.05375856559714287,0.05375856559714287,0.05375856559714287,0.05375856559714287,0.05375856559714287,0.05375856559714287,0.05375856559714287,0.05375856559714287,0.05375856559714287,0.05375856559714287,0.05375856559714287,0.05375856559714287,0.05375856559714287,0.05375856559714287,0.05375856559714287,0.05375856559714287,0.05375856559714287,0.01930362573462274,0.0,0.0,0.0,0.0,0.0064528795918,0.006013161939615205,0.12985563017442855,0.13669013702571425,0.13873862856069197
chiplet_chiplet_90_chiplet,0.04818546488285714,0.04818546488285714,0.04818546488285714,0.04818546488285714,0.04818546488285714,0.04818546488285714,0.04818546488285714,0.04818546488285714,0.04818546488285714,0.04818546488285714,0.04818546488285714,0.04818546488285714,0.04818546488285714,0.04818546488285714,0.04818546488285714,0.04818546488285714,0.04818546488285714,0.04818546488285714,0.04818546488285714,0.04818546488285714,0.04818546488285714,0.04818546488285714,0.04818546488285714,0.04818546488285714,0.04818546488285714,0.04818546488285714,0.04818546488285714,0.04818546488285714,0.04818546488285714,0.04818546488285714,0.04818546488285714,0.04818546488285714,0.04818546488285714,0.04818546488285714,0.04818546488285714,0.04818546488285714,0.04818546488285714,0.04818546488285714,0.04818546488285714,0.04818546488285714,0.04818546488285714,0.04818546488285714,0.04818546488285714,0.04818546488285714,0.04818546488285714,0.04818546488285714,0.04818546488285714,0.04818546488285714,0.04818546488285714,0.04818546488285714,0.04818546488285714,0.04818546488285714,0.04818546488285714,0.04818546488285714,0.04818546488285714,0.04818546488285714,0.04818546488285714,0.04818546488285714,0.04818546488285714,0.04818546488285714,0.04818546488285714,0.04818546488285714,0.04818546488285714,0.04818546488285714,0.04818546488285714,0.04818546488285714,0.04818546488285714,0.04818546488285714,0.04818546488285714,0.04818546488285714,0.04818546488285714,0.04818546488285714,0.04818546488285714,0.04818546488285714,0.04818546488285714,0.04818546488285714,0.04818546488285714,0.04818546488285714,0.04818546488285714,0.04818546488285714,0.04818546488285714,0.04818546488285714,0.04818546488285714,0.04818546488285714,0.04818546488285714,0.04818546488285714,0.04818546488285714,0.04818546488285714,0.04818546488285714,0.04818546488285714,0.04818546488285714,0.04818546488285714,0.04818546488285714,0.04818546488285714,0.04818546488285714,0.04818546488285714,0.04818546488285714,0.04818546488285714,0.04818546488285714,0.04818546488285714,0.04818546488285714,0.04818546488285714,0.04818546488285714,0.04818546488285714,0.04818546488285714,0.04818546488285714,0.04818546488285714,0.04818546488285714,0.04818546488285714,0.04818546488285714,0.04818546488285714,0.04818546488285714,0.04818546488285714,0.04818546488285714,0.04818546488285714,0.04818546488285714,0.04818546488285714,0.04818546488285714,0.04818546488285714,0.04818546488285714,0.04818546488285714,0.04818546488285714,0.04818546488285714,0.04818546488285714,0.04818546488285714,0.04818546488285714,0.04818546488285714,0.04818546488285714,0.04818546488285714,0.04818546488285714,0.04818546488285714,0.04818546488285714,0.04818546488285714,0.017302436730136955,0.0,0.0,0.0,0.0,0.0060627625418,0.005649628580022389,0.1245611844958571,0.13111703631142851,0.13481612653726832
chiplet_chiplet_91_chiplet,0.04331224773999999,0.04331224773999999,0.04331224773999999,0.04331224773999999,0.04331224773999999,0.04331224773999999,0.04331224773999999,0.04331224773999999,0.04331224773999999,0.04331224773999999,0.04331224773999999,0.04331224773999999,0.04331224773999999,0.04331224773999999,0.04331224773999999,0.04331224773999999,0.04331224773999999,0.04331224773999999,0.04331224773999999,0.04331224773999999,0.04331224773999999,0.04331224773999999,0.04331224773999999,0.04331224773999999,0.04331224773999999,0.04331224773999999,0.04331224773999999,0.04331224773999999,0.04331224773999999,0.04331224773999999,0.04331224773999999,0.04331224773999999,0.04331224773999999,0.04331224773999999,0.04331224773999999,0.04331224773999999,0.04331224773999999,0.04331224773999999,0.04331224773999999,0.04331224773999999,0.04331224773999999,0.04331224773999999,0.04331224773999999,0.04331224773999999,0.04331224773999999,0.04331224773999999,0.04331224773999999,0.04331224773999999,0.04331224773999999,0.04331224773999999,0.04331224773999999,0.04331224773999999,0.04331224773999999,0.04331224773999999,0.04331224773999999,0.04331224773999999,0.04331224773999999,0.04331224773999999,0.04331224773999999,0.04331224773999999,0.04331224773999999,0.04331224773999999,0.04331224773999999,0.04331224773999999,0.04331224773999999,0.04331224773999999,0.04331224773999999,0.04331224773999999,0.04331224773999999,0.04331224773999999,0.04331224773999999,0.04331224773999999,0.04331224773999999,0.04331224773999999,0.04331224773999999,0.04331224773999999,0.04331224773999999,0.04331224773999999,0.04331224773999999,0.04331224773999999,0.04331224773999999,0.04331224773999999,0.04331224773999999,0.04331224773999999,0.04331224773999999,0.04331224773999999,0.04331224773999999,0.04331224773999999,0.04331224773999999,0.04331224773999999,0.04331224773999999,0.04331224773999999,0.04331224773999999,0.04331224773999999,0.04331224773999999,0.04331224773999999,0.04331224773999999,0.04331224773999999,0.04331224773999999,0.04331224773999999,0.04331224773999999,0.04331224773999999,0.04331224773999999,0.04331224773999999,0.04331224773999999,0.04331224773999999,0.04331224773999999,0.04331224773999999,0.04331224773999999,0.04331224773999999,0.04331224773999999,0.04331224773999999,0.04331224773999999,0.04331224773999999,0.04331224773999999,0.04331224773999999,0.04331224773999999,0.04331224773999999,0.04331224773999999,0.04331224773999999,0.04331224773999999,0.04331224773999999,0.04331224773999999,0.04331224773999999,0.04331224773999999,0.04331224773999999,0.04331224773999999,0.04331224773999999,0.04331224773999999,0.04331224773999999,0.04331224773999999,0.04331224773999999,0.04331224773999999,0.015552561918479745,0.0,0.0,0.0,0.0,0.0057216373418000005,0.005331748625793856,0.11993162821014282,0.12624381916857141,0.13138622187854912
chiplet_chiplet_92_chiplet,0.04818546488285714,0.04818546488285714,0.04818546488285714,0.04818546488285714,0.04818546488285714,0.04818546488285714,0.04818546488285714,0.04818546488285714,0.04818546488285714,0.04818546488285714,0.04818546488285714,0.04818546488285714,0.04818546488285714,0.04818546488285714,0.04818546488285714,0.04818546488285714,0.04818546488285714,0.04818546488285714,0.04818546488285714,0.04818546488285714,0.04818546488285714,0.04818546488285714,0.04818546488285714,0.04818546488285714,0.04818546488285714,0.04818546488285714,0.04818546488285714,0.04818546488285714,0.04818546488285714,0.04818546488285714,0.04818546488285714,0.04818546488285714,0.04818546488285714,0.04818546488285714,0.04818546488285714,0.04818546488285714,0.04818546488285714,0.04818546488285714,0.04818546488285714,0.04818546488285714,0.04818546488285714,0.04818546488285714,0.04818546488285714,0.04818546488285714,0.04818546488285714,0.04818546488285714,0.04818546488285714,0.04818546488285714,0.04818546488285714,0.04818546488285714,0.04818546488285714,0.04818546488285714,0.04818546488285714,0.04818546488285714,0.04818546488285714,0.04818546488285714,0.04818546488285714,0.04818546488285714,0.04818546488285714,0.04818546488285714,0.04818546488285714,0.04818546488285714,0.04818546488285714,0.04818546488285714,0.04818546488285714,0.04818546488285714,0.04818546488285714,0.04818546488285714,0.04818546488285714,0.04818546488285714,0.04818546488285714,0.04818546488285714,0.04818546488285714,0.04818546488285714,0.04818546488285714,0.04818546488285714,0.04818546488285714,0.04818546488285714,0.04818546488285714,0.04818546488285714,0.04818546488285714,0.04818546488285714,0.04818546488285714,0.04818546488285714,0.04818546488285714,0.04818546488285714,0.04818546488285714,0.04818546488285714,0.04818546488285714,0.04818546488285714,0.04818546488285714,0.04818546488285714,0.04818546488285714,0.04818546488285714,0.04818546488285714,0.04818546488285714,0.04818546488285714,0.04818546488285714,0.04818546488285714,0.04818546488285714,0.04818546488285714,0.04818546488285714,0.04818546488285714,0.04818546488285714,0.04818546488285714,0.04818546488285714,0.04818546488285714,0.04818546488285714,0.04818546488285714,0.04818546488285714,0.04818546488285714,0.04818546488285714,0.04818546488285714,0.04818546488285714,0.04818546488285714,0.04818546488285714,0.04818546488285714,0.04818546488285714,0.04818546488285714,0.04818546488285714,0.04818546488285714,0.04818546488285714,0.04818546488285714,0.04818546488285714,0.04818546488285714,0.04818546488285714,0.04818546488285714,0.04818546488285714,0.04818546488285714,0.04818546488285714,0.04818546488285714,0.04818546488285714,0.04818546488285714,0.017302436730136955,0.0,0.0,0.0,0.0,0.0060627625418,0.005649628580022389,0.1245611844958571,0.13111703631142851,0.13481612653726832
chiplet_chiplet_93_chiplet,0.04818546488285714,0.04818546488285714,0.04818546488285714,0.04818546488285714,0.04818546488285714,0.04818546488285714,0.04818546488285714,0.04818546488285714,0.04818546488285714,0.04818546488285714,0.04818546488285714,0.04818546488285714,0.04818546488285714,0.04818546488285714,0.04818546488285714,0.04818546488285714,0.04818546488285714,0.04818546488285714,0.04818546488285714,0.04818546488285714,0.04818546488285714,0.04818546488285714,0.04818546488285714,0.04818546488285714,0.04818546488285714,0.04818546488285714,0.04818546488285714,0.04818546488285714,0.04818546488285714,0.04818546488285714,0.04818546488285714,0.04818546488285714,0.04818546488285714,0.04818546488285714,0.04818546488285714,0.04818546488285714,0.04818546488285714,0.04818546488285714,0.04818546488285714,0.04818546488285714,0.04818546488285714,0.04818546488285714,0.04818546488285714,0.04818546488285714,0.04818546488285714,0.04818546488285714,0.04818546488285714,0.04818546488285714,0.04818546488285714,0.04818546488285714,0.04818546488285714,0.04818546488285714,0.04818546488285714,0.04818546488285714,0.04818546488285714,0.04818546488285714,0.04818546488285714,0.04818546488285714,0.04818546488285714,0.04818546488285714,0.04818546488285714,0.04818546488285714,0.04818546488285714,0.04818546488285714,0.04818546488285714,0.04818546488285714,0.04818546488285714,0.04818546488285714,0.04818546488285714,0.04818546488285714,0.04818546488285714,0.04818546488285714,0.04818546488285714,0.04818546488285714,0.04818546488285714,0.04818546488285714,0.04818546488285714,0.04818546488285714,0.04818546488285714,0.04818546488285714,0.04818546488285714,0.04818546488285714,0.04818546488285714,0.04818546488285714,0.04818546488285714,0.04818546488285714,0.04818546488285714,0.04818546488285714,0.04818546488285714,0.04818546488285714,0.04818546488285714,0.04818546488285714,0.04818546488285714,0.04818546488285714,0.04818546488285714,0.04818546488285714,0.04818546488285714,0.04818546488285714,0.04818546488285714,0.04818546488285714,0.04818546488285714,0.04818546488285714,0.04818546488285714,0.04818546488285714,0.04818546488285714,0.04818546488285714,0.04818546488285714,0.04818546488285714,0.04818546488285714,0.04818546488285714,0.04818546488285714,0.04818546488285714,0.04818546488285714,0.04818546488285714,0.04818546488285714,0.04818546488285714,0.04818546488285714,0.04818546488285714,0.04818546488285714,0.04818546488285714,0.04818546488285714,0.04818546488285714,0.04818546488285714,0.04818546488285714,0.04818546488285714,0.04818546488285714,0.04818546488285714,0.04818546488285714,0.04818546488285714,0.04818546488285714,0.04818546488285714,0.04818546488285714,0.04818546488285714,0.017302436730136955,0.0,0.0,0.0,0.0,0.0060627625418,0.005649628580022389,0.1245611844958571,0.13111703631142851,0.13481612653726832
chiplet_chiplet_94_chiplet,0.04818546488285714,0.04818546488285714,0.04818546488285714,0.04818546488285714,0.04818546488285714,0.04818546488285714,0.04818546488285714,0.04818546488285714,0.04818546488285714,0.04818546488285714,0.04818546488285714,0.04818546488285714,0.04818546488285714,0.04818546488285714,0.04818546488285714,0.04818546488285714,0.04818546488285714,0.04818546488285714,0.04818546488285714,0.04818546488285714,0.04818546488285714,0.04818546488285714,0.04818546488285714,0.04818546488285714,0.04818546488285714,0.04818546488285714,0.04818546488285714,0.04818546488285714,0.04818546488285714,0.04818546488285714,0.04818546488285714,0.04818546488285714,0.04818546488285714,0.04818546488285714,0.04818546488285714,0.04818546488285714,0.04818546488285714,0.04818546488285714,0.04818546488285714,0.04818546488285714,0.04818546488285714,0.04818546488285714,0.04818546488285714,0.04818546488285714,0.04818546488285714,0.04818546488285714,0.04818546488285714,0.04818546488285714,0.04818546488285714,0.04818546488285714,0.04818546488285714,0.04818546488285714,0.04818546488285714,0.04818546488285714,0.04818546488285714,0.04818546488285714,0.04818546488285714,0.04818546488285714,0.04818546488285714,0.04818546488285714,0.04818546488285714,0.04818546488285714,0.04818546488285714,0.04818546488285714,0.04818546488285714,0.04818546488285714,0.04818546488285714,0.04818546488285714,0.04818546488285714,0.04818546488285714,0.04818546488285714,0.04818546488285714,0.04818546488285714,0.04818546488285714,0.04818546488285714,0.04818546488285714,0.04818546488285714,0.04818546488285714,0.04818546488285714,0.04818546488285714,0.04818546488285714,0.04818546488285714,0.04818546488285714,0.04818546488285714,0.04818546488285714,0.04818546488285714,0.04818546488285714,0.04818546488285714,0.04818546488285714,0.04818546488285714,0.04818546488285714,0.04818546488285714,0.04818546488285714,0.04818546488285714,0.04818546488285714,0.04818546488285714,0.04818546488285714,0.04818546488285714,0.04818546488285714,0.04818546488285714,0.04818546488285714,0.04818546488285714,0.04818546488285714,0.04818546488285714,0.04818546488285714,0.04818546488285714,0.04818546488285714,0.04818546488285714,0.04818546488285714,0.04818546488285714,0.04818546488285714,0.04818546488285714,0.04818546488285714,0.04818546488285714,0.04818546488285714,0.04818546488285714,0.04818546488285714,0.04818546488285714,0.04818546488285714,0.04818546488285714,0.04818546488285714,0.04818546488285714,0.04818546488285714,0.04818546488285714,0.04818546488285714,0.04818546488285714,0.04818546488285714,0.04818546488285714,0.04818546488285714,0.04818546488285714,0.04818546488285714,0.04818546488285714,0.04818546488285714,0.017302436730136955,0.0,0.0,0.0,0.0,0.0060627625418,0.005649628580022389,0.1245611844958571,0.13111703631142851,0.13481612653726832
chiplet_chiplet_95_chiplet,0.04818546488285714,0.04818546488285714,0.04818546488285714,0.04818546488285714,0.04818546488285714,0.04818546488285714,0.04818546488285714,0.04818546488285714,0.04818546488285714,0.04818546488285714,0.04818546488285714,0.04818546488285714,0.04818546488285714,0.04818546488285714,0.04818546488285714,0.04818546488285714,0.04818546488285714,0.04818546488285714,0.04818546488285714,0.04818546488285714,0.04818546488285714,0.04818546488285714,0.04818546488285714,0.04818546488285714,0.04818546488285714,0.04818546488285714,0.04818546488285714,0.04818546488285714,0.04818546488285714,0.04818546488285714,0.04818546488285714,0.04818546488285714,0.04818546488285714,0.04818546488285714,0.04818546488285714,0.04818546488285714,0.04818546488285714,0.04818546488285714,0.04818546488285714,0.04818546488285714,0.04818546488285714,0.04818546488285714,0.04818546488285714,0.04818546488285714,0.04818546488285714,0.04818546488285714,0.04818546488285714,0.04818546488285714,0.04818546488285714,0.04818546488285714,0.04818546488285714,0.04818546488285714,0.04818546488285714,0.04818546488285714,0.04818546488285714,0.04818546488285714,0.04818546488285714,0.04818546488285714,0.04818546488285714,0.04818546488285714,0.04818546488285714,0.04818546488285714,0.04818546488285714,0.04818546488285714,0.04818546488285714,0.04818546488285714,0.04818546488285714,0.04818546488285714,0.04818546488285714,0.04818546488285714,0.04818546488285714,0.04818546488285714,0.04818546488285714,0.04818546488285714,0.04818546488285714,0.04818546488285714,0.04818546488285714,0.04818546488285714,0.04818546488285714,0.04818546488285714,0.04818546488285714,0.04818546488285714,0.04818546488285714,0.04818546488285714,0.04818546488285714,0.04818546488285714,0.04818546488285714,0.04818546488285714,0.04818546488285714,0.04818546488285714,0.04818546488285714,0.04818546488285714,0.04818546488285714,0.04818546488285714,0.04818546488285714,0.04818546488285714,0.04818546488285714,0.04818546488285714,0.04818546488285714,0.04818546488285714,0.04818546488285714,0.04818546488285714,0.04818546488285714,0.04818546488285714,0.04818546488285714,0.04818546488285714,0.04818546488285714,0.04818546488285714,0.04818546488285714,0.04818546488285714,0.04818546488285714,0.04818546488285714,0.04818546488285714,0.04818546488285714,0.04818546488285714,0.04818546488285714,0.04818546488285714,0.04818546488285714,0.04818546488285714,0.04818546488285714,0.04818546488285714,0.04818546488285714,0.04818546488285714,0.04818546488285714,0.04818546488285714,0.04818546488285714,0.04818546488285714,0.04818546488285714,0.04818546488285714,0.04818546488285714,0.04818546488285714,0.04818546488285714,0.04818546488285714,0.017302436730136955,0.0,0.0,0.0,0.0,0.0060627625418,0.005649628580022389,0.1245611844958571,0.13111703631142851,0.13481612653726832
chiplet_chiplet_96_chiplet,0.04818546488285714,0.04818546488285714,0.04818546488285714,0.04818546488285714,0.04818546488285714,0.04818546488285714,0.04818546488285714,0.04818546488285714,0.04818546488285714,0.04818546488285714,0.04818546488285714,0.04818546488285714,0.04818546488285714,0.04818546488285714,0.04818546488285714,0.04818546488285714,0.04818546488285714,0.04818546488285714,0.04818546488285714,0.04818546488285714,0.04818546488285714,0.04818546488285714,0.04818546488285714,0.04818546488285714,0.04818546488285714,0.04818546488285714,0.04818546488285714,0.04818546488285714,0.04818546488285714,0.04818546488285714,0.04818546488285714,0.04818546488285714,0.04818546488285714,0.04818546488285714,0.04818546488285714,0.04818546488285714,0.04818546488285714,0.04818546488285714,0.04818546488285714,0.04818546488285714,0.04818546488285714,0.04818546488285714,0.04818546488285714,0.04818546488285714,0.04818546488285714,0.04818546488285714,0.04818546488285714,0.04818546488285714,0.04818546488285714,0.04818546488285714,0.04818546488285714,0.04818546488285714,0.04818546488285714,0.04818546488285714,0.04818546488285714,0.04818546488285714,0.04818546488285714,0.04818546488285714,0.04818546488285714,0.04818546488285714,0.04818546488285714,0.04818546488285714,0.04818546488285714,0.04818546488285714,0.04818546488285714,0.04818546488285714,0.04818546488285714,0.04818546488285714,0.04818546488285714,0.04818546488285714,0.04818546488285714,0.04818546488285714,0.04818546488285714,0.04818546488285714,0.04818546488285714,0.04818546488285714,0.04818546488285714,0.04818546488285714,0.04818546488285714,0.04818546488285714,0.04818546488285714,0.04818546488285714,0.04818546488285714,0.04818546488285714,0.04818546488285714,0.04818546488285714,0.04818546488285714,0.04818546488285714,0.04818546488285714,0.04818546488285714,0.04818546488285714,0.04818546488285714,0.04818546488285714,0.04818546488285714,0.04818546488285714,0.04818546488285714,0.04818546488285714,0.04818546488285714,0.04818546488285714,0.04818546488285714,0.04818546488285714,0.04818546488285714,0.04818546488285714,0.04818546488285714,0.04818546488285714,0.04818546488285714,0.04818546488285714,0.04818546488285714,0.04818546488285714,0.04818546488285714,0.04818546488285714,0.04818546488285714,0.04818546488285714,0.04818546488285714,0.04818546488285714,0.04818546488285714,0.04818546488285714,0.04818546488285714,0.04818546488285714,0.04818546488285714,0.04818546488285714,0.04818546488285714,0.04818546488285714,0.04818546488285714,0.04818546488285714,0.04818546488285714,0.04818546488285714,0.04818546488285714,0.04818546488285714,0.04818546488285714,0.04818546488285714,0.04818546488285714,0.04818546488285714,0.017302436730136955,0.0,0.0,0.0,0.0,0.0060627625418,0.005649628580022389,0.1245611844958571,0.13111703631142851,0.13481612653726832
chiplet_chiplet_97_chiplet,0.04818546488285714,0.04818546488285714,0.04818546488285714,0.04818546488285714,0.04818546488285714,0.04818546488285714,0.04818546488285714,0.04818546488285714,0.04818546488285714,0.04818546488285714,0.04818546488285714,0.04818546488285714,0.04818546488285714,0.04818546488285714,0.04818546488285714,0.04818546488285714,0.04818546488285714,0.04818546488285714,0.04818546488285714,0.04818546488285714,0.04818546488285714,0.04818546488285714,0.04818546488285714,0.04818546488285714,0.04818546488285714,0.04818546488285714,0.04818546488285714,0.04818546488285714,0.04818546488285714,0.04818546488285714,0.04818546488285714,0.04818546488285714,0.04818546488285714,0.04818546488285714,0.04818546488285714,0.04818546488285714,0.04818546488285714,0.04818546488285714,0.04818546488285714,0.04818546488285714,0.04818546488285714,0.04818546488285714,0.04818546488285714,0.04818546488285714,0.04818546488285714,0.04818546488285714,0.04818546488285714,0.04818546488285714,0.04818546488285714,0.04818546488285714,0.04818546488285714,0.04818546488285714,0.04818546488285714,0.04818546488285714,0.04818546488285714,0.04818546488285714,0.04818546488285714,0.04818546488285714,0.04818546488285714,0.04818546488285714,0.04818546488285714,0.04818546488285714,0.04818546488285714,0.04818546488285714,0.04818546488285714,0.04818546488285714,0.04818546488285714,0.04818546488285714,0.04818546488285714,0.04818546488285714,0.04818546488285714,0.04818546488285714,0.04818546488285714,0.04818546488285714,0.04818546488285714,0.04818546488285714,0.04818546488285714,0.04818546488285714,0.04818546488285714,0.04818546488285714,0.04818546488285714,0.04818546488285714,0.04818546488285714,0.04818546488285714,0.04818546488285714,0.04818546488285714,0.04818546488285714,0.04818546488285714,0.04818546488285714,0.04818546488285714,0.04818546488285714,0.04818546488285714,0.04818546488285714,0.04818546488285714,0.04818546488285714,0.04818546488285714,0.04818546488285714,0.04818546488285714,0.04818546488285714,0.04818546488285714,0.04818546488285714,0.04818546488285714,0.04818546488285714,0.04818546488285714,0.04818546488285714,0.04818546488285714,0.04818546488285714,0.04818546488285714,0.04818546488285714,0.04818546488285714,0.04818546488285714,0.04818546488285714,0.04818546488285714,0.04818546488285714,0.04818546488285714,0.04818546488285714,0.04818546488285714,0.04818546488285714,0.04818546488285714,0.04818546488285714,0.04818546488285714,0.04818546488285714,0.04818546488285714,0.04818546488285714,0.04818546488285714,0.04818546488285714,0.04818546488285714,0.04818546488285714,0.04818546488285714,0.04818546488285714,0.04818546488285714,0.04818546488285714,0.04818546488285714,0.017302436730136955,0.0,0.0,0.0,0.0,0.0060627625418,0.005649628580022389,0.1245611844958571,0.13111703631142851,0.13481612653726832
chiplet_chiplet_98_chiplet,0.04818546488285714,0.04818546488285714,0.04818546488285714,0.04818546488285714,0.04818546488285714,0.04818546488285714,0.04818546488285714,0.04818546488285714,0.04818546488285714,0.04818546488285714,0.04818546488285714,0.04818546488285714,0.04818546488285714,0.04818546488285714,0.04818546488285714,0.04818546488285714,0.04818546488285714,0.04818546488285714,0.04818546488285714,0.04818546488285714,0.04818546488285714,0.04818546488285714,0.04818546488285714,0.04818546488285714,0.04818546488285714,0.04818546488285714,0.04818546488285714,0.04818546488285714,0.04818546488285714,0.04818546488285714,0.04818546488285714,0.04818546488285714,0.04818546488285714,0.04818546488285714,0.04818546488285714,0.04818546488285714,0.04818546488285714,0.04818546488285714,0.04818546488285714,0.04818546488285714,0.04818546488285714,0.04818546488285714,0.04818546488285714,0.04818546488285714,0.04818546488285714,0.04818546488285714,0.04818546488285714,0.04818546488285714,0.04818546488285714,0.04818546488285714,0.04818546488285714,0.04818546488285714,0.04818546488285714,0.04818546488285714,0.04818546488285714,0.04818546488285714,0.04818546488285714,0.04818546488285714,0.04818546488285714,0.04818546488285714,0.04818546488285714,0.04818546488285714,0.04818546488285714,0.04818546488285714,0.04818546488285714,0.04818546488285714,0.04818546488285714,0.04818546488285714,0.04818546488285714,0.04818546488285714,0.04818546488285714,0.04818546488285714,0.04818546488285714,0.04818546488285714,0.04818546488285714,0.04818546488285714,0.04818546488285714,0.04818546488285714,0.04818546488285714,0.04818546488285714,0.04818546488285714,0.04818546488285714,0.04818546488285714,0.04818546488285714,0.04818546488285714,0.04818546488285714,0.04818546488285714,0.04818546488285714,0.04818546488285714,0.04818546488285714,0.04818546488285714,0.04818546488285714,0.04818546488285714,0.04818546488285714,0.04818546488285714,0.04818546488285714,0.04818546488285714,0.04818546488285714,0.04818546488285714,0.04818546488285714,0.04818546488285714,0.04818546488285714,0.04818546488285714,0.04818546488285714,0.04818546488285714,0.04818546488285714,0.04818546488285714,0.04818546488285714,0.04818546488285714,0.04818546488285714,0.04818546488285714,0.04818546488285714,0.04818546488285714,0.04818546488285714,0.04818546488285714,0.04818546488285714,0.04818546488285714,0.04818546488285714,0.04818546488285714,0.04818546488285714,0.04818546488285714,0.04818546488285714,0.04818546488285714,0.04818546488285714,0.04818546488285714,0.04818546488285714,0.04818546488285714,0.04818546488285714,0.04818546488285714,0.04818546488285714,0.04818546488285714,0.04818546488285714,0.04818546488285714,0.017302436730136955,0.0,0.0,0.0,0.0,0.0060627625418,0.005649628580022389,0.1245611844958571,0.13111703631142851,0.13481612653726832
chiplet_chiplet_99_chiplet,0.04818546488285714,0.04818546488285714,0.04818546488285714,0.04818546488285714,0.04818546488285714,0.04818546488285714,0.04818546488285714,0.04818546488285714,0.04818546488285714,0.04818546488285714,0.04818546488285714,0.04818546488285714,0.04818546488285714,0.04818546488285714,0.04818546488285714,0.04818546488285714,0.04818546488285714,0.04818546488285714,0.04818546488285714,0.04818546488285714,0.04818546488285714,0.04818546488285714,0.04818546488285714,0.04818546488285714,0.04818546488285714,0.04818546488285714,0.04818546488285714,0.04818546488285714,0.04818546488285714,0.04818546488285714,0.04818546488285714,0.04818546488285714,0.04818546488285714,0.04818546488285714,0.04818546488285714,0.04818546488285714,0.04818546488285714,0.04818546488285714,0.04818546488285714,0.04818546488285714,0.04818546488285714,0.04818546488285714,0.04818546488285714,0.04818546488285714,0.04818546488285714,0.04818546488285714,0.04818546488285714,0.04818546488285714,0.04818546488285714,0.04818546488285714,0.04818546488285714,0.04818546488285714,0.04818546488285714,0.04818546488285714,0.04818546488285714,0.04818546488285714,0.04818546488285714,0.04818546488285714,0.04818546488285714,0.04818546488285714,0.04818546488285714,0.04818546488285714,0.04818546488285714,0.04818546488285714,0.04818546488285714,0.04818546488285714,0.04818546488285714,0.04818546488285714,0.04818546488285714,0.04818546488285714,0.04818546488285714,0.04818546488285714,0.04818546488285714,0.04818546488285714,0.04818546488285714,0.04818546488285714,0.04818546488285714,0.04818546488285714,0.04818546488285714,0.04818546488285714,0.04818546488285714,0.04818546488285714,0.04818546488285714,0.04818546488285714,0.04818546488285714,0.04818546488285714,0.04818546488285714,0.04818546488285714,0.04818546488285714,0.04818546488285714,0.04818546488285714,0.04818546488285714,0.04818546488285714,0.04818546488285714,0.04818546488285714,0.04818546488285714,0.04818546488285714,0.04818546488285714,0.04818546488285714,0.04818546488285714,0.04818546488285714,0.04818546488285714,0.04818546488285714,0.04818546488285714,0.04818546488285714,0.04818546488285714,0.04818546488285714,0.04818546488285714,0.04818546488285714,0.04818546488285714,0.04818546488285714,0.04818546488285714,0.04818546488285714,0.04818546488285714,0.04818546488285714,0.04818546488285714,0.04818546488285714,0.04818546488285714,0.04818546488285714,0.04818546488285714,0.04818546488285714,0.04818546488285714,0.04818546488285714,0.04818546488285714,0.04818546488285714,0.04818546488285714,0.04818546488285714,0.04818546488285714,0.04818546488285714,0.04818546488285714,0.04818546488285714,0.04818546488285714,0.04818546488285714,0.017302436730136955,0.0,0.0,0.0,0.0,0.0060627625418,0.005649628580022389,0.1245611844958571,0.13111703631142851,0.13481612653726832
chiplet_chiplet_100_chiplet,0.04331224773999999,0.04331224773999999,0.04331224773999999,0.04331224773999999,0.04331224773999999,0.04331224773999999,0.04331224773999999,0.04331224773999999,0.04331224773999999,0.04331224773999999,0.04331224773999999,0.04331224773999999,0.04331224773999999,0.04331224773999999,0.04331224773999999,0.04331224773999999,0.04331224773999999,0.04331224773999999,0.04331224773999999,0.04331224773999999,0.04331224773999999,0.04331224773999999,0.04331224773999999,0.04331224773999999,0.04331224773999999,0.04331224773999999,0.04331224773999999,0.04331224773999999,0.04331224773999999,0.04331224773999999,0.04331224773999999,0.04331224773999999,0.04331224773999999,0.04331224773999999,0.04331224773999999,0.04331224773999999,0.04331224773999999,0.04331224773999999,0.04331224773999999,0.04331224773999999,0.04331224773999999,0.04331224773999999,0.04331224773999999,0.04331224773999999,0.04331224773999999,0.04331224773999999,0.04331224773999999,0.04331224773999999,0.04331224773999999,0.04331224773999999,0.04331224773999999,0.04331224773999999,0.04331224773999999,0.04331224773999999,0.04331224773999999,0.04331224773999999,0.04331224773999999,0.04331224773999999,0.04331224773999999,0.04331224773999999,0.04331224773999999,0.04331224773999999,0.04331224773999999,0.04331224773999999,0.04331224773999999,0.04331224773999999,0.04331224773999999,0.04331224773999999,0.04331224773999999,0.04331224773999999,0.04331224773999999,0.04331224773999999,0.04331224773999999,0.04331224773999999,0.04331224773999999,0.04331224773999999,0.04331224773999999,0.04331224773999999,0.04331224773999999,0.04331224773999999,0.04331224773999999,0.04331224773999999,0.04331224773999999,0.04331224773999999,0.04331224773999999,0.04331224773999999,0.04331224773999999,0.04331224773999999,0.04331224773999999,0.04331224773999999,0.04331224773999999,0.04331224773999999,0.04331224773999999,0.04331224773999999,0.04331224773999999,0.04331224773999999,0.04331224773999999,0.04331224773999999,0.04331224773999999,0.04331224773999999,0.04331224773999999,0.04331224773999999,0.04331224773999999,0.04331224773999999,0.04331224773999999,0.04331224773999999,0.04331224773999999,0.04331224773999999,0.04331224773999999,0.04331224773999999,0.04331224773999999,0.04331224773999999,0.04331224773999999,0.04331224773999999,0.04331224773999999,0.04331224773999999,0.04331224773999999,0.04331224773999999,0.04331224773999999,0.04331224773999999,0.04331224773999999,0.04331224773999999,0.04331224773999999,0.04331224773999999,0.04331224773999999,0.04331224773999999,0.04331224773999999,0.04331224773999999,0.04331224773999999,0.04331224773999999,0.04331224773999999,0.04331224773999999,0.04331224773999999,0.015552561918479745,0.0,0.0,0.0,0.0,0.0057216373418000005,0.005331748625793856,0.11993162821014282,0.12624381916857141,0.13138622187854912
