================================================================================
Model 1: densenet201
================================================================================


Model Overall Times:
--------------------------------------------------
  Overall Times:
    Start: 0.00 μs
    End: 10403.30 μs
    Duration: 10403.30 μs

Input Start/End Times:
--------------------------------------------------
  Input Times Table:

  +-------+------------+--------------------+
  | Input | Start (μs) | End (μs)           |
  +-------+------------+--------------------+
  | 0     | 0.00       | 10403.30           |
  +-------+------------+--------------------+

Summed Time Per Input:
--------------------------------------------------
  Summed Time Table:

  +-------+-------------------+-------------------------------+---------------------+--------------+
  | Input | Compute (μs)      | Activation Communication (μs) | Weight Loading (μs) | Total (μs)   |
  +-------+-------------------+-------------------------------+---------------------+--------------+
  | 0     | 4182.67           | 38.19                         | 6182.44             | 10403.30     |
  +-------+-------------------+-------------------------------+---------------------+--------------+

Layer Latency per input:
--------------------------------------------------
  Latency Table:

  +-------+-------+----------------------+------------------------------+
  | Input | Layer | Compute Latency (μs) | Activation Comm Latency (μs) |
  +-------+-------+----------------------+------------------------------+
  | 0     | 0     | 118.01               | -1                           |
  | 0     | 1     | 25.69                | -1                           |
  | 0     | 2     | 115.61               | -1                           |
  | 0     | 3     | 38.54                | -1                           |
  | 0     | 4     | 115.61               | -1                           |
  | 0     | 5     | 51.38                | -1                           |
  | 0     | 6     | 115.61               | -1                           |
  | 0     | 7     | 64.23                | -1                           |
  | 0     | 8     | 115.61               | -1                           |
  | 0     | 9     | 77.07                | -1                           |
  | 0     | 10    | 115.61               | -1                           |
  | 0     | 11    | 89.92                | -1                           |
  | 0     | 12    | 115.61               | -1                           |
  | 0     | 13    | 102.76               | -1                           |
  | 0     | 14    | 12.85                | -1                           |
  | 0     | 15    | 28.90                | -1                           |
  | 0     | 16    | 16.06                | -1                           |
  | 0     | 17    | 28.90                | -1                           |
  | 0     | 18    | 19.27                | -1                           |
  | 0     | 19    | 28.90                | -1                           |
  | 0     | 20    | 22.48                | -1                           |
  | 0     | 21    | 28.90                | -1                           |
  | 0     | 22    | 25.69                | -1                           |
  | 0     | 23    | 28.90                | -1                           |
  | 0     | 24    | 28.90                | -1                           |
  | 0     | 25    | 28.90                | -1                           |
  | 0     | 26    | 32.11                | -1                           |
  | 0     | 27    | 28.90                | -1                           |
  | 0     | 28    | 35.32                | -1                           |
  | 0     | 29    | 28.90                | -1                           |
  | 0     | 30    | 38.54                | -1                           |
  | 0     | 31    | 28.90                | -1                           |
  | 0     | 32    | 41.75                | -1                           |
  | 0     | 33    | 28.90                | -1                           |
  | 0     | 34    | 44.96                | -1                           |
  | 0     | 35    | 28.90                | -1                           |
  | 0     | 36    | 48.17                | -1                           |
  | 0     | 37    | 28.90                | -1                           |
  | 0     | 38    | 102.76               | -1                           |
  | 0     | 39    | 6.42                 | -1                           |
  | 0     | 40    | 7.23                 | -1                           |
  | 0     | 41    | 7.23                 | -1                           |
  | 0     | 42    | 7.23                 | -1                           |
  | 0     | 43    | 8.03                 | -1                           |
  | 0     | 44    | 7.23                 | -1                           |
  | 0     | 45    | 8.83                 | -1                           |
  | 0     | 46    | 7.23                 | -1                           |
  | 0     | 47    | 9.63                 | -1                           |
  | 0     | 48    | 7.23                 | -1                           |
  | 0     | 49    | 10.44                | -1                           |
  | 0     | 50    | 7.23                 | -1                           |
  | 0     | 51    | 11.24                | -1                           |
  | 0     | 52    | 7.23                 | -1                           |
  | 0     | 53    | 12.04                | -1                           |
  | 0     | 54    | 7.23                 | -1                           |
  | 0     | 55    | 12.85                | -1                           |
  | 0     | 56    | 7.23                 | -1                           |
  | 0     | 57    | 13.65                | -1                           |
  | 0     | 58    | 7.23                 | -1                           |
  | 0     | 59    | 14.45                | -1                           |
  | 0     | 60    | 7.23                 | 1.96                         |
  | 0     | 61    | 10.20                | 6.80                         |
  | 0     | 62    | 7.23                 | -1                           |
  | 0     | 63    | 16.06                | -1                           |
  | 0     | 64    | 7.23                 | -1                           |
  | 0     | 65    | 16.86                | -1                           |
  | 0     | 66    | 7.23                 | -1                           |
  | 0     | 67    | 17.66                | -1                           |
  | 0     | 68    | 7.23                 | -1                           |
  | 0     | 69    | 18.46                | -1                           |
  | 0     | 70    | 7.23                 | -1                           |
  | 0     | 71    | 19.27                | -1                           |
  | 0     | 72    | 7.23                 | -1                           |
  | 0     | 73    | 20.07                | -1                           |
  | 0     | 74    | 7.23                 | -1                           |
  | 0     | 75    | 20.87                | -1                           |
  | 0     | 76    | 7.23                 | -1                           |
  | 0     | 77    | 21.68                | -1                           |
  | 0     | 78    | 7.23                 | -1                           |
  | 0     | 79    | 22.48                | -1                           |
  | 0     | 80    | 7.23                 | -1                           |
  | 0     | 81    | 23.28                | -1                           |
  | 0     | 82    | 7.23                 | -1                           |
  | 0     | 83    | 24.08                | -1                           |
  | 0     | 84    | 7.23                 | -1                           |
  | 0     | 85    | 24.89                | -1                           |
  | 0     | 86    | 7.23                 | -1                           |
  | 0     | 87    | 25.69                | -1                           |
  | 0     | 88    | 7.23                 | -1                           |
  | 0     | 89    | 26.49                | -1                           |
  | 0     | 90    | 7.23                 | -1                           |
  | 0     | 91    | 27.30                | -1                           |
  | 0     | 92    | 7.23                 | -1                           |
  | 0     | 93    | 28.10                | -1                           |
  | 0     | 94    | 7.23                 | 1.96                         |
  | 0     | 95    | 23.28                | 1.52                         |
  | 0     | 96    | 7.23                 | -1                           |
  | 0     | 97    | 29.70                | -1                           |
  | 0     | 98    | 7.23                 | -1                           |
  | 0     | 99    | 30.51                | -1                           |
  | 0     | 100   | 7.23                 | -1                           |
  | 0     | 101   | 31.31                | -1                           |
  | 0     | 102   | 7.23                 | -1                           |
  | 0     | 103   | 32.11                | -1                           |
  | 0     | 104   | 7.23                 | -1                           |
  | 0     | 105   | 32.92                | -1                           |
  | 0     | 106   | 7.23                 | -1                           |
  | 0     | 107   | 33.72                | -1                           |
  | 0     | 108   | 7.23                 | -1                           |
  | 0     | 109   | 34.52                | -1                           |
  | 0     | 110   | 7.23                 | -1                           |
  | 0     | 111   | 35.32                | -1                           |
  | 0     | 112   | 7.23                 | -1                           |
  | 0     | 113   | 36.13                | -1                           |
  | 0     | 114   | 7.23                 | -1                           |
  | 0     | 115   | 36.93                | -1                           |
  | 0     | 116   | 7.23                 | -1                           |
  | 0     | 117   | 37.73                | -1                           |
  | 0     | 118   | 7.23                 | 1.96                         |
  | 0     | 119   | 37.73                | 0.16                         |
  | 0     | 120   | 7.23                 | -1                           |
  | 0     | 121   | 39.34                | -1                           |
  | 0     | 122   | 7.23                 | -1                           |
  | 0     | 123   | 40.14                | -1                           |
  | 0     | 124   | 7.23                 | -1                           |
  | 0     | 125   | 40.94                | -1                           |
  | 0     | 126   | 7.23                 | -1                           |
  | 0     | 127   | 41.75                | -1                           |
  | 0     | 128   | 7.23                 | -1                           |
  | 0     | 129   | 42.55                | -1                           |
  | 0     | 130   | 7.23                 | -1                           |
  | 0     | 131   | 43.35                | -1                           |
  | 0     | 132   | 7.23                 | -1                           |
  | 0     | 133   | 44.15                | -1                           |
  | 0     | 134   | 7.23                 | 1.96                         |
  | 0     | 135   | 220.77               | 16.38                        |
  | 0     | 136   | 5.62                 | -1                           |
  | 0     | 137   | 1.81                 | -1                           |
  | 0     | 138   | 5.82                 | -1                           |
  | 0     | 139   | 1.81                 | -1                           |
  | 0     | 140   | 6.02                 | -1                           |
  | 0     | 141   | 1.81                 | -1                           |
  | 0     | 142   | 6.22                 | -1                           |
  | 0     | 143   | 1.81                 | -1                           |
  | 0     | 144   | 6.42                 | -1                           |
  | 0     | 145   | 1.81                 | -1                           |
  | 0     | 146   | 6.62                 | -1                           |
  | 0     | 147   | 1.81                 | -1                           |
  | 0     | 148   | 6.82                 | -1                           |
  | 0     | 149   | 1.81                 | -1                           |
  | 0     | 150   | 7.02                 | -1                           |
  | 0     | 151   | 1.81                 | 0.49                         |
  | 0     | 152   | 7.02                 | 0.05                         |
  | 0     | 153   | 1.81                 | -1                           |
  | 0     | 154   | 7.43                 | -1                           |
  | 0     | 155   | 1.81                 | -1                           |
  | 0     | 156   | 7.63                 | -1                           |
  | 0     | 157   | 1.81                 | -1                           |
  | 0     | 158   | 7.83                 | -1                           |
  | 0     | 159   | 1.81                 | -1                           |
  | 0     | 160   | 8.03                 | -1                           |
  | 0     | 161   | 1.81                 | -1                           |
  | 0     | 162   | 8.23                 | -1                           |
  | 0     | 163   | 1.81                 | -1                           |
  | 0     | 164   | 8.43                 | -1                           |
  | 0     | 165   | 1.81                 | -1                           |
  | 0     | 166   | 8.63                 | -1                           |
  | 0     | 167   | 1.81                 | -1                           |
  | 0     | 168   | 8.83                 | -1                           |
  | 0     | 169   | 1.81                 | -1                           |
  | 0     | 170   | 9.03                 | -1                           |
  | 0     | 171   | 1.81                 | -1                           |
  | 0     | 172   | 9.23                 | -1                           |
  | 0     | 173   | 1.81                 | -1                           |
  | 0     | 174   | 9.43                 | 1.96                         |
  | 0     | 175   | 1.00                 | 0.21                         |
  | 0     | 176   | 9.63                 | -1                           |
  | 0     | 177   | 1.81                 | -1                           |
  | 0     | 178   | 9.83                 | -1                           |
  | 0     | 179   | 1.81                 | -1                           |
  | 0     | 180   | 10.04                | -1                           |
  | 0     | 181   | 1.81                 | -1                           |
  | 0     | 182   | 10.24                | -1                           |
  | 0     | 183   | 1.81                 | -1                           |
  | 0     | 184   | 10.44                | -1                           |
  | 0     | 185   | 1.81                 | -1                           |
  | 0     | 186   | 10.64                | -1                           |
  | 0     | 187   | 1.81                 | -1                           |
  | 0     | 188   | 10.84                | -1                           |
  | 0     | 189   | 1.81                 | -1                           |
  | 0     | 190   | 11.04                | -1                           |
  | 0     | 191   | 1.81                 | -1                           |
  | 0     | 192   | 11.24                | -1                           |
  | 0     | 193   | 1.81                 | 0.49                         |
  | 0     | 194   | 9.23                 | 1.81                         |
  | 0     | 195   | 1.81                 | -1                           |
  | 0     | 196   | 11.64                | -1                           |
  | 0     | 197   | 1.81                 | -1                           |
  | 0     | 198   | 11.84                | -1                           |
  | 0     | 199   | 1.81                 | 0.49                         |
  | 0     | 200   | 1.84                 | -1                           |
  +-------+-------+----------------------+------------------------------+

Phase Execution Schedule:
--------------------------------------------------
  Phase Schedule Table:

  +-------+----------+--------------------------+----------------------------------------------------------------------------------------------------------------------------------------------------------------------------------------------------------------------------------------------------------------------------------------------------------------------------------------------------------------------------------------------------------------------------------------------------------------------------------------------------------------------------------------------------------------------------------------------------------------------------------------------------------------------------------------------------------------------------------------------------------------------------------------------------------------------------------------------------------------------------------------------------------------------------------------+--------------------+----------------------+--------------------+
  | Input | Phase ID | Type                     | Description                                                                                                                                                                                                                                                                                                                                                                                                                                                                                                                                                                                                                                                                                                                                                                                                                                                                                                                            | Start (μs)         | Duration (μs)        | Completion (μs)    |
  +-------+----------+--------------------------+----------------------------------------------------------------------------------------------------------------------------------------------------------------------------------------------------------------------------------------------------------------------------------------------------------------------------------------------------------------------------------------------------------------------------------------------------------------------------------------------------------------------------------------------------------------------------------------------------------------------------------------------------------------------------------------------------------------------------------------------------------------------------------------------------------------------------------------------------------------------------------------------------------------------------------------+--------------------+----------------------+--------------------+
  | 0     | 401      | Weight Loading           | Layers [0, 1, 2, 3, 4, 5, 6, 7, 8, 9, 10, 11, 12, 13, 14, 15, 16, 17, 18, 19, 20, 21, 22, 23, 24, 25, 26, 27, 28, 29, 30, 31, 32, 33, 34, 35, 36, 37, 38, 39, 40, 41, 42, 43, 44, 45, 46, 47, 48, 49, 50, 51, 52, 53, 54, 55, 56, 57, 58, 59, 60, 61, 62, 63, 64, 65, 66, 67, 68, 69, 70, 71, 72, 73, 74, 75, 76, 77, 78, 79, 80, 81, 82, 83, 84, 85, 86, 87, 88, 89, 90, 91, 92, 93, 94, 95, 96, 97, 98, 99, 100, 101, 102, 103, 104, 105, 106, 107, 108, 109, 110, 111, 112, 113, 114, 115, 116, 117, 118, 119, 120, 121, 122, 123, 124, 125, 126, 127, 128, 129, 130, 131, 132, 133, 134, 135, 136, 137, 138, 139, 140, 141, 142, 143, 144, 145, 146, 147, 148, 149, 150, 151, 152, 153, 154, 155, 156, 157, 158, 159, 160, 161, 162, 163, 164, 165, 166, 167, 168, 169, 170, 171, 172, 173, 174, 175, 176, 177, 178, 179, 180, 181, 182, 183, 184, 185, 186, 187, 188, 189, 190, 191, 192, 193, 194, 195, 196, 197, 198, 199, 200] | 0.00               | 6182.44              | 6182.44            |
  | 0     | 0        | Compute                  | Layer 0                                                                                                                                                                                                                                                                                                                                                                                                                                                                                                                                                                                                                                                                                                                                                                                                                                                                                                                                | 6182.44            | 118.01               | 6300.45            |
  | 0     | 1        | Activation Communication | Layer 0                                                                                                                                                                                                                                                                                                                                                                                                                                                                                                                                                                                                                                                                                                                                                                                                                                                                                                                                | 6300.45            | 0                    | 6300.45            |
  | 0     | 2        | Compute                  | Layer 1                                                                                                                                                                                                                                                                                                                                                                                                                                                                                                                                                                                                                                                                                                                                                                                                                                                                                                                                | 6300.45            | 25.69                | 6326.15            |
  | 0     | 3        | Activation Communication | Layer 1                                                                                                                                                                                                                                                                                                                                                                                                                                                                                                                                                                                                                                                                                                                                                                                                                                                                                                                                | 6326.15            | 0                    | 6326.15            |
  | 0     | 4        | Compute                  | Layer 2                                                                                                                                                                                                                                                                                                                                                                                                                                                                                                                                                                                                                                                                                                                                                                                                                                                                                                                                | 6326.15            | 115.61               | 6441.75            |
  | 0     | 5        | Activation Communication | Layer 2                                                                                                                                                                                                                                                                                                                                                                                                                                                                                                                                                                                                                                                                                                                                                                                                                                                                                                                                | 6441.75            | 0                    | 6441.75            |
  | 0     | 6        | Compute                  | Layer 3                                                                                                                                                                                                                                                                                                                                                                                                                                                                                                                                                                                                                                                                                                                                                                                                                                                                                                                                | 6441.75            | 38.54                | 6480.29            |
  | 0     | 7        | Activation Communication | Layer 3                                                                                                                                                                                                                                                                                                                                                                                                                                                                                                                                                                                                                                                                                                                                                                                                                                                                                                                                | 6480.29            | 0                    | 6480.29            |
  | 0     | 8        | Compute                  | Layer 4                                                                                                                                                                                                                                                                                                                                                                                                                                                                                                                                                                                                                                                                                                                                                                                                                                                                                                                                | 6480.29            | 115.61               | 6595.89            |
  | 0     | 9        | Activation Communication | Layer 4                                                                                                                                                                                                                                                                                                                                                                                                                                                                                                                                                                                                                                                                                                                                                                                                                                                                                                                                | 6595.89            | 0                    | 6595.89            |
  | 0     | 10       | Compute                  | Layer 5                                                                                                                                                                                                                                                                                                                                                                                                                                                                                                                                                                                                                                                                                                                                                                                                                                                                                                                                | 6595.89            | 51.38                | 6647.27            |
  | 0     | 11       | Activation Communication | Layer 5                                                                                                                                                                                                                                                                                                                                                                                                                                                                                                                                                                                                                                                                                                                                                                                                                                                                                                                                | 6647.27            | 0                    | 6647.27            |
  | 0     | 12       | Compute                  | Layer 6                                                                                                                                                                                                                                                                                                                                                                                                                                                                                                                                                                                                                                                                                                                                                                                                                                                                                                                                | 6647.27            | 115.61               | 6762.88            |
  | 0     | 13       | Activation Communication | Layer 6                                                                                                                                                                                                                                                                                                                                                                                                                                                                                                                                                                                                                                                                                                                                                                                                                                                                                                                                | 6762.88            | 0                    | 6762.88            |
  | 0     | 14       | Compute                  | Layer 7                                                                                                                                                                                                                                                                                                                                                                                                                                                                                                                                                                                                                                                                                                                                                                                                                                                                                                                                | 6762.88            | 64.23                | 6827.10            |
  | 0     | 15       | Activation Communication | Layer 7                                                                                                                                                                                                                                                                                                                                                                                                                                                                                                                                                                                                                                                                                                                                                                                                                                                                                                                                | 6827.10            | 0                    | 6827.10            |
  | 0     | 16       | Compute                  | Layer 8                                                                                                                                                                                                                                                                                                                                                                                                                                                                                                                                                                                                                                                                                                                                                                                                                                                                                                                                | 6827.10            | 115.61               | 6942.71            |
  | 0     | 17       | Activation Communication | Layer 8                                                                                                                                                                                                                                                                                                                                                                                                                                                                                                                                                                                                                                                                                                                                                                                                                                                                                                                                | 6942.71            | 0                    | 6942.71            |
  | 0     | 18       | Compute                  | Layer 9                                                                                                                                                                                                                                                                                                                                                                                                                                                                                                                                                                                                                                                                                                                                                                                                                                                                                                                                | 6942.71            | 77.07                | 7019.78            |
  | 0     | 19       | Activation Communication | Layer 9                                                                                                                                                                                                                                                                                                                                                                                                                                                                                                                                                                                                                                                                                                                                                                                                                                                                                                                                | 7019.78            | 0                    | 7019.78            |
  | 0     | 20       | Compute                  | Layer 10                                                                                                                                                                                                                                                                                                                                                                                                                                                                                                                                                                                                                                                                                                                                                                                                                                                                                                                               | 7019.78            | 115.61               | 7135.38            |
  | 0     | 21       | Activation Communication | Layer 10                                                                                                                                                                                                                                                                                                                                                                                                                                                                                                                                                                                                                                                                                                                                                                                                                                                                                                                               | 7135.38            | 0                    | 7135.38            |
  | 0     | 22       | Compute                  | Layer 11                                                                                                                                                                                                                                                                                                                                                                                                                                                                                                                                                                                                                                                                                                                                                                                                                                                                                                                               | 7135.38            | 89.92                | 7225.30            |
  | 0     | 23       | Activation Communication | Layer 11                                                                                                                                                                                                                                                                                                                                                                                                                                                                                                                                                                                                                                                                                                                                                                                                                                                                                                                               | 7225.30            | 0                    | 7225.30            |
  | 0     | 24       | Compute                  | Layer 12                                                                                                                                                                                                                                                                                                                                                                                                                                                                                                                                                                                                                                                                                                                                                                                                                                                                                                                               | 7225.30            | 115.61               | 7340.90            |
  | 0     | 25       | Activation Communication | Layer 12                                                                                                                                                                                                                                                                                                                                                                                                                                                                                                                                                                                                                                                                                                                                                                                                                                                                                                                               | 7340.90            | 0                    | 7340.90            |
  | 0     | 26       | Compute                  | Layer 13                                                                                                                                                                                                                                                                                                                                                                                                                                                                                                                                                                                                                                                                                                                                                                                                                                                                                                                               | 7340.90            | 102.76               | 7443.66            |
  | 0     | 27       | Activation Communication | Layer 13                                                                                                                                                                                                                                                                                                                                                                                                                                                                                                                                                                                                                                                                                                                                                                                                                                                                                                                               | 7443.66            | 0                    | 7443.66            |
  | 0     | 28       | Compute                  | Layer 14                                                                                                                                                                                                                                                                                                                                                                                                                                                                                                                                                                                                                                                                                                                                                                                                                                                                                                                               | 7443.66            | 12.85                | 7456.51            |
  | 0     | 29       | Activation Communication | Layer 14                                                                                                                                                                                                                                                                                                                                                                                                                                                                                                                                                                                                                                                                                                                                                                                                                                                                                                                               | 7456.51            | 0                    | 7456.51            |
  | 0     | 30       | Compute                  | Layer 15                                                                                                                                                                                                                                                                                                                                                                                                                                                                                                                                                                                                                                                                                                                                                                                                                                                                                                                               | 7456.51            | 28.90                | 7485.41            |
  | 0     | 31       | Activation Communication | Layer 15                                                                                                                                                                                                                                                                                                                                                                                                                                                                                                                                                                                                                                                                                                                                                                                                                                                                                                                               | 7485.41            | 0                    | 7485.41            |
  | 0     | 32       | Compute                  | Layer 16                                                                                                                                                                                                                                                                                                                                                                                                                                                                                                                                                                                                                                                                                                                                                                                                                                                                                                                               | 7485.41            | 16.06                | 7501.47            |
  | 0     | 33       | Activation Communication | Layer 16                                                                                                                                                                                                                                                                                                                                                                                                                                                                                                                                                                                                                                                                                                                                                                                                                                                                                                                               | 7501.47            | 0                    | 7501.47            |
  | 0     | 34       | Compute                  | Layer 17                                                                                                                                                                                                                                                                                                                                                                                                                                                                                                                                                                                                                                                                                                                                                                                                                                                                                                                               | 7501.47            | 28.90                | 7530.37            |
  | 0     | 35       | Activation Communication | Layer 17                                                                                                                                                                                                                                                                                                                                                                                                                                                                                                                                                                                                                                                                                                                                                                                                                                                                                                                               | 7530.37            | 0                    | 7530.37            |
  | 0     | 36       | Compute                  | Layer 18                                                                                                                                                                                                                                                                                                                                                                                                                                                                                                                                                                                                                                                                                                                                                                                                                                                                                                                               | 7530.37            | 19.27                | 7549.64            |
  | 0     | 37       | Activation Communication | Layer 18                                                                                                                                                                                                                                                                                                                                                                                                                                                                                                                                                                                                                                                                                                                                                                                                                                                                                                                               | 7549.64            | 0                    | 7549.64            |
  | 0     | 38       | Compute                  | Layer 19                                                                                                                                                                                                                                                                                                                                                                                                                                                                                                                                                                                                                                                                                                                                                                                                                                                                                                                               | 7549.64            | 28.90                | 7578.54            |
  | 0     | 39       | Activation Communication | Layer 19                                                                                                                                                                                                                                                                                                                                                                                                                                                                                                                                                                                                                                                                                                                                                                                                                                                                                                                               | 7578.54            | 0                    | 7578.54            |
  | 0     | 40       | Compute                  | Layer 20                                                                                                                                                                                                                                                                                                                                                                                                                                                                                                                                                                                                                                                                                                                                                                                                                                                                                                                               | 7578.54            | 22.48                | 7601.02            |
  | 0     | 41       | Activation Communication | Layer 20                                                                                                                                                                                                                                                                                                                                                                                                                                                                                                                                                                                                                                                                                                                                                                                                                                                                                                                               | 7601.02            | 0                    | 7601.02            |
  | 0     | 42       | Compute                  | Layer 21                                                                                                                                                                                                                                                                                                                                                                                                                                                                                                                                                                                                                                                                                                                                                                                                                                                                                                                               | 7601.02            | 28.90                | 7629.92            |
  | 0     | 43       | Activation Communication | Layer 21                                                                                                                                                                                                                                                                                                                                                                                                                                                                                                                                                                                                                                                                                                                                                                                                                                                                                                                               | 7629.92            | 0                    | 7629.92            |
  | 0     | 44       | Compute                  | Layer 22                                                                                                                                                                                                                                                                                                                                                                                                                                                                                                                                                                                                                                                                                                                                                                                                                                                                                                                               | 7629.92            | 25.69                | 7655.61            |
  | 0     | 45       | Activation Communication | Layer 22                                                                                                                                                                                                                                                                                                                                                                                                                                                                                                                                                                                                                                                                                                                                                                                                                                                                                                                               | 7655.61            | 0                    | 7655.61            |
  | 0     | 46       | Compute                  | Layer 23                                                                                                                                                                                                                                                                                                                                                                                                                                                                                                                                                                                                                                                                                                                                                                                                                                                                                                                               | 7655.61            | 28.90                | 7684.51            |
  | 0     | 47       | Activation Communication | Layer 23                                                                                                                                                                                                                                                                                                                                                                                                                                                                                                                                                                                                                                                                                                                                                                                                                                                                                                                               | 7684.51            | 0                    | 7684.51            |
  | 0     | 48       | Compute                  | Layer 24                                                                                                                                                                                                                                                                                                                                                                                                                                                                                                                                                                                                                                                                                                                                                                                                                                                                                                                               | 7684.51            | 28.90                | 7713.41            |
  | 0     | 49       | Activation Communication | Layer 24                                                                                                                                                                                                                                                                                                                                                                                                                                                                                                                                                                                                                                                                                                                                                                                                                                                                                                                               | 7713.41            | 0                    | 7713.41            |
  | 0     | 50       | Compute                  | Layer 25                                                                                                                                                                                                                                                                                                                                                                                                                                                                                                                                                                                                                                                                                                                                                                                                                                                                                                                               | 7713.41            | 28.90                | 7742.31            |
  | 0     | 51       | Activation Communication | Layer 25                                                                                                                                                                                                                                                                                                                                                                                                                                                                                                                                                                                                                                                                                                                                                                                                                                                                                                                               | 7742.31            | 0                    | 7742.31            |
  | 0     | 52       | Compute                  | Layer 26                                                                                                                                                                                                                                                                                                                                                                                                                                                                                                                                                                                                                                                                                                                                                                                                                                                                                                                               | 7742.31            | 32.11                | 7774.43            |
  | 0     | 53       | Activation Communication | Layer 26                                                                                                                                                                                                                                                                                                                                                                                                                                                                                                                                                                                                                                                                                                                                                                                                                                                                                                                               | 7774.43            | 0                    | 7774.43            |
  | 0     | 54       | Compute                  | Layer 27                                                                                                                                                                                                                                                                                                                                                                                                                                                                                                                                                                                                                                                                                                                                                                                                                                                                                                                               | 7774.43            | 28.90                | 7803.33            |
  | 0     | 55       | Activation Communication | Layer 27                                                                                                                                                                                                                                                                                                                                                                                                                                                                                                                                                                                                                                                                                                                                                                                                                                                                                                                               | 7803.33            | 0                    | 7803.33            |
  | 0     | 56       | Compute                  | Layer 28                                                                                                                                                                                                                                                                                                                                                                                                                                                                                                                                                                                                                                                                                                                                                                                                                                                                                                                               | 7803.33            | 35.32                | 7838.65            |
  | 0     | 57       | Activation Communication | Layer 28                                                                                                                                                                                                                                                                                                                                                                                                                                                                                                                                                                                                                                                                                                                                                                                                                                                                                                                               | 7838.65            | 0                    | 7838.65            |
  | 0     | 58       | Compute                  | Layer 29                                                                                                                                                                                                                                                                                                                                                                                                                                                                                                                                                                                                                                                                                                                                                                                                                                                                                                                               | 7838.65            | 28.90                | 7867.55            |
  | 0     | 59       | Activation Communication | Layer 29                                                                                                                                                                                                                                                                                                                                                                                                                                                                                                                                                                                                                                                                                                                                                                                                                                                                                                                               | 7867.55            | 0                    | 7867.55            |
  | 0     | 60       | Compute                  | Layer 30                                                                                                                                                                                                                                                                                                                                                                                                                                                                                                                                                                                                                                                                                                                                                                                                                                                                                                                               | 7867.55            | 38.54                | 7906.09            |
  | 0     | 61       | Activation Communication | Layer 30                                                                                                                                                                                                                                                                                                                                                                                                                                                                                                                                                                                                                                                                                                                                                                                                                                                                                                                               | 7906.09            | 0                    | 7906.09            |
  | 0     | 62       | Compute                  | Layer 31                                                                                                                                                                                                                                                                                                                                                                                                                                                                                                                                                                                                                                                                                                                                                                                                                                                                                                                               | 7906.09            | 28.90                | 7934.99            |
  | 0     | 63       | Activation Communication | Layer 31                                                                                                                                                                                                                                                                                                                                                                                                                                                                                                                                                                                                                                                                                                                                                                                                                                                                                                                               | 7934.99            | 0                    | 7934.99            |
  | 0     | 64       | Compute                  | Layer 32                                                                                                                                                                                                                                                                                                                                                                                                                                                                                                                                                                                                                                                                                                                                                                                                                                                                                                                               | 7934.99            | 41.75                | 7976.73            |
  | 0     | 65       | Activation Communication | Layer 32                                                                                                                                                                                                                                                                                                                                                                                                                                                                                                                                                                                                                                                                                                                                                                                                                                                                                                                               | 7976.73            | 0                    | 7976.73            |
  | 0     | 66       | Compute                  | Layer 33                                                                                                                                                                                                                                                                                                                                                                                                                                                                                                                                                                                                                                                                                                                                                                                                                                                                                                                               | 7976.73            | 28.90                | 8005.64            |
  | 0     | 67       | Activation Communication | Layer 33                                                                                                                                                                                                                                                                                                                                                                                                                                                                                                                                                                                                                                                                                                                                                                                                                                                                                                                               | 8005.64            | 0                    | 8005.64            |
  | 0     | 68       | Compute                  | Layer 34                                                                                                                                                                                                                                                                                                                                                                                                                                                                                                                                                                                                                                                                                                                                                                                                                                                                                                                               | 8005.64            | 44.96                | 8050.59            |
  | 0     | 69       | Activation Communication | Layer 34                                                                                                                                                                                                                                                                                                                                                                                                                                                                                                                                                                                                                                                                                                                                                                                                                                                                                                                               | 8050.59            | 0                    | 8050.59            |
  | 0     | 70       | Compute                  | Layer 35                                                                                                                                                                                                                                                                                                                                                                                                                                                                                                                                                                                                                                                                                                                                                                                                                                                                                                                               | 8050.59            | 28.90                | 8079.50            |
  | 0     | 71       | Activation Communication | Layer 35                                                                                                                                                                                                                                                                                                                                                                                                                                                                                                                                                                                                                                                                                                                                                                                                                                                                                                                               | 8079.50            | 0                    | 8079.50            |
  | 0     | 72       | Compute                  | Layer 36                                                                                                                                                                                                                                                                                                                                                                                                                                                                                                                                                                                                                                                                                                                                                                                                                                                                                                                               | 8079.50            | 48.17                | 8127.66            |
  | 0     | 73       | Activation Communication | Layer 36                                                                                                                                                                                                                                                                                                                                                                                                                                                                                                                                                                                                                                                                                                                                                                                                                                                                                                                               | 8127.66            | 0                    | 8127.66            |
  | 0     | 74       | Compute                  | Layer 37                                                                                                                                                                                                                                                                                                                                                                                                                                                                                                                                                                                                                                                                                                                                                                                                                                                                                                                               | 8127.66            | 28.90                | 8156.57            |
  | 0     | 75       | Activation Communication | Layer 37                                                                                                                                                                                                                                                                                                                                                                                                                                                                                                                                                                                                                                                                                                                                                                                                                                                                                                                               | 8156.57            | 0                    | 8156.57            |
  | 0     | 76       | Compute                  | Layer 38                                                                                                                                                                                                                                                                                                                                                                                                                                                                                                                                                                                                                                                                                                                                                                                                                                                                                                                               | 8156.57            | 102.76               | 8259.33            |
  | 0     | 77       | Activation Communication | Layer 38                                                                                                                                                                                                                                                                                                                                                                                                                                                                                                                                                                                                                                                                                                                                                                                                                                                                                                                               | 8259.33            | 0                    | 8259.33            |
  | 0     | 78       | Compute                  | Layer 39                                                                                                                                                                                                                                                                                                                                                                                                                                                                                                                                                                                                                                                                                                                                                                                                                                                                                                                               | 8259.33            | 6.42                 | 8265.75            |
  | 0     | 79       | Activation Communication | Layer 39                                                                                                                                                                                                                                                                                                                                                                                                                                                                                                                                                                                                                                                                                                                                                                                                                                                                                                                               | 8265.75            | 0                    | 8265.75            |
  | 0     | 80       | Compute                  | Layer 40                                                                                                                                                                                                                                                                                                                                                                                                                                                                                                                                                                                                                                                                                                                                                                                                                                                                                                                               | 8265.75            | 7.23                 | 8272.97            |
  | 0     | 81       | Activation Communication | Layer 40                                                                                                                                                                                                                                                                                                                                                                                                                                                                                                                                                                                                                                                                                                                                                                                                                                                                                                                               | 8272.97            | 0                    | 8272.97            |
  | 0     | 82       | Compute                  | Layer 41                                                                                                                                                                                                                                                                                                                                                                                                                                                                                                                                                                                                                                                                                                                                                                                                                                                                                                                               | 8272.97            | 7.23                 | 8280.20            |
  | 0     | 83       | Activation Communication | Layer 41                                                                                                                                                                                                                                                                                                                                                                                                                                                                                                                                                                                                                                                                                                                                                                                                                                                                                                                               | 8280.20            | 0                    | 8280.20            |
  | 0     | 84       | Compute                  | Layer 42                                                                                                                                                                                                                                                                                                                                                                                                                                                                                                                                                                                                                                                                                                                                                                                                                                                                                                                               | 8280.20            | 7.23                 | 8287.42            |
  | 0     | 85       | Activation Communication | Layer 42                                                                                                                                                                                                                                                                                                                                                                                                                                                                                                                                                                                                                                                                                                                                                                                                                                                                                                                               | 8287.42            | 0                    | 8287.42            |
  | 0     | 86       | Compute                  | Layer 43                                                                                                                                                                                                                                                                                                                                                                                                                                                                                                                                                                                                                                                                                                                                                                                                                                                                                                                               | 8287.42            | 8.03                 | 8295.45            |
  | 0     | 87       | Activation Communication | Layer 43                                                                                                                                                                                                                                                                                                                                                                                                                                                                                                                                                                                                                                                                                                                                                                                                                                                                                                                               | 8295.45            | 0                    | 8295.45            |
  | 0     | 88       | Compute                  | Layer 44                                                                                                                                                                                                                                                                                                                                                                                                                                                                                                                                                                                                                                                                                                                                                                                                                                                                                                                               | 8295.45            | 7.23                 | 8302.68            |
  | 0     | 89       | Activation Communication | Layer 44                                                                                                                                                                                                                                                                                                                                                                                                                                                                                                                                                                                                                                                                                                                                                                                                                                                                                                                               | 8302.68            | 0                    | 8302.68            |
  | 0     | 90       | Compute                  | Layer 45                                                                                                                                                                                                                                                                                                                                                                                                                                                                                                                                                                                                                                                                                                                                                                                                                                                                                                                               | 8302.68            | 8.83                 | 8311.51            |
  | 0     | 91       | Activation Communication | Layer 45                                                                                                                                                                                                                                                                                                                                                                                                                                                                                                                                                                                                                                                                                                                                                                                                                                                                                                                               | 8311.51            | 0                    | 8311.51            |
  | 0     | 92       | Compute                  | Layer 46                                                                                                                                                                                                                                                                                                                                                                                                                                                                                                                                                                                                                                                                                                                                                                                                                                                                                                                               | 8311.51            | 7.23                 | 8318.73            |
  | 0     | 93       | Activation Communication | Layer 46                                                                                                                                                                                                                                                                                                                                                                                                                                                                                                                                                                                                                                                                                                                                                                                                                                                                                                                               | 8318.73            | 0                    | 8318.73            |
  | 0     | 94       | Compute                  | Layer 47                                                                                                                                                                                                                                                                                                                                                                                                                                                                                                                                                                                                                                                                                                                                                                                                                                                                                                                               | 8318.73            | 9.63                 | 8328.37            |
  | 0     | 95       | Activation Communication | Layer 47                                                                                                                                                                                                                                                                                                                                                                                                                                                                                                                                                                                                                                                                                                                                                                                                                                                                                                                               | 8328.37            | 0                    | 8328.37            |
  | 0     | 96       | Compute                  | Layer 48                                                                                                                                                                                                                                                                                                                                                                                                                                                                                                                                                                                                                                                                                                                                                                                                                                                                                                                               | 8328.37            | 7.23                 | 8335.59            |
  | 0     | 97       | Activation Communication | Layer 48                                                                                                                                                                                                                                                                                                                                                                                                                                                                                                                                                                                                                                                                                                                                                                                                                                                                                                                               | 8335.59            | 0                    | 8335.59            |
  | 0     | 98       | Compute                  | Layer 49                                                                                                                                                                                                                                                                                                                                                                                                                                                                                                                                                                                                                                                                                                                                                                                                                                                                                                                               | 8335.59            | 10.44                | 8346.03            |
  | 0     | 99       | Activation Communication | Layer 49                                                                                                                                                                                                                                                                                                                                                                                                                                                                                                                                                                                                                                                                                                                                                                                                                                                                                                                               | 8346.03            | 0                    | 8346.03            |
  | 0     | 100      | Compute                  | Layer 50                                                                                                                                                                                                                                                                                                                                                                                                                                                                                                                                                                                                                                                                                                                                                                                                                                                                                                                               | 8346.03            | 7.23                 | 8353.26            |
  | 0     | 101      | Activation Communication | Layer 50                                                                                                                                                                                                                                                                                                                                                                                                                                                                                                                                                                                                                                                                                                                                                                                                                                                                                                                               | 8353.26            | 0                    | 8353.26            |
  | 0     | 102      | Compute                  | Layer 51                                                                                                                                                                                                                                                                                                                                                                                                                                                                                                                                                                                                                                                                                                                                                                                                                                                                                                                               | 8353.26            | 11.24                | 8364.49            |
  | 0     | 103      | Activation Communication | Layer 51                                                                                                                                                                                                                                                                                                                                                                                                                                                                                                                                                                                                                                                                                                                                                                                                                                                                                                                               | 8364.49            | 0                    | 8364.49            |
  | 0     | 104      | Compute                  | Layer 52                                                                                                                                                                                                                                                                                                                                                                                                                                                                                                                                                                                                                                                                                                                                                                                                                                                                                                                               | 8364.49            | 7.23                 | 8371.72            |
  | 0     | 105      | Activation Communication | Layer 52                                                                                                                                                                                                                                                                                                                                                                                                                                                                                                                                                                                                                                                                                                                                                                                                                                                                                                                               | 8371.72            | 0                    | 8371.72            |
  | 0     | 106      | Compute                  | Layer 53                                                                                                                                                                                                                                                                                                                                                                                                                                                                                                                                                                                                                                                                                                                                                                                                                                                                                                                               | 8371.72            | 12.04                | 8383.76            |
  | 0     | 107      | Activation Communication | Layer 53                                                                                                                                                                                                                                                                                                                                                                                                                                                                                                                                                                                                                                                                                                                                                                                                                                                                                                                               | 8383.76            | 0                    | 8383.76            |
  | 0     | 108      | Compute                  | Layer 54                                                                                                                                                                                                                                                                                                                                                                                                                                                                                                                                                                                                                                                                                                                                                                                                                                                                                                                               | 8383.76            | 7.23                 | 8390.99            |
  | 0     | 109      | Activation Communication | Layer 54                                                                                                                                                                                                                                                                                                                                                                                                                                                                                                                                                                                                                                                                                                                                                                                                                                                                                                                               | 8390.99            | 0                    | 8390.99            |
  | 0     | 110      | Compute                  | Layer 55                                                                                                                                                                                                                                                                                                                                                                                                                                                                                                                                                                                                                                                                                                                                                                                                                                                                                                                               | 8390.99            | 12.85                | 8403.83            |
  | 0     | 111      | Activation Communication | Layer 55                                                                                                                                                                                                                                                                                                                                                                                                                                                                                                                                                                                                                                                                                                                                                                                                                                                                                                                               | 8403.83            | 0                    | 8403.83            |
  | 0     | 112      | Compute                  | Layer 56                                                                                                                                                                                                                                                                                                                                                                                                                                                                                                                                                                                                                                                                                                                                                                                                                                                                                                                               | 8403.83            | 7.23                 | 8411.06            |
  | 0     | 113      | Activation Communication | Layer 56                                                                                                                                                                                                                                                                                                                                                                                                                                                                                                                                                                                                                                                                                                                                                                                                                                                                                                                               | 8411.06            | 0                    | 8411.06            |
  | 0     | 114      | Compute                  | Layer 57                                                                                                                                                                                                                                                                                                                                                                                                                                                                                                                                                                                                                                                                                                                                                                                                                                                                                                                               | 8411.06            | 13.65                | 8424.71            |
  | 0     | 115      | Activation Communication | Layer 57                                                                                                                                                                                                                                                                                                                                                                                                                                                                                                                                                                                                                                                                                                                                                                                                                                                                                                                               | 8424.71            | 0                    | 8424.71            |
  | 0     | 116      | Compute                  | Layer 58                                                                                                                                                                                                                                                                                                                                                                                                                                                                                                                                                                                                                                                                                                                                                                                                                                                                                                                               | 8424.71            | 7.23                 | 8431.93            |
  | 0     | 117      | Activation Communication | Layer 58                                                                                                                                                                                                                                                                                                                                                                                                                                                                                                                                                                                                                                                                                                                                                                                                                                                                                                                               | 8431.93            | 0                    | 8431.93            |
  | 0     | 118      | Compute                  | Layer 59                                                                                                                                                                                                                                                                                                                                                                                                                                                                                                                                                                                                                                                                                                                                                                                                                                                                                                                               | 8431.93            | 14.45                | 8446.38            |
  | 0     | 119      | Activation Communication | Layer 59                                                                                                                                                                                                                                                                                                                                                                                                                                                                                                                                                                                                                                                                                                                                                                                                                                                                                                                               | 8446.38            | 0                    | 8446.38            |
  | 0     | 120      | Compute                  | Layer 60                                                                                                                                                                                                                                                                                                                                                                                                                                                                                                                                                                                                                                                                                                                                                                                                                                                                                                                               | 8446.38            | 7.23                 | 8453.61            |
  | 0     | 121      | Activation Communication | Layer 60                                                                                                                                                                                                                                                                                                                                                                                                                                                                                                                                                                                                                                                                                                                                                                                                                                                                                                                               | 8453.61            | 1.96                 | 8455.57            |
  | 0     | 122      | Compute                  | Layer 61                                                                                                                                                                                                                                                                                                                                                                                                                                                                                                                                                                                                                                                                                                                                                                                                                                                                                                                               | 8455.57            | 10.20                | 8465.77            |
  | 0     | 123      | Activation Communication | Layer 61                                                                                                                                                                                                                                                                                                                                                                                                                                                                                                                                                                                                                                                                                                                                                                                                                                                                                                                               | 8465.77            | 6.80                 | 8472.56            |
  | 0     | 124      | Compute                  | Layer 62                                                                                                                                                                                                                                                                                                                                                                                                                                                                                                                                                                                                                                                                                                                                                                                                                                                                                                                               | 8472.56            | 7.23                 | 8479.79            |
  | 0     | 125      | Activation Communication | Layer 62                                                                                                                                                                                                                                                                                                                                                                                                                                                                                                                                                                                                                                                                                                                                                                                                                                                                                                                               | 8479.79            | 0                    | 8479.79            |
  | 0     | 126      | Compute                  | Layer 63                                                                                                                                                                                                                                                                                                                                                                                                                                                                                                                                                                                                                                                                                                                                                                                                                                                                                                                               | 8479.79            | 16.06                | 8495.84            |
  | 0     | 127      | Activation Communication | Layer 63                                                                                                                                                                                                                                                                                                                                                                                                                                                                                                                                                                                                                                                                                                                                                                                                                                                                                                                               | 8495.84            | 0                    | 8495.84            |
  | 0     | 128      | Compute                  | Layer 64                                                                                                                                                                                                                                                                                                                                                                                                                                                                                                                                                                                                                                                                                                                                                                                                                                                                                                                               | 8495.84            | 7.23                 | 8503.07            |
  | 0     | 129      | Activation Communication | Layer 64                                                                                                                                                                                                                                                                                                                                                                                                                                                                                                                                                                                                                                                                                                                                                                                                                                                                                                                               | 8503.07            | 0                    | 8503.07            |
  | 0     | 130      | Compute                  | Layer 65                                                                                                                                                                                                                                                                                                                                                                                                                                                                                                                                                                                                                                                                                                                                                                                                                                                                                                                               | 8503.07            | 16.86                | 8519.93            |
  | 0     | 131      | Activation Communication | Layer 65                                                                                                                                                                                                                                                                                                                                                                                                                                                                                                                                                                                                                                                                                                                                                                                                                                                                                                                               | 8519.93            | 0                    | 8519.93            |
  | 0     | 132      | Compute                  | Layer 66                                                                                                                                                                                                                                                                                                                                                                                                                                                                                                                                                                                                                                                                                                                                                                                                                                                                                                                               | 8519.93            | 7.23                 | 8527.15            |
  | 0     | 133      | Activation Communication | Layer 66                                                                                                                                                                                                                                                                                                                                                                                                                                                                                                                                                                                                                                                                                                                                                                                                                                                                                                                               | 8527.15            | 0                    | 8527.15            |
  | 0     | 134      | Compute                  | Layer 67                                                                                                                                                                                                                                                                                                                                                                                                                                                                                                                                                                                                                                                                                                                                                                                                                                                                                                                               | 8527.15            | 17.66                | 8544.82            |
  | 0     | 135      | Activation Communication | Layer 67                                                                                                                                                                                                                                                                                                                                                                                                                                                                                                                                                                                                                                                                                                                                                                                                                                                                                                                               | 8544.82            | 0                    | 8544.82            |
  | 0     | 136      | Compute                  | Layer 68                                                                                                                                                                                                                                                                                                                                                                                                                                                                                                                                                                                                                                                                                                                                                                                                                                                                                                                               | 8544.82            | 7.23                 | 8552.04            |
  | 0     | 137      | Activation Communication | Layer 68                                                                                                                                                                                                                                                                                                                                                                                                                                                                                                                                                                                                                                                                                                                                                                                                                                                                                                                               | 8552.04            | 0                    | 8552.04            |
  | 0     | 138      | Compute                  | Layer 69                                                                                                                                                                                                                                                                                                                                                                                                                                                                                                                                                                                                                                                                                                                                                                                                                                                                                                                               | 8552.04            | 18.46                | 8570.51            |
  | 0     | 139      | Activation Communication | Layer 69                                                                                                                                                                                                                                                                                                                                                                                                                                                                                                                                                                                                                                                                                                                                                                                                                                                                                                                               | 8570.51            | 0                    | 8570.51            |
  | 0     | 140      | Compute                  | Layer 70                                                                                                                                                                                                                                                                                                                                                                                                                                                                                                                                                                                                                                                                                                                                                                                                                                                                                                                               | 8570.51            | 7.23                 | 8577.73            |
  | 0     | 141      | Activation Communication | Layer 70                                                                                                                                                                                                                                                                                                                                                                                                                                                                                                                                                                                                                                                                                                                                                                                                                                                                                                                               | 8577.73            | 0                    | 8577.73            |
  | 0     | 142      | Compute                  | Layer 71                                                                                                                                                                                                                                                                                                                                                                                                                                                                                                                                                                                                                                                                                                                                                                                                                                                                                                                               | 8577.73            | 19.27                | 8597.00            |
  | 0     | 143      | Activation Communication | Layer 71                                                                                                                                                                                                                                                                                                                                                                                                                                                                                                                                                                                                                                                                                                                                                                                                                                                                                                                               | 8597.00            | 0                    | 8597.00            |
  | 0     | 144      | Compute                  | Layer 72                                                                                                                                                                                                                                                                                                                                                                                                                                                                                                                                                                                                                                                                                                                                                                                                                                                                                                                               | 8597.00            | 7.23                 | 8604.22            |
  | 0     | 145      | Activation Communication | Layer 72                                                                                                                                                                                                                                                                                                                                                                                                                                                                                                                                                                                                                                                                                                                                                                                                                                                                                                                               | 8604.22            | 0                    | 8604.22            |
  | 0     | 146      | Compute                  | Layer 73                                                                                                                                                                                                                                                                                                                                                                                                                                                                                                                                                                                                                                                                                                                                                                                                                                                                                                                               | 8604.22            | 20.07                | 8624.29            |
  | 0     | 147      | Activation Communication | Layer 73                                                                                                                                                                                                                                                                                                                                                                                                                                                                                                                                                                                                                                                                                                                                                                                                                                                                                                                               | 8624.29            | 0                    | 8624.29            |
  | 0     | 148      | Compute                  | Layer 74                                                                                                                                                                                                                                                                                                                                                                                                                                                                                                                                                                                                                                                                                                                                                                                                                                                                                                                               | 8624.29            | 7.23                 | 8631.52            |
  | 0     | 149      | Activation Communication | Layer 74                                                                                                                                                                                                                                                                                                                                                                                                                                                                                                                                                                                                                                                                                                                                                                                                                                                                                                                               | 8631.52            | 0                    | 8631.52            |
  | 0     | 150      | Compute                  | Layer 75                                                                                                                                                                                                                                                                                                                                                                                                                                                                                                                                                                                                                                                                                                                                                                                                                                                                                                                               | 8631.52            | 20.87                | 8652.39            |
  | 0     | 151      | Activation Communication | Layer 75                                                                                                                                                                                                                                                                                                                                                                                                                                                                                                                                                                                                                                                                                                                                                                                                                                                                                                                               | 8652.39            | 0                    | 8652.39            |
  | 0     | 152      | Compute                  | Layer 76                                                                                                                                                                                                                                                                                                                                                                                                                                                                                                                                                                                                                                                                                                                                                                                                                                                                                                                               | 8652.39            | 7.23                 | 8659.62            |
  | 0     | 153      | Activation Communication | Layer 76                                                                                                                                                                                                                                                                                                                                                                                                                                                                                                                                                                                                                                                                                                                                                                                                                                                                                                                               | 8659.62            | 0                    | 8659.62            |
  | 0     | 154      | Compute                  | Layer 77                                                                                                                                                                                                                                                                                                                                                                                                                                                                                                                                                                                                                                                                                                                                                                                                                                                                                                                               | 8659.62            | 21.68                | 8681.29            |
  | 0     | 155      | Activation Communication | Layer 77                                                                                                                                                                                                                                                                                                                                                                                                                                                                                                                                                                                                                                                                                                                                                                                                                                                                                                                               | 8681.29            | 0                    | 8681.29            |
  | 0     | 156      | Compute                  | Layer 78                                                                                                                                                                                                                                                                                                                                                                                                                                                                                                                                                                                                                                                                                                                                                                                                                                                                                                                               | 8681.29            | 7.23                 | 8688.52            |
  | 0     | 157      | Activation Communication | Layer 78                                                                                                                                                                                                                                                                                                                                                                                                                                                                                                                                                                                                                                                                                                                                                                                                                                                                                                                               | 8688.52            | 0                    | 8688.52            |
  | 0     | 158      | Compute                  | Layer 79                                                                                                                                                                                                                                                                                                                                                                                                                                                                                                                                                                                                                                                                                                                                                                                                                                                                                                                               | 8688.52            | 22.48                | 8711.00            |
  | 0     | 159      | Activation Communication | Layer 79                                                                                                                                                                                                                                                                                                                                                                                                                                                                                                                                                                                                                                                                                                                                                                                                                                                                                                                               | 8711.00            | 0                    | 8711.00            |
  | 0     | 160      | Compute                  | Layer 80                                                                                                                                                                                                                                                                                                                                                                                                                                                                                                                                                                                                                                                                                                                                                                                                                                                                                                                               | 8711.00            | 7.23                 | 8718.22            |
  | 0     | 161      | Activation Communication | Layer 80                                                                                                                                                                                                                                                                                                                                                                                                                                                                                                                                                                                                                                                                                                                                                                                                                                                                                                                               | 8718.22            | 0                    | 8718.22            |
  | 0     | 162      | Compute                  | Layer 81                                                                                                                                                                                                                                                                                                                                                                                                                                                                                                                                                                                                                                                                                                                                                                                                                                                                                                                               | 8718.22            | 23.28                | 8741.51            |
  | 0     | 163      | Activation Communication | Layer 81                                                                                                                                                                                                                                                                                                                                                                                                                                                                                                                                                                                                                                                                                                                                                                                                                                                                                                                               | 8741.51            | 0                    | 8741.51            |
  | 0     | 164      | Compute                  | Layer 82                                                                                                                                                                                                                                                                                                                                                                                                                                                                                                                                                                                                                                                                                                                                                                                                                                                                                                                               | 8741.51            | 7.23                 | 8748.73            |
  | 0     | 165      | Activation Communication | Layer 82                                                                                                                                                                                                                                                                                                                                                                                                                                                                                                                                                                                                                                                                                                                                                                                                                                                                                                                               | 8748.73            | 0                    | 8748.73            |
  | 0     | 166      | Compute                  | Layer 83                                                                                                                                                                                                                                                                                                                                                                                                                                                                                                                                                                                                                                                                                                                                                                                                                                                                                                                               | 8748.73            | 24.08                | 8772.82            |
  | 0     | 167      | Activation Communication | Layer 83                                                                                                                                                                                                                                                                                                                                                                                                                                                                                                                                                                                                                                                                                                                                                                                                                                                                                                                               | 8772.82            | 0                    | 8772.82            |
  | 0     | 168      | Compute                  | Layer 84                                                                                                                                                                                                                                                                                                                                                                                                                                                                                                                                                                                                                                                                                                                                                                                                                                                                                                                               | 8772.82            | 7.23                 | 8780.04            |
  | 0     | 169      | Activation Communication | Layer 84                                                                                                                                                                                                                                                                                                                                                                                                                                                                                                                                                                                                                                                                                                                                                                                                                                                                                                                               | 8780.04            | 0                    | 8780.04            |
  | 0     | 170      | Compute                  | Layer 85                                                                                                                                                                                                                                                                                                                                                                                                                                                                                                                                                                                                                                                                                                                                                                                                                                                                                                                               | 8780.04            | 24.89                | 8804.93            |
  | 0     | 171      | Activation Communication | Layer 85                                                                                                                                                                                                                                                                                                                                                                                                                                                                                                                                                                                                                                                                                                                                                                                                                                                                                                                               | 8804.93            | 0                    | 8804.93            |
  | 0     | 172      | Compute                  | Layer 86                                                                                                                                                                                                                                                                                                                                                                                                                                                                                                                                                                                                                                                                                                                                                                                                                                                                                                                               | 8804.93            | 7.23                 | 8812.15            |
  | 0     | 173      | Activation Communication | Layer 86                                                                                                                                                                                                                                                                                                                                                                                                                                                                                                                                                                                                                                                                                                                                                                                                                                                                                                                               | 8812.15            | 0                    | 8812.15            |
  | 0     | 174      | Compute                  | Layer 87                                                                                                                                                                                                                                                                                                                                                                                                                                                                                                                                                                                                                                                                                                                                                                                                                                                                                                                               | 8812.15            | 25.69                | 8837.84            |
  | 0     | 175      | Activation Communication | Layer 87                                                                                                                                                                                                                                                                                                                                                                                                                                                                                                                                                                                                                                                                                                                                                                                                                                                                                                                               | 8837.84            | 0                    | 8837.84            |
  | 0     | 176      | Compute                  | Layer 88                                                                                                                                                                                                                                                                                                                                                                                                                                                                                                                                                                                                                                                                                                                                                                                                                                                                                                                               | 8837.84            | 7.23                 | 8845.07            |
  | 0     | 177      | Activation Communication | Layer 88                                                                                                                                                                                                                                                                                                                                                                                                                                                                                                                                                                                                                                                                                                                                                                                                                                                                                                                               | 8845.07            | 0                    | 8845.07            |
  | 0     | 178      | Compute                  | Layer 89                                                                                                                                                                                                                                                                                                                                                                                                                                                                                                                                                                                                                                                                                                                                                                                                                                                                                                                               | 8845.07            | 26.49                | 8871.56            |
  | 0     | 179      | Activation Communication | Layer 89                                                                                                                                                                                                                                                                                                                                                                                                                                                                                                                                                                                                                                                                                                                                                                                                                                                                                                                               | 8871.56            | 0                    | 8871.56            |
  | 0     | 180      | Compute                  | Layer 90                                                                                                                                                                                                                                                                                                                                                                                                                                                                                                                                                                                                                                                                                                                                                                                                                                                                                                                               | 8871.56            | 7.23                 | 8878.79            |
  | 0     | 181      | Activation Communication | Layer 90                                                                                                                                                                                                                                                                                                                                                                                                                                                                                                                                                                                                                                                                                                                                                                                                                                                                                                                               | 8878.79            | 0                    | 8878.79            |
  | 0     | 182      | Compute                  | Layer 91                                                                                                                                                                                                                                                                                                                                                                                                                                                                                                                                                                                                                                                                                                                                                                                                                                                                                                                               | 8878.79            | 27.30                | 8906.08            |
  | 0     | 183      | Activation Communication | Layer 91                                                                                                                                                                                                                                                                                                                                                                                                                                                                                                                                                                                                                                                                                                                                                                                                                                                                                                                               | 8906.08            | 0                    | 8906.08            |
  | 0     | 184      | Compute                  | Layer 92                                                                                                                                                                                                                                                                                                                                                                                                                                                                                                                                                                                                                                                                                                                                                                                                                                                                                                                               | 8906.08            | 7.23                 | 8913.31            |
  | 0     | 185      | Activation Communication | Layer 92                                                                                                                                                                                                                                                                                                                                                                                                                                                                                                                                                                                                                                                                                                                                                                                                                                                                                                                               | 8913.31            | 0                    | 8913.31            |
  | 0     | 186      | Compute                  | Layer 93                                                                                                                                                                                                                                                                                                                                                                                                                                                                                                                                                                                                                                                                                                                                                                                                                                                                                                                               | 8913.31            | 28.10                | 8941.41            |
  | 0     | 187      | Activation Communication | Layer 93                                                                                                                                                                                                                                                                                                                                                                                                                                                                                                                                                                                                                                                                                                                                                                                                                                                                                                                               | 8941.41            | 0                    | 8941.41            |
  | 0     | 188      | Compute                  | Layer 94                                                                                                                                                                                                                                                                                                                                                                                                                                                                                                                                                                                                                                                                                                                                                                                                                                                                                                                               | 8941.41            | 7.23                 | 8948.63            |
  | 0     | 189      | Activation Communication | Layer 94                                                                                                                                                                                                                                                                                                                                                                                                                                                                                                                                                                                                                                                                                                                                                                                                                                                                                                                               | 8948.63            | 1.96                 | 8950.59            |
  | 0     | 190      | Compute                  | Layer 95                                                                                                                                                                                                                                                                                                                                                                                                                                                                                                                                                                                                                                                                                                                                                                                                                                                                                                                               | 8950.59            | 23.28                | 8973.87            |
  | 0     | 191      | Activation Communication | Layer 95                                                                                                                                                                                                                                                                                                                                                                                                                                                                                                                                                                                                                                                                                                                                                                                                                                                                                                                               | 8973.87            | 1.52                 | 8975.39            |
  | 0     | 192      | Compute                  | Layer 96                                                                                                                                                                                                                                                                                                                                                                                                                                                                                                                                                                                                                                                                                                                                                                                                                                                                                                                               | 8975.39            | 7.23                 | 8982.62            |
  | 0     | 193      | Activation Communication | Layer 96                                                                                                                                                                                                                                                                                                                                                                                                                                                                                                                                                                                                                                                                                                                                                                                                                                                                                                                               | 8982.62            | 0                    | 8982.62            |
  | 0     | 194      | Compute                  | Layer 97                                                                                                                                                                                                                                                                                                                                                                                                                                                                                                                                                                                                                                                                                                                                                                                                                                                                                                                               | 8982.62            | 29.70                | 9012.32            |
  | 0     | 195      | Activation Communication | Layer 97                                                                                                                                                                                                                                                                                                                                                                                                                                                                                                                                                                                                                                                                                                                                                                                                                                                                                                                               | 9012.32            | 0                    | 9012.32            |
  | 0     | 196      | Compute                  | Layer 98                                                                                                                                                                                                                                                                                                                                                                                                                                                                                                                                                                                                                                                                                                                                                                                                                                                                                                                               | 9012.32            | 7.23                 | 9019.55            |
  | 0     | 197      | Activation Communication | Layer 98                                                                                                                                                                                                                                                                                                                                                                                                                                                                                                                                                                                                                                                                                                                                                                                                                                                                                                                               | 9019.55            | 0                    | 9019.55            |
  | 0     | 198      | Compute                  | Layer 99                                                                                                                                                                                                                                                                                                                                                                                                                                                                                                                                                                                                                                                                                                                                                                                                                                                                                                                               | 9019.55            | 30.51                | 9050.06            |
  | 0     | 199      | Activation Communication | Layer 99                                                                                                                                                                                                                                                                                                                                                                                                                                                                                                                                                                                                                                                                                                                                                                                                                                                                                                                               | 9050.06            | 0                    | 9050.06            |
  | 0     | 200      | Compute                  | Layer 100                                                                                                                                                                                                                                                                                                                                                                                                                                                                                                                                                                                                                                                                                                                                                                                                                                                                                                                              | 9050.06            | 7.23                 | 9057.28            |
  | 0     | 201      | Activation Communication | Layer 100                                                                                                                                                                                                                                                                                                                                                                                                                                                                                                                                                                                                                                                                                                                                                                                                                                                                                                                              | 9057.28            | 0                    | 9057.28            |
  | 0     | 202      | Compute                  | Layer 101                                                                                                                                                                                                                                                                                                                                                                                                                                                                                                                                                                                                                                                                                                                                                                                                                                                                                                                              | 9057.28            | 31.31                | 9088.59            |
  | 0     | 203      | Activation Communication | Layer 101                                                                                                                                                                                                                                                                                                                                                                                                                                                                                                                                                                                                                                                                                                                                                                                                                                                                                                                              | 9088.59            | 0                    | 9088.59            |
  | 0     | 204      | Compute                  | Layer 102                                                                                                                                                                                                                                                                                                                                                                                                                                                                                                                                                                                                                                                                                                                                                                                                                                                                                                                              | 9088.59            | 7.23                 | 9095.82            |
  | 0     | 205      | Activation Communication | Layer 102                                                                                                                                                                                                                                                                                                                                                                                                                                                                                                                                                                                                                                                                                                                                                                                                                                                                                                                              | 9095.82            | 0                    | 9095.82            |
  | 0     | 206      | Compute                  | Layer 103                                                                                                                                                                                                                                                                                                                                                                                                                                                                                                                                                                                                                                                                                                                                                                                                                                                                                                                              | 9095.82            | 32.11                | 9127.93            |
  | 0     | 207      | Activation Communication | Layer 103                                                                                                                                                                                                                                                                                                                                                                                                                                                                                                                                                                                                                                                                                                                                                                                                                                                                                                                              | 9127.93            | 0                    | 9127.93            |
  | 0     | 208      | Compute                  | Layer 104                                                                                                                                                                                                                                                                                                                                                                                                                                                                                                                                                                                                                                                                                                                                                                                                                                                                                                                              | 9127.93            | 7.23                 | 9135.15            |
  | 0     | 209      | Activation Communication | Layer 104                                                                                                                                                                                                                                                                                                                                                                                                                                                                                                                                                                                                                                                                                                                                                                                                                                                                                                                              | 9135.15            | 0                    | 9135.15            |
  | 0     | 210      | Compute                  | Layer 105                                                                                                                                                                                                                                                                                                                                                                                                                                                                                                                                                                                                                                                                                                                                                                                                                                                                                                                              | 9135.15            | 32.92                | 9168.07            |
  | 0     | 211      | Activation Communication | Layer 105                                                                                                                                                                                                                                                                                                                                                                                                                                                                                                                                                                                                                                                                                                                                                                                                                                                                                                                              | 9168.07            | 0                    | 9168.07            |
  | 0     | 212      | Compute                  | Layer 106                                                                                                                                                                                                                                                                                                                                                                                                                                                                                                                                                                                                                                                                                                                                                                                                                                                                                                                              | 9168.07            | 7.23                 | 9175.30            |
  | 0     | 213      | Activation Communication | Layer 106                                                                                                                                                                                                                                                                                                                                                                                                                                                                                                                                                                                                                                                                                                                                                                                                                                                                                                                              | 9175.30            | 0                    | 9175.30            |
  | 0     | 214      | Compute                  | Layer 107                                                                                                                                                                                                                                                                                                                                                                                                                                                                                                                                                                                                                                                                                                                                                                                                                                                                                                                              | 9175.30            | 33.72                | 9209.01            |
  | 0     | 215      | Activation Communication | Layer 107                                                                                                                                                                                                                                                                                                                                                                                                                                                                                                                                                                                                                                                                                                                                                                                                                                                                                                                              | 9209.01            | 0                    | 9209.01            |
  | 0     | 216      | Compute                  | Layer 108                                                                                                                                                                                                                                                                                                                                                                                                                                                                                                                                                                                                                                                                                                                                                                                                                                                                                                                              | 9209.01            | 7.23                 | 9216.24            |
  | 0     | 217      | Activation Communication | Layer 108                                                                                                                                                                                                                                                                                                                                                                                                                                                                                                                                                                                                                                                                                                                                                                                                                                                                                                                              | 9216.24            | 0                    | 9216.24            |
  | 0     | 218      | Compute                  | Layer 109                                                                                                                                                                                                                                                                                                                                                                                                                                                                                                                                                                                                                                                                                                                                                                                                                                                                                                                              | 9216.24            | 34.52                | 9250.76            |
  | 0     | 219      | Activation Communication | Layer 109                                                                                                                                                                                                                                                                                                                                                                                                                                                                                                                                                                                                                                                                                                                                                                                                                                                                                                                              | 9250.76            | 0                    | 9250.76            |
  | 0     | 220      | Compute                  | Layer 110                                                                                                                                                                                                                                                                                                                                                                                                                                                                                                                                                                                                                                                                                                                                                                                                                                                                                                                              | 9250.76            | 7.23                 | 9257.99            |
  | 0     | 221      | Activation Communication | Layer 110                                                                                                                                                                                                                                                                                                                                                                                                                                                                                                                                                                                                                                                                                                                                                                                                                                                                                                                              | 9257.99            | 0                    | 9257.99            |
  | 0     | 222      | Compute                  | Layer 111                                                                                                                                                                                                                                                                                                                                                                                                                                                                                                                                                                                                                                                                                                                                                                                                                                                                                                                              | 9257.99            | 35.32                | 9293.31            |
  | 0     | 223      | Activation Communication | Layer 111                                                                                                                                                                                                                                                                                                                                                                                                                                                                                                                                                                                                                                                                                                                                                                                                                                                                                                                              | 9293.31            | 0                    | 9293.31            |
  | 0     | 224      | Compute                  | Layer 112                                                                                                                                                                                                                                                                                                                                                                                                                                                                                                                                                                                                                                                                                                                                                                                                                                                                                                                              | 9293.31            | 7.23                 | 9300.53            |
  | 0     | 225      | Activation Communication | Layer 112                                                                                                                                                                                                                                                                                                                                                                                                                                                                                                                                                                                                                                                                                                                                                                                                                                                                                                                              | 9300.53            | 0                    | 9300.53            |
  | 0     | 226      | Compute                  | Layer 113                                                                                                                                                                                                                                                                                                                                                                                                                                                                                                                                                                                                                                                                                                                                                                                                                                                                                                                              | 9300.53            | 36.13                | 9336.66            |
  | 0     | 227      | Activation Communication | Layer 113                                                                                                                                                                                                                                                                                                                                                                                                                                                                                                                                                                                                                                                                                                                                                                                                                                                                                                                              | 9336.66            | 0                    | 9336.66            |
  | 0     | 228      | Compute                  | Layer 114                                                                                                                                                                                                                                                                                                                                                                                                                                                                                                                                                                                                                                                                                                                                                                                                                                                                                                                              | 9336.66            | 7.23                 | 9343.89            |
  | 0     | 229      | Activation Communication | Layer 114                                                                                                                                                                                                                                                                                                                                                                                                                                                                                                                                                                                                                                                                                                                                                                                                                                                                                                                              | 9343.89            | 0                    | 9343.89            |
  | 0     | 230      | Compute                  | Layer 115                                                                                                                                                                                                                                                                                                                                                                                                                                                                                                                                                                                                                                                                                                                                                                                                                                                                                                                              | 9343.89            | 36.93                | 9380.82            |
  | 0     | 231      | Activation Communication | Layer 115                                                                                                                                                                                                                                                                                                                                                                                                                                                                                                                                                                                                                                                                                                                                                                                                                                                                                                                              | 9380.82            | 0                    | 9380.82            |
  | 0     | 232      | Compute                  | Layer 116                                                                                                                                                                                                                                                                                                                                                                                                                                                                                                                                                                                                                                                                                                                                                                                                                                                                                                                              | 9380.82            | 7.23                 | 9388.04            |
  | 0     | 233      | Activation Communication | Layer 116                                                                                                                                                                                                                                                                                                                                                                                                                                                                                                                                                                                                                                                                                                                                                                                                                                                                                                                              | 9388.04            | 0                    | 9388.04            |
  | 0     | 234      | Compute                  | Layer 117                                                                                                                                                                                                                                                                                                                                                                                                                                                                                                                                                                                                                                                                                                                                                                                                                                                                                                                              | 9388.04            | 37.73                | 9425.77            |
  | 0     | 235      | Activation Communication | Layer 117                                                                                                                                                                                                                                                                                                                                                                                                                                                                                                                                                                                                                                                                                                                                                                                                                                                                                                                              | 9425.77            | 0                    | 9425.77            |
  | 0     | 236      | Compute                  | Layer 118                                                                                                                                                                                                                                                                                                                                                                                                                                                                                                                                                                                                                                                                                                                                                                                                                                                                                                                              | 9425.77            | 7.23                 | 9433.00            |
  | 0     | 237      | Activation Communication | Layer 118                                                                                                                                                                                                                                                                                                                                                                                                                                                                                                                                                                                                                                                                                                                                                                                                                                                                                                                              | 9433.00            | 1.96                 | 9434.96            |
  | 0     | 238      | Compute                  | Layer 119                                                                                                                                                                                                                                                                                                                                                                                                                                                                                                                                                                                                                                                                                                                                                                                                                                                                                                                              | 9434.96            | 37.73                | 9472.69            |
  | 0     | 239      | Activation Communication | Layer 119                                                                                                                                                                                                                                                                                                                                                                                                                                                                                                                                                                                                                                                                                                                                                                                                                                                                                                                              | 9472.69            | 0.16                 | 9472.85            |
  | 0     | 240      | Compute                  | Layer 120                                                                                                                                                                                                                                                                                                                                                                                                                                                                                                                                                                                                                                                                                                                                                                                                                                                                                                                              | 9472.85            | 7.23                 | 9480.08            |
  | 0     | 241      | Activation Communication | Layer 120                                                                                                                                                                                                                                                                                                                                                                                                                                                                                                                                                                                                                                                                                                                                                                                                                                                                                                                              | 9480.08            | 0                    | 9480.08            |
  | 0     | 242      | Compute                  | Layer 121                                                                                                                                                                                                                                                                                                                                                                                                                                                                                                                                                                                                                                                                                                                                                                                                                                                                                                                              | 9480.08            | 39.34                | 9519.42            |
  | 0     | 243      | Activation Communication | Layer 121                                                                                                                                                                                                                                                                                                                                                                                                                                                                                                                                                                                                                                                                                                                                                                                                                                                                                                                              | 9519.42            | 0                    | 9519.42            |
  | 0     | 244      | Compute                  | Layer 122                                                                                                                                                                                                                                                                                                                                                                                                                                                                                                                                                                                                                                                                                                                                                                                                                                                                                                                              | 9519.42            | 7.23                 | 9526.64            |
  | 0     | 245      | Activation Communication | Layer 122                                                                                                                                                                                                                                                                                                                                                                                                                                                                                                                                                                                                                                                                                                                                                                                                                                                                                                                              | 9526.64            | 0                    | 9526.64            |
  | 0     | 246      | Compute                  | Layer 123                                                                                                                                                                                                                                                                                                                                                                                                                                                                                                                                                                                                                                                                                                                                                                                                                                                                                                                              | 9526.64            | 40.14                | 9566.78            |
  | 0     | 247      | Activation Communication | Layer 123                                                                                                                                                                                                                                                                                                                                                                                                                                                                                                                                                                                                                                                                                                                                                                                                                                                                                                                              | 9566.78            | 0                    | 9566.78            |
  | 0     | 248      | Compute                  | Layer 124                                                                                                                                                                                                                                                                                                                                                                                                                                                                                                                                                                                                                                                                                                                                                                                                                                                                                                                              | 9566.78            | 7.23                 | 9574.01            |
  | 0     | 249      | Activation Communication | Layer 124                                                                                                                                                                                                                                                                                                                                                                                                                                                                                                                                                                                                                                                                                                                                                                                                                                                                                                                              | 9574.01            | 0                    | 9574.01            |
  | 0     | 250      | Compute                  | Layer 125                                                                                                                                                                                                                                                                                                                                                                                                                                                                                                                                                                                                                                                                                                                                                                                                                                                                                                                              | 9574.01            | 40.94                | 9614.95            |
  | 0     | 251      | Activation Communication | Layer 125                                                                                                                                                                                                                                                                                                                                                                                                                                                                                                                                                                                                                                                                                                                                                                                                                                                                                                                              | 9614.95            | 0                    | 9614.95            |
  | 0     | 252      | Compute                  | Layer 126                                                                                                                                                                                                                                                                                                                                                                                                                                                                                                                                                                                                                                                                                                                                                                                                                                                                                                                              | 9614.95            | 7.23                 | 9622.18            |
  | 0     | 253      | Activation Communication | Layer 126                                                                                                                                                                                                                                                                                                                                                                                                                                                                                                                                                                                                                                                                                                                                                                                                                                                                                                                              | 9622.18            | 0                    | 9622.18            |
  | 0     | 254      | Compute                  | Layer 127                                                                                                                                                                                                                                                                                                                                                                                                                                                                                                                                                                                                                                                                                                                                                                                                                                                                                                                              | 9622.18            | 41.75                | 9663.92            |
  | 0     | 255      | Activation Communication | Layer 127                                                                                                                                                                                                                                                                                                                                                                                                                                                                                                                                                                                                                                                                                                                                                                                                                                                                                                                              | 9663.92            | 0                    | 9663.92            |
  | 0     | 256      | Compute                  | Layer 128                                                                                                                                                                                                                                                                                                                                                                                                                                                                                                                                                                                                                                                                                                                                                                                                                                                                                                                              | 9663.92            | 7.23                 | 9671.15            |
  | 0     | 257      | Activation Communication | Layer 128                                                                                                                                                                                                                                                                                                                                                                                                                                                                                                                                                                                                                                                                                                                                                                                                                                                                                                                              | 9671.15            | 0                    | 9671.15            |
  | 0     | 258      | Compute                  | Layer 129                                                                                                                                                                                                                                                                                                                                                                                                                                                                                                                                                                                                                                                                                                                                                                                                                                                                                                                              | 9671.15            | 42.55                | 9713.70            |
  | 0     | 259      | Activation Communication | Layer 129                                                                                                                                                                                                                                                                                                                                                                                                                                                                                                                                                                                                                                                                                                                                                                                                                                                                                                                              | 9713.70            | 0                    | 9713.70            |
  | 0     | 260      | Compute                  | Layer 130                                                                                                                                                                                                                                                                                                                                                                                                                                                                                                                                                                                                                                                                                                                                                                                                                                                                                                                              | 9713.70            | 7.23                 | 9720.92            |
  | 0     | 261      | Activation Communication | Layer 130                                                                                                                                                                                                                                                                                                                                                                                                                                                                                                                                                                                                                                                                                                                                                                                                                                                                                                                              | 9720.92            | 0                    | 9720.92            |
  | 0     | 262      | Compute                  | Layer 131                                                                                                                                                                                                                                                                                                                                                                                                                                                                                                                                                                                                                                                                                                                                                                                                                                                                                                                              | 9720.92            | 43.35                | 9764.27            |
  | 0     | 263      | Activation Communication | Layer 131                                                                                                                                                                                                                                                                                                                                                                                                                                                                                                                                                                                                                                                                                                                                                                                                                                                                                                                              | 9764.27            | 0                    | 9764.27            |
  | 0     | 264      | Compute                  | Layer 132                                                                                                                                                                                                                                                                                                                                                                                                                                                                                                                                                                                                                                                                                                                                                                                                                                                                                                                              | 9764.27            | 7.23                 | 9771.50            |
  | 0     | 265      | Activation Communication | Layer 132                                                                                                                                                                                                                                                                                                                                                                                                                                                                                                                                                                                                                                                                                                                                                                                                                                                                                                                              | 9771.50            | 0                    | 9771.50            |
  | 0     | 266      | Compute                  | Layer 133                                                                                                                                                                                                                                                                                                                                                                                                                                                                                                                                                                                                                                                                                                                                                                                                                                                                                                                              | 9771.50            | 44.15                | 9815.65            |
  | 0     | 267      | Activation Communication | Layer 133                                                                                                                                                                                                                                                                                                                                                                                                                                                                                                                                                                                                                                                                                                                                                                                                                                                                                                                              | 9815.65            | 0                    | 9815.65            |
  | 0     | 268      | Compute                  | Layer 134                                                                                                                                                                                                                                                                                                                                                                                                                                                                                                                                                                                                                                                                                                                                                                                                                                                                                                                              | 9815.65            | 7.23                 | 9822.88            |
  | 0     | 269      | Activation Communication | Layer 134                                                                                                                                                                                                                                                                                                                                                                                                                                                                                                                                                                                                                                                                                                                                                                                                                                                                                                                              | 9822.88            | 1.96                 | 9824.84            |
  | 0     | 270      | Compute                  | Layer 135                                                                                                                                                                                                                                                                                                                                                                                                                                                                                                                                                                                                                                                                                                                                                                                                                                                                                                                              | 9824.84            | 220.77               | 10045.61           |
  | 0     | 271      | Activation Communication | Layer 135                                                                                                                                                                                                                                                                                                                                                                                                                                                                                                                                                                                                                                                                                                                                                                                                                                                                                                                              | 10045.61           | 16.38                | 10061.99           |
  | 0     | 272      | Compute                  | Layer 136                                                                                                                                                                                                                                                                                                                                                                                                                                                                                                                                                                                                                                                                                                                                                                                                                                                                                                                              | 10061.99           | 5.62                 | 10067.61           |
  | 0     | 273      | Activation Communication | Layer 136                                                                                                                                                                                                                                                                                                                                                                                                                                                                                                                                                                                                                                                                                                                                                                                                                                                                                                                              | 10067.61           | 0                    | 10067.61           |
  | 0     | 274      | Compute                  | Layer 137                                                                                                                                                                                                                                                                                                                                                                                                                                                                                                                                                                                                                                                                                                                                                                                                                                                                                                                              | 10067.61           | 1.81                 | 10069.41           |
  | 0     | 275      | Activation Communication | Layer 137                                                                                                                                                                                                                                                                                                                                                                                                                                                                                                                                                                                                                                                                                                                                                                                                                                                                                                                              | 10069.41           | 0                    | 10069.41           |
  | 0     | 276      | Compute                  | Layer 138                                                                                                                                                                                                                                                                                                                                                                                                                                                                                                                                                                                                                                                                                                                                                                                                                                                                                                                              | 10069.41           | 5.82                 | 10075.24           |
  | 0     | 277      | Activation Communication | Layer 138                                                                                                                                                                                                                                                                                                                                                                                                                                                                                                                                                                                                                                                                                                                                                                                                                                                                                                                              | 10075.24           | 0                    | 10075.24           |
  | 0     | 278      | Compute                  | Layer 139                                                                                                                                                                                                                                                                                                                                                                                                                                                                                                                                                                                                                                                                                                                                                                                                                                                                                                                              | 10075.24           | 1.81                 | 10077.04           |
  | 0     | 279      | Activation Communication | Layer 139                                                                                                                                                                                                                                                                                                                                                                                                                                                                                                                                                                                                                                                                                                                                                                                                                                                                                                                              | 10077.04           | 0                    | 10077.04           |
  | 0     | 280      | Compute                  | Layer 140                                                                                                                                                                                                                                                                                                                                                                                                                                                                                                                                                                                                                                                                                                                                                                                                                                                                                                                              | 10077.04           | 6.02                 | 10083.06           |
  | 0     | 281      | Activation Communication | Layer 140                                                                                                                                                                                                                                                                                                                                                                                                                                                                                                                                                                                                                                                                                                                                                                                                                                                                                                                              | 10083.06           | 0                    | 10083.06           |
  | 0     | 282      | Compute                  | Layer 141                                                                                                                                                                                                                                                                                                                                                                                                                                                                                                                                                                                                                                                                                                                                                                                                                                                                                                                              | 10083.06           | 1.81                 | 10084.87           |
  | 0     | 283      | Activation Communication | Layer 141                                                                                                                                                                                                                                                                                                                                                                                                                                                                                                                                                                                                                                                                                                                                                                                                                                                                                                                              | 10084.87           | 0                    | 10084.87           |
  | 0     | 284      | Compute                  | Layer 142                                                                                                                                                                                                                                                                                                                                                                                                                                                                                                                                                                                                                                                                                                                                                                                                                                                                                                                              | 10084.87           | 6.22                 | 10091.09           |
  | 0     | 285      | Activation Communication | Layer 142                                                                                                                                                                                                                                                                                                                                                                                                                                                                                                                                                                                                                                                                                                                                                                                                                                                                                                                              | 10091.09           | 0                    | 10091.09           |
  | 0     | 286      | Compute                  | Layer 143                                                                                                                                                                                                                                                                                                                                                                                                                                                                                                                                                                                                                                                                                                                                                                                                                                                                                                                              | 10091.09           | 1.81                 | 10092.90           |
  | 0     | 287      | Activation Communication | Layer 143                                                                                                                                                                                                                                                                                                                                                                                                                                                                                                                                                                                                                                                                                                                                                                                                                                                                                                                              | 10092.90           | 0                    | 10092.90           |
  | 0     | 288      | Compute                  | Layer 144                                                                                                                                                                                                                                                                                                                                                                                                                                                                                                                                                                                                                                                                                                                                                                                                                                                                                                                              | 10092.90           | 6.42                 | 10099.32           |
  | 0     | 289      | Activation Communication | Layer 144                                                                                                                                                                                                                                                                                                                                                                                                                                                                                                                                                                                                                                                                                                                                                                                                                                                                                                                              | 10099.32           | 0                    | 10099.32           |
  | 0     | 290      | Compute                  | Layer 145                                                                                                                                                                                                                                                                                                                                                                                                                                                                                                                                                                                                                                                                                                                                                                                                                                                                                                                              | 10099.32           | 1.81                 | 10101.13           |
  | 0     | 291      | Activation Communication | Layer 145                                                                                                                                                                                                                                                                                                                                                                                                                                                                                                                                                                                                                                                                                                                                                                                                                                                                                                                              | 10101.13           | 0                    | 10101.13           |
  | 0     | 292      | Compute                  | Layer 146                                                                                                                                                                                                                                                                                                                                                                                                                                                                                                                                                                                                                                                                                                                                                                                                                                                                                                                              | 10101.13           | 6.62                 | 10107.75           |
  | 0     | 293      | Activation Communication | Layer 146                                                                                                                                                                                                                                                                                                                                                                                                                                                                                                                                                                                                                                                                                                                                                                                                                                                                                                                              | 10107.75           | 0                    | 10107.75           |
  | 0     | 294      | Compute                  | Layer 147                                                                                                                                                                                                                                                                                                                                                                                                                                                                                                                                                                                                                                                                                                                                                                                                                                                                                                                              | 10107.75           | 1.81                 | 10109.56           |
  | 0     | 295      | Activation Communication | Layer 147                                                                                                                                                                                                                                                                                                                                                                                                                                                                                                                                                                                                                                                                                                                                                                                                                                                                                                                              | 10109.56           | 0                    | 10109.56           |
  | 0     | 296      | Compute                  | Layer 148                                                                                                                                                                                                                                                                                                                                                                                                                                                                                                                                                                                                                                                                                                                                                                                                                                                                                                                              | 10109.56           | 6.82                 | 10116.38           |
  | 0     | 297      | Activation Communication | Layer 148                                                                                                                                                                                                                                                                                                                                                                                                                                                                                                                                                                                                                                                                                                                                                                                                                                                                                                                              | 10116.38           | 0                    | 10116.38           |
  | 0     | 298      | Compute                  | Layer 149                                                                                                                                                                                                                                                                                                                                                                                                                                                                                                                                                                                                                                                                                                                                                                                                                                                                                                                              | 10116.38           | 1.81                 | 10118.19           |
  | 0     | 299      | Activation Communication | Layer 149                                                                                                                                                                                                                                                                                                                                                                                                                                                                                                                                                                                                                                                                                                                                                                                                                                                                                                                              | 10118.19           | 0                    | 10118.19           |
  | 0     | 300      | Compute                  | Layer 150                                                                                                                                                                                                                                                                                                                                                                                                                                                                                                                                                                                                                                                                                                                                                                                                                                                                                                                              | 10118.19           | 7.02                 | 10125.21           |
  | 0     | 301      | Activation Communication | Layer 150                                                                                                                                                                                                                                                                                                                                                                                                                                                                                                                                                                                                                                                                                                                                                                                                                                                                                                                              | 10125.21           | 0                    | 10125.21           |
  | 0     | 302      | Compute                  | Layer 151                                                                                                                                                                                                                                                                                                                                                                                                                                                                                                                                                                                                                                                                                                                                                                                                                                                                                                                              | 10125.21           | 1.81                 | 10127.02           |
  | 0     | 303      | Activation Communication | Layer 151                                                                                                                                                                                                                                                                                                                                                                                                                                                                                                                                                                                                                                                                                                                                                                                                                                                                                                                              | 10127.02           | 0.49                 | 10127.51           |
  | 0     | 304      | Compute                  | Layer 152                                                                                                                                                                                                                                                                                                                                                                                                                                                                                                                                                                                                                                                                                                                                                                                                                                                                                                                              | 10127.51           | 7.02                 | 10134.53           |
  | 0     | 305      | Activation Communication | Layer 152                                                                                                                                                                                                                                                                                                                                                                                                                                                                                                                                                                                                                                                                                                                                                                                                                                                                                                                              | 10134.53           | 0.05                 | 10134.58           |
  | 0     | 306      | Compute                  | Layer 153                                                                                                                                                                                                                                                                                                                                                                                                                                                                                                                                                                                                                                                                                                                                                                                                                                                                                                                              | 10134.58           | 1.81                 | 10136.39           |
  | 0     | 307      | Activation Communication | Layer 153                                                                                                                                                                                                                                                                                                                                                                                                                                                                                                                                                                                                                                                                                                                                                                                                                                                                                                                              | 10136.39           | 0                    | 10136.39           |
  | 0     | 308      | Compute                  | Layer 154                                                                                                                                                                                                                                                                                                                                                                                                                                                                                                                                                                                                                                                                                                                                                                                                                                                                                                                              | 10136.39           | 7.43                 | 10143.81           |
  | 0     | 309      | Activation Communication | Layer 154                                                                                                                                                                                                                                                                                                                                                                                                                                                                                                                                                                                                                                                                                                                                                                                                                                                                                                                              | 10143.81           | 0                    | 10143.81           |
  | 0     | 310      | Compute                  | Layer 155                                                                                                                                                                                                                                                                                                                                                                                                                                                                                                                                                                                                                                                                                                                                                                                                                                                                                                                              | 10143.81           | 1.81                 | 10145.62           |
  | 0     | 311      | Activation Communication | Layer 155                                                                                                                                                                                                                                                                                                                                                                                                                                                                                                                                                                                                                                                                                                                                                                                                                                                                                                                              | 10145.62           | 0                    | 10145.62           |
  | 0     | 312      | Compute                  | Layer 156                                                                                                                                                                                                                                                                                                                                                                                                                                                                                                                                                                                                                                                                                                                                                                                                                                                                                                                              | 10145.62           | 7.63                 | 10153.25           |
  | 0     | 313      | Activation Communication | Layer 156                                                                                                                                                                                                                                                                                                                                                                                                                                                                                                                                                                                                                                                                                                                                                                                                                                                                                                                              | 10153.25           | 0                    | 10153.25           |
  | 0     | 314      | Compute                  | Layer 157                                                                                                                                                                                                                                                                                                                                                                                                                                                                                                                                                                                                                                                                                                                                                                                                                                                                                                                              | 10153.25           | 1.81                 | 10155.05           |
  | 0     | 315      | Activation Communication | Layer 157                                                                                                                                                                                                                                                                                                                                                                                                                                                                                                                                                                                                                                                                                                                                                                                                                                                                                                                              | 10155.05           | 0                    | 10155.05           |
  | 0     | 316      | Compute                  | Layer 158                                                                                                                                                                                                                                                                                                                                                                                                                                                                                                                                                                                                                                                                                                                                                                                                                                                                                                                              | 10155.05           | 7.83                 | 10162.88           |
  | 0     | 317      | Activation Communication | Layer 158                                                                                                                                                                                                                                                                                                                                                                                                                                                                                                                                                                                                                                                                                                                                                                                                                                                                                                                              | 10162.88           | 0                    | 10162.88           |
  | 0     | 318      | Compute                  | Layer 159                                                                                                                                                                                                                                                                                                                                                                                                                                                                                                                                                                                                                                                                                                                                                                                                                                                                                                                              | 10162.88           | 1.81                 | 10164.69           |
  | 0     | 319      | Activation Communication | Layer 159                                                                                                                                                                                                                                                                                                                                                                                                                                                                                                                                                                                                                                                                                                                                                                                                                                                                                                                              | 10164.69           | 0                    | 10164.69           |
  | 0     | 320      | Compute                  | Layer 160                                                                                                                                                                                                                                                                                                                                                                                                                                                                                                                                                                                                                                                                                                                                                                                                                                                                                                                              | 10164.69           | 8.03                 | 10172.72           |
  | 0     | 321      | Activation Communication | Layer 160                                                                                                                                                                                                                                                                                                                                                                                                                                                                                                                                                                                                                                                                                                                                                                                                                                                                                                                              | 10172.72           | 0                    | 10172.72           |
  | 0     | 322      | Compute                  | Layer 161                                                                                                                                                                                                                                                                                                                                                                                                                                                                                                                                                                                                                                                                                                                                                                                                                                                                                                                              | 10172.72           | 1.81                 | 10174.52           |
  | 0     | 323      | Activation Communication | Layer 161                                                                                                                                                                                                                                                                                                                                                                                                                                                                                                                                                                                                                                                                                                                                                                                                                                                                                                                              | 10174.52           | 0                    | 10174.52           |
  | 0     | 324      | Compute                  | Layer 162                                                                                                                                                                                                                                                                                                                                                                                                                                                                                                                                                                                                                                                                                                                                                                                                                                                                                                                              | 10174.52           | 8.23                 | 10182.75           |
  | 0     | 325      | Activation Communication | Layer 162                                                                                                                                                                                                                                                                                                                                                                                                                                                                                                                                                                                                                                                                                                                                                                                                                                                                                                                              | 10182.75           | 0                    | 10182.75           |
  | 0     | 326      | Compute                  | Layer 163                                                                                                                                                                                                                                                                                                                                                                                                                                                                                                                                                                                                                                                                                                                                                                                                                                                                                                                              | 10182.75           | 1.81                 | 10184.56           |
  | 0     | 327      | Activation Communication | Layer 163                                                                                                                                                                                                                                                                                                                                                                                                                                                                                                                                                                                                                                                                                                                                                                                                                                                                                                                              | 10184.56           | 0                    | 10184.56           |
  | 0     | 328      | Compute                  | Layer 164                                                                                                                                                                                                                                                                                                                                                                                                                                                                                                                                                                                                                                                                                                                                                                                                                                                                                                                              | 10184.56           | 8.43                 | 10192.99           |
  | 0     | 329      | Activation Communication | Layer 164                                                                                                                                                                                                                                                                                                                                                                                                                                                                                                                                                                                                                                                                                                                                                                                                                                                                                                                              | 10192.99           | 0                    | 10192.99           |
  | 0     | 330      | Compute                  | Layer 165                                                                                                                                                                                                                                                                                                                                                                                                                                                                                                                                                                                                                                                                                                                                                                                                                                                                                                                              | 10192.99           | 1.81                 | 10194.79           |
  | 0     | 331      | Activation Communication | Layer 165                                                                                                                                                                                                                                                                                                                                                                                                                                                                                                                                                                                                                                                                                                                                                                                                                                                                                                                              | 10194.79           | 0                    | 10194.79           |
  | 0     | 332      | Compute                  | Layer 166                                                                                                                                                                                                                                                                                                                                                                                                                                                                                                                                                                                                                                                                                                                                                                                                                                                                                                                              | 10194.79           | 8.63                 | 10203.42           |
  | 0     | 333      | Activation Communication | Layer 166                                                                                                                                                                                                                                                                                                                                                                                                                                                                                                                                                                                                                                                                                                                                                                                                                                                                                                                              | 10203.42           | 0                    | 10203.42           |
  | 0     | 334      | Compute                  | Layer 167                                                                                                                                                                                                                                                                                                                                                                                                                                                                                                                                                                                                                                                                                                                                                                                                                                                                                                                              | 10203.42           | 1.81                 | 10205.23           |
  | 0     | 335      | Activation Communication | Layer 167                                                                                                                                                                                                                                                                                                                                                                                                                                                                                                                                                                                                                                                                                                                                                                                                                                                                                                                              | 10205.23           | 0                    | 10205.23           |
  | 0     | 336      | Compute                  | Layer 168                                                                                                                                                                                                                                                                                                                                                                                                                                                                                                                                                                                                                                                                                                                                                                                                                                                                                                                              | 10205.23           | 8.83                 | 10214.06           |
  | 0     | 337      | Activation Communication | Layer 168                                                                                                                                                                                                                                                                                                                                                                                                                                                                                                                                                                                                                                                                                                                                                                                                                                                                                                                              | 10214.06           | 0                    | 10214.06           |
  | 0     | 338      | Compute                  | Layer 169                                                                                                                                                                                                                                                                                                                                                                                                                                                                                                                                                                                                                                                                                                                                                                                                                                                                                                                              | 10214.06           | 1.81                 | 10215.87           |
  | 0     | 339      | Activation Communication | Layer 169                                                                                                                                                                                                                                                                                                                                                                                                                                                                                                                                                                                                                                                                                                                                                                                                                                                                                                                              | 10215.87           | 0                    | 10215.87           |
  | 0     | 340      | Compute                  | Layer 170                                                                                                                                                                                                                                                                                                                                                                                                                                                                                                                                                                                                                                                                                                                                                                                                                                                                                                                              | 10215.87           | 9.03                 | 10224.90           |
  | 0     | 341      | Activation Communication | Layer 170                                                                                                                                                                                                                                                                                                                                                                                                                                                                                                                                                                                                                                                                                                                                                                                                                                                                                                                              | 10224.90           | 0                    | 10224.90           |
  | 0     | 342      | Compute                  | Layer 171                                                                                                                                                                                                                                                                                                                                                                                                                                                                                                                                                                                                                                                                                                                                                                                                                                                                                                                              | 10224.90           | 1.81                 | 10226.70           |
  | 0     | 343      | Activation Communication | Layer 171                                                                                                                                                                                                                                                                                                                                                                                                                                                                                                                                                                                                                                                                                                                                                                                                                                                                                                                              | 10226.70           | 0                    | 10226.70           |
  | 0     | 344      | Compute                  | Layer 172                                                                                                                                                                                                                                                                                                                                                                                                                                                                                                                                                                                                                                                                                                                                                                                                                                                                                                                              | 10226.70           | 9.23                 | 10235.94           |
  | 0     | 345      | Activation Communication | Layer 172                                                                                                                                                                                                                                                                                                                                                                                                                                                                                                                                                                                                                                                                                                                                                                                                                                                                                                                              | 10235.94           | 0                    | 10235.94           |
  | 0     | 346      | Compute                  | Layer 173                                                                                                                                                                                                                                                                                                                                                                                                                                                                                                                                                                                                                                                                                                                                                                                                                                                                                                                              | 10235.94           | 1.81                 | 10237.74           |
  | 0     | 347      | Activation Communication | Layer 173                                                                                                                                                                                                                                                                                                                                                                                                                                                                                                                                                                                                                                                                                                                                                                                                                                                                                                                              | 10237.74           | 0                    | 10237.74           |
  | 0     | 348      | Compute                  | Layer 174                                                                                                                                                                                                                                                                                                                                                                                                                                                                                                                                                                                                                                                                                                                                                                                                                                                                                                                              | 10237.74           | 9.43                 | 10247.18           |
  | 0     | 349      | Activation Communication | Layer 174                                                                                                                                                                                                                                                                                                                                                                                                                                                                                                                                                                                                                                                                                                                                                                                                                                                                                                                              | 10247.18           | 1.96                 | 10249.14           |
  | 0     | 350      | Compute                  | Layer 175                                                                                                                                                                                                                                                                                                                                                                                                                                                                                                                                                                                                                                                                                                                                                                                                                                                                                                                              | 10249.14           | 1.00                 | 10250.14           |
  | 0     | 351      | Activation Communication | Layer 175                                                                                                                                                                                                                                                                                                                                                                                                                                                                                                                                                                                                                                                                                                                                                                                                                                                                                                                              | 10250.14           | 0.21                 | 10250.36           |
  | 0     | 352      | Compute                  | Layer 176                                                                                                                                                                                                                                                                                                                                                                                                                                                                                                                                                                                                                                                                                                                                                                                                                                                                                                                              | 10250.36           | 9.63                 | 10259.99           |
  | 0     | 353      | Activation Communication | Layer 176                                                                                                                                                                                                                                                                                                                                                                                                                                                                                                                                                                                                                                                                                                                                                                                                                                                                                                                              | 10259.99           | 0                    | 10259.99           |
  | 0     | 354      | Compute                  | Layer 177                                                                                                                                                                                                                                                                                                                                                                                                                                                                                                                                                                                                                                                                                                                                                                                                                                                                                                                              | 10259.99           | 1.81                 | 10261.80           |
  | 0     | 355      | Activation Communication | Layer 177                                                                                                                                                                                                                                                                                                                                                                                                                                                                                                                                                                                                                                                                                                                                                                                                                                                                                                                              | 10261.80           | 0                    | 10261.80           |
  | 0     | 356      | Compute                  | Layer 178                                                                                                                                                                                                                                                                                                                                                                                                                                                                                                                                                                                                                                                                                                                                                                                                                                                                                                                              | 10261.80           | 9.83                 | 10271.63           |
  | 0     | 357      | Activation Communication | Layer 178                                                                                                                                                                                                                                                                                                                                                                                                                                                                                                                                                                                                                                                                                                                                                                                                                                                                                                                              | 10271.63           | 0                    | 10271.63           |
  | 0     | 358      | Compute                  | Layer 179                                                                                                                                                                                                                                                                                                                                                                                                                                                                                                                                                                                                                                                                                                                                                                                                                                                                                                                              | 10271.63           | 1.81                 | 10273.44           |
  | 0     | 359      | Activation Communication | Layer 179                                                                                                                                                                                                                                                                                                                                                                                                                                                                                                                                                                                                                                                                                                                                                                                                                                                                                                                              | 10273.44           | 0                    | 10273.44           |
  | 0     | 360      | Compute                  | Layer 180                                                                                                                                                                                                                                                                                                                                                                                                                                                                                                                                                                                                                                                                                                                                                                                                                                                                                                                              | 10273.44           | 10.04                | 10283.47           |
  | 0     | 361      | Activation Communication | Layer 180                                                                                                                                                                                                                                                                                                                                                                                                                                                                                                                                                                                                                                                                                                                                                                                                                                                                                                                              | 10283.47           | 0                    | 10283.47           |
  | 0     | 362      | Compute                  | Layer 181                                                                                                                                                                                                                                                                                                                                                                                                                                                                                                                                                                                                                                                                                                                                                                                                                                                                                                                              | 10283.47           | 1.81                 | 10285.28           |
  | 0     | 363      | Activation Communication | Layer 181                                                                                                                                                                                                                                                                                                                                                                                                                                                                                                                                                                                                                                                                                                                                                                                                                                                                                                                              | 10285.28           | 0                    | 10285.28           |
  | 0     | 364      | Compute                  | Layer 182                                                                                                                                                                                                                                                                                                                                                                                                                                                                                                                                                                                                                                                                                                                                                                                                                                                                                                                              | 10285.28           | 10.24                | 10295.51           |
  | 0     | 365      | Activation Communication | Layer 182                                                                                                                                                                                                                                                                                                                                                                                                                                                                                                                                                                                                                                                                                                                                                                                                                                                                                                                              | 10295.51           | 0                    | 10295.51           |
  | 0     | 366      | Compute                  | Layer 183                                                                                                                                                                                                                                                                                                                                                                                                                                                                                                                                                                                                                                                                                                                                                                                                                                                                                                                              | 10295.51           | 1.81                 | 10297.32           |
  | 0     | 367      | Activation Communication | Layer 183                                                                                                                                                                                                                                                                                                                                                                                                                                                                                                                                                                                                                                                                                                                                                                                                                                                                                                                              | 10297.32           | 0                    | 10297.32           |
  | 0     | 368      | Compute                  | Layer 184                                                                                                                                                                                                                                                                                                                                                                                                                                                                                                                                                                                                                                                                                                                                                                                                                                                                                                                              | 10297.32           | 10.44                | 10307.76           |
  | 0     | 369      | Activation Communication | Layer 184                                                                                                                                                                                                                                                                                                                                                                                                                                                                                                                                                                                                                                                                                                                                                                                                                                                                                                                              | 10307.76           | 0                    | 10307.76           |
  | 0     | 370      | Compute                  | Layer 185                                                                                                                                                                                                                                                                                                                                                                                                                                                                                                                                                                                                                                                                                                                                                                                                                                                                                                                              | 10307.76           | 1.81                 | 10309.56           |
  | 0     | 371      | Activation Communication | Layer 185                                                                                                                                                                                                                                                                                                                                                                                                                                                                                                                                                                                                                                                                                                                                                                                                                                                                                                                              | 10309.56           | 0                    | 10309.56           |
  | 0     | 372      | Compute                  | Layer 186                                                                                                                                                                                                                                                                                                                                                                                                                                                                                                                                                                                                                                                                                                                                                                                                                                                                                                                              | 10309.56           | 10.64                | 10320.20           |
  | 0     | 373      | Activation Communication | Layer 186                                                                                                                                                                                                                                                                                                                                                                                                                                                                                                                                                                                                                                                                                                                                                                                                                                                                                                                              | 10320.20           | 0                    | 10320.20           |
  | 0     | 374      | Compute                  | Layer 187                                                                                                                                                                                                                                                                                                                                                                                                                                                                                                                                                                                                                                                                                                                                                                                                                                                                                                                              | 10320.20           | 1.81                 | 10322.01           |
  | 0     | 375      | Activation Communication | Layer 187                                                                                                                                                                                                                                                                                                                                                                                                                                                                                                                                                                                                                                                                                                                                                                                                                                                                                                                              | 10322.01           | 0                    | 10322.01           |
  | 0     | 376      | Compute                  | Layer 188                                                                                                                                                                                                                                                                                                                                                                                                                                                                                                                                                                                                                                                                                                                                                                                                                                                                                                                              | 10322.01           | 10.84                | 10332.84           |
  | 0     | 377      | Activation Communication | Layer 188                                                                                                                                                                                                                                                                                                                                                                                                                                                                                                                                                                                                                                                                                                                                                                                                                                                                                                                              | 10332.84           | 0                    | 10332.84           |
  | 0     | 378      | Compute                  | Layer 189                                                                                                                                                                                                                                                                                                                                                                                                                                                                                                                                                                                                                                                                                                                                                                                                                                                                                                                              | 10332.84           | 1.81                 | 10334.65           |
  | 0     | 379      | Activation Communication | Layer 189                                                                                                                                                                                                                                                                                                                                                                                                                                                                                                                                                                                                                                                                                                                                                                                                                                                                                                                              | 10334.65           | 0                    | 10334.65           |
  | 0     | 380      | Compute                  | Layer 190                                                                                                                                                                                                                                                                                                                                                                                                                                                                                                                                                                                                                                                                                                                                                                                                                                                                                                                              | 10334.65           | 11.04                | 10345.69           |
  | 0     | 381      | Activation Communication | Layer 190                                                                                                                                                                                                                                                                                                                                                                                                                                                                                                                                                                                                                                                                                                                                                                                                                                                                                                                              | 10345.69           | 0                    | 10345.69           |
  | 0     | 382      | Compute                  | Layer 191                                                                                                                                                                                                                                                                                                                                                                                                                                                                                                                                                                                                                                                                                                                                                                                                                                                                                                                              | 10345.69           | 1.81                 | 10347.50           |
  | 0     | 383      | Activation Communication | Layer 191                                                                                                                                                                                                                                                                                                                                                                                                                                                                                                                                                                                                                                                                                                                                                                                                                                                                                                                              | 10347.50           | 0                    | 10347.50           |
  | 0     | 384      | Compute                  | Layer 192                                                                                                                                                                                                                                                                                                                                                                                                                                                                                                                                                                                                                                                                                                                                                                                                                                                                                                                              | 10347.50           | 11.24                | 10358.74           |
  | 0     | 385      | Activation Communication | Layer 192                                                                                                                                                                                                                                                                                                                                                                                                                                                                                                                                                                                                                                                                                                                                                                                                                                                                                                                              | 10358.74           | 0                    | 10358.74           |
  | 0     | 386      | Compute                  | Layer 193                                                                                                                                                                                                                                                                                                                                                                                                                                                                                                                                                                                                                                                                                                                                                                                                                                                                                                                              | 10358.74           | 1.81                 | 10360.54           |
  | 0     | 387      | Activation Communication | Layer 193                                                                                                                                                                                                                                                                                                                                                                                                                                                                                                                                                                                                                                                                                                                                                                                                                                                                                                                              | 10360.54           | 0.49                 | 10361.03           |
  | 0     | 388      | Compute                  | Layer 194                                                                                                                                                                                                                                                                                                                                                                                                                                                                                                                                                                                                                                                                                                                                                                                                                                                                                                                              | 10361.03           | 9.23                 | 10370.26           |
  | 0     | 389      | Activation Communication | Layer 194                                                                                                                                                                                                                                                                                                                                                                                                                                                                                                                                                                                                                                                                                                                                                                                                                                                                                                                              | 10370.26           | 1.81                 | 10372.07           |
  | 0     | 390      | Compute                  | Layer 195                                                                                                                                                                                                                                                                                                                                                                                                                                                                                                                                                                                                                                                                                                                                                                                                                                                                                                                              | 10372.07           | 1.81                 | 10373.88           |
  | 0     | 391      | Activation Communication | Layer 195                                                                                                                                                                                                                                                                                                                                                                                                                                                                                                                                                                                                                                                                                                                                                                                                                                                                                                                              | 10373.88           | 0                    | 10373.88           |
  | 0     | 392      | Compute                  | Layer 196                                                                                                                                                                                                                                                                                                                                                                                                                                                                                                                                                                                                                                                                                                                                                                                                                                                                                                                              | 10373.88           | 11.64                | 10385.52           |
  | 0     | 393      | Activation Communication | Layer 196                                                                                                                                                                                                                                                                                                                                                                                                                                                                                                                                                                                                                                                                                                                                                                                                                                                                                                                              | 10385.52           | 0                    | 10385.52           |
  | 0     | 394      | Compute                  | Layer 197                                                                                                                                                                                                                                                                                                                                                                                                                                                                                                                                                                                                                                                                                                                                                                                                                                                                                                                              | 10385.52           | 1.81                 | 10387.32           |
  | 0     | 395      | Activation Communication | Layer 197                                                                                                                                                                                                                                                                                                                                                                                                                                                                                                                                                                                                                                                                                                                                                                                                                                                                                                                              | 10387.32           | 0                    | 10387.32           |
  | 0     | 396      | Compute                  | Layer 198                                                                                                                                                                                                                                                                                                                                                                                                                                                                                                                                                                                                                                                                                                                                                                                                                                                                                                                              | 10387.32           | 11.84                | 10399.16           |
  | 0     | 397      | Activation Communication | Layer 198                                                                                                                                                                                                                                                                                                                                                                                                                                                                                                                                                                                                                                                                                                                                                                                                                                                                                                                              | 10399.16           | 0                    | 10399.16           |
  | 0     | 398      | Compute                  | Layer 199                                                                                                                                                                                                                                                                                                                                                                                                                                                                                                                                                                                                                                                                                                                                                                                                                                                                                                                              | 10399.16           | 1.81                 | 10400.97           |
  | 0     | 399      | Activation Communication | Layer 199                                                                                                                                                                                                                                                                                                                                                                                                                                                                                                                                                                                                                                                                                                                                                                                                                                                                                                                              | 10400.97           | 0.49                 | 10401.46           |
  | 0     | 400      | Compute                  | Layer 200                                                                                                                                                                                                                                                                                                                                                                                                                                                                                                                                                                                                                                                                                                                                                                                                                                                                                                                              | 10401.46           | 1.84                 | 10403.30           |
  +-------+----------+--------------------------+----------------------------------------------------------------------------------------------------------------------------------------------------------------------------------------------------------------------------------------------------------------------------------------------------------------------------------------------------------------------------------------------------------------------------------------------------------------------------------------------------------------------------------------------------------------------------------------------------------------------------------------------------------------------------------------------------------------------------------------------------------------------------------------------------------------------------------------------------------------------------------------------------------------------------------------+--------------------+----------------------+--------------------+

Weight Loading Schedule:
--------------------------------------------------
  Weight Loading Schedule Table:

  +-------+-------+------------+-------------------+-------------------+--------------------+
  | Input | Op ID | Start (μs) | Duration (μs)     | Completion (μs)   | Next Compute Layer |
  +-------+-------+------------+-------------------+-------------------+--------------------+
  | 0     | 401   | 0.00       | 6182.44           | 6182.44           | Input 0, Layer 0   |
  +-------+-------+------------+-------------------+-------------------+--------------------+

Weight Loading Traffic (bytes):
--------------------------------------------------
  Weight Loading Traffic Table:

  +-------+-------+------------------------------------------------------------------------------------------------------------------------+
  | Input | Op ID | Traffic                                                                                                                |
  +-------+-------+------------------------------------------------------------------------------------------------------------------------+
  | 0     | 401   | {1: {2: 153600, 3: 153600, 12: 153599, 11: 153600, 21: 153599, 22: 153599, 23: 153600, 13: 153600, 14: 2815, 4: 4875}} |
  +-------+-------+------------------------------------------------------------------------------------------------------------------------+

Activation Communication Traffic (bytes):
--------------------------------------------------
  Activation Communication Traffic Table:

  +-------+-------------------------------+
  | Layer | Traffic                       |
  +-------+-------------------------------+
  | 0     | {2: {}}                       |
  | 1     | {2: {}}                       |
  | 2     | {2: {}}                       |
  | 3     | {2: {}}                       |
  | 4     | {2: {}}                       |
  | 5     | {2: {}}                       |
  | 6     | {2: {}}                       |
  | 7     | {2: {}}                       |
  | 8     | {2: {}}                       |
  | 9     | {2: {}}                       |
  | 10    | {2: {}}                       |
  | 11    | {2: {}}                       |
  | 12    | {2: {}}                       |
  | 13    | {2: {}}                       |
  | 14    | {2: {}}                       |
  | 15    | {2: {}}                       |
  | 16    | {2: {}}                       |
  | 17    | {2: {}}                       |
  | 18    | {2: {}}                       |
  | 19    | {2: {}}                       |
  | 20    | {2: {}}                       |
  | 21    | {2: {}}                       |
  | 22    | {2: {}}                       |
  | 23    | {2: {}}                       |
  | 24    | {2: {}}                       |
  | 25    | {2: {}}                       |
  | 26    | {2: {}}                       |
  | 27    | {2: {}}                       |
  | 28    | {2: {}}                       |
  | 29    | {2: {}}                       |
  | 30    | {2: {}}                       |
  | 31    | {2: {}}                       |
  | 32    | {2: {}}                       |
  | 33    | {2: {}}                       |
  | 34    | {2: {}}                       |
  | 35    | {2: {}}                       |
  | 36    | {2: {}}                       |
  | 37    | {2: {}}                       |
  | 38    | {2: {}}                       |
  | 39    | {2: {}}                       |
  | 40    | {2: {}}                       |
  | 41    | {2: {}}                       |
  | 42    | {2: {}}                       |
  | 43    | {2: {}}                       |
  | 44    | {2: {}}                       |
  | 45    | {2: {}}                       |
  | 46    | {2: {}}                       |
  | 47    | {2: {}}                       |
  | 48    | {2: {}}                       |
  | 49    | {2: {}}                       |
  | 50    | {2: {}}                       |
  | 51    | {2: {}}                       |
  | 52    | {2: {}}                       |
  | 53    | {2: {}}                       |
  | 54    | {2: {}}                       |
  | 55    | {2: {}}                       |
  | 56    | {2: {}}                       |
  | 57    | {2: {}}                       |
  | 58    | {2: {}}                       |
  | 59    | {2: {}}                       |
  | 60    | {2: {3: 392}}                 |
  | 61    | {2: {12: 1048}, 3: {12: 519}} |
  | 62    | {12: {}}                      |
  | 63    | {12: {}}                      |
  | 64    | {12: {}}                      |
  | 65    | {12: {}}                      |
  | 66    | {12: {}}                      |
  | 67    | {12: {}}                      |
  | 68    | {12: {}}                      |
  | 69    | {12: {}}                      |
  | 70    | {12: {}}                      |
  | 71    | {12: {}}                      |
  | 72    | {12: {}}                      |
  | 73    | {12: {}}                      |
  | 74    | {12: {}}                      |
  | 75    | {12: {}}                      |
  | 76    | {12: {}}                      |
  | 77    | {12: {}}                      |
  | 78    | {12: {}}                      |
  | 79    | {12: {}}                      |
  | 80    | {12: {}}                      |
  | 81    | {12: {}}                      |
  | 82    | {12: {}}                      |
  | 83    | {12: {}}                      |
  | 84    | {12: {}}                      |
  | 85    | {12: {}}                      |
  | 86    | {12: {}}                      |
  | 87    | {12: {}}                      |
  | 88    | {12: {}}                      |
  | 89    | {12: {}}                      |
  | 90    | {12: {}}                      |
  | 91    | {12: {}}                      |
  | 92    | {12: {}}                      |
  | 93    | {12: {}}                      |
  | 94    | {12: {11: 392}}               |
  | 95    | {11: {}, 12: {11: 304}}       |
  | 96    | {11: {}}                      |
  | 97    | {11: {}}                      |
  | 98    | {11: {}}                      |
  | 99    | {11: {}}                      |
  | 100   | {11: {}}                      |
  | 101   | {11: {}}                      |
  | 102   | {11: {}}                      |
  | 103   | {11: {}}                      |
  | 104   | {11: {}}                      |
  | 105   | {11: {}}                      |
  | 106   | {11: {}}                      |
  | 107   | {11: {}}                      |
  | 108   | {11: {}}                      |
  | 109   | {11: {}}                      |
  | 110   | {11: {}}                      |
  | 111   | {11: {}}                      |
  | 112   | {11: {}}                      |
  | 113   | {11: {}}                      |
  | 114   | {11: {}}                      |
  | 115   | {11: {}}                      |
  | 116   | {11: {}}                      |
  | 117   | {11: {}}                      |
  | 118   | {11: {21: 392}}               |
  | 119   | {11: {21: 32}, 21: {}}        |
  | 120   | {21: {}}                      |
  | 121   | {21: {}}                      |
  | 122   | {21: {}}                      |
  | 123   | {21: {}}                      |
  | 124   | {21: {}}                      |
  | 125   | {21: {}}                      |
  | 126   | {21: {}}                      |
  | 127   | {21: {}}                      |
  | 128   | {21: {}}                      |
  | 129   | {21: {}}                      |
  | 130   | {21: {}}                      |
  | 131   | {21: {}}                      |
  | 132   | {21: {}}                      |
  | 133   | {21: {}}                      |
  | 134   | {21: {22: 392}}               |
  | 135   | {21: {22: 3275}, 22: {}}      |
  | 136   | {22: {}}                      |
  | 137   | {22: {}}                      |
  | 138   | {22: {}}                      |
  | 139   | {22: {}}                      |
  | 140   | {22: {}}                      |
  | 141   | {22: {}}                      |
  | 142   | {22: {}}                      |
  | 143   | {22: {}}                      |
  | 144   | {22: {}}                      |
  | 145   | {22: {}}                      |
  | 146   | {22: {}}                      |
  | 147   | {22: {}}                      |
  | 148   | {22: {}}                      |
  | 149   | {22: {}}                      |
  | 150   | {22: {}}                      |
  | 151   | {22: {23: 98}}                |
  | 152   | {22: {23: 10}, 23: {}}        |
  | 153   | {23: {}}                      |
  | 154   | {23: {}}                      |
  | 155   | {23: {}}                      |
  | 156   | {23: {}}                      |
  | 157   | {23: {}}                      |
  | 158   | {23: {}}                      |
  | 159   | {23: {}}                      |
  | 160   | {23: {}}                      |
  | 161   | {23: {}}                      |
  | 162   | {23: {}}                      |
  | 163   | {23: {}}                      |
  | 164   | {23: {}}                      |
  | 165   | {23: {}}                      |
  | 166   | {23: {}}                      |
  | 167   | {23: {}}                      |
  | 168   | {23: {}}                      |
  | 169   | {23: {}}                      |
  | 170   | {23: {}}                      |
  | 171   | {23: {}}                      |
  | 172   | {23: {}}                      |
  | 173   | {23: {}}                      |
  | 174   | {23: {13: 392}}               |
  | 175   | {13: {}, 23: {13: 43}}        |
  | 176   | {13: {}}                      |
  | 177   | {13: {}}                      |
  | 178   | {13: {}}                      |
  | 179   | {13: {}}                      |
  | 180   | {13: {}}                      |
  | 181   | {13: {}}                      |
  | 182   | {13: {}}                      |
  | 183   | {13: {}}                      |
  | 184   | {13: {}}                      |
  | 185   | {13: {}}                      |
  | 186   | {13: {}}                      |
  | 187   | {13: {}}                      |
  | 188   | {13: {}}                      |
  | 189   | {13: {}}                      |
  | 190   | {13: {}}                      |
  | 191   | {13: {}}                      |
  | 192   | {13: {}}                      |
  | 193   | {13: {14: 98}}                |
  | 194   | {13: {3: 316}, 14: {3: 75}}   |
  | 195   | {3: {}}                       |
  | 196   | {3: {}}                       |
  | 197   | {3: {}}                       |
  | 198   | {3: {}}                       |
  | 199   | {3: {4: 98}}                  |
  | 200   | {}                            |
  +-------+-------------------------------+

Communication Co-active Layers:
--------------------------------------------------
  No co-active layers detected for this model

Communication Co-active Traffic:
--------------------------------------------------
  Co-active Traffic Table:

  +----------+-----------+-------+-------+-------+-------+--------------------------+---------------+-------------------+
  | Sim Call | Time (μs) | Model | Input | Layer | Phase | Type                     | Next Layer    | Co-active Traffic |
  +----------+-----------+-------+-------+-------+-------+--------------------------+---------------+-------------------+
  | 1        | 0.00      | 1     | 0     | 0     | 401   | Weight Loading           | Next: Layer 0 | {}                |
  | 2        | 8455.00   | 1     | 0     | 60    | 121   | Activation Communication |               | {}                |
  | 3        | 8467.00   | 1     | 0     | 61    | 123   | Activation Communication |               | {}                |
  | 4        | 8950.00   | 1     | 0     | 94    | 189   | Activation Communication |               | {}                |
  | 5        | 8975.00   | 1     | 0     | 95    | 191   | Activation Communication |               | {}                |
  | 6        | 9434.00   | 1     | 0     | 118   | 237   | Activation Communication |               | {}                |
  | 7        | 9474.00   | 1     | 0     | 119   | 239   | Activation Communication |               | {}                |
  | 8        | 9824.00   | 1     | 0     | 134   | 269   | Activation Communication |               | {}                |
  | 9        | 10047.00  | 1     | 0     | 135   | 271   | Activation Communication |               | {}                |
  | 10       | 10130.00  | 1     | 0     | 151   | 303   | Activation Communication |               | {}                |
  | 11       | 10136.00  | 1     | 0     | 152   | 305   | Activation Communication |               | {}                |
  | 12       | 10249.00  | 1     | 0     | 174   | 349   | Activation Communication |               | {}                |
  | 13       | 10253.00  | 1     | 0     | 175   | 351   | Activation Communication |               | {}                |
  | 14       | 10363.00  | 1     | 0     | 193   | 387   | Activation Communication |               | {}                |
  | 15       | 10372.00  | 1     | 0     | 194   | 389   | Activation Communication |               | {}                |
  | 16       | 10404.00  | 1     | 0     | 199   | 399   | Activation Communication |               | {}                |
  +----------+-----------+-------+-------+-------+-------+--------------------------+---------------+-------------------+

Layer Energy per input:
--------------------------------------------------
  Energy Table:

  +-------+-------+---------------------+
  | Input | Layer | Compute Energy (fJ) |
  +-------+-------+---------------------+
  | 0     | 0     | 5900697600.00       |
  | 0     | 1     | 1284505600.00       |
  | 0     | 2     | 5780275200.00       |
  | 0     | 3     | 1926758400.00       |
  | 0     | 4     | 5780275200.00       |
  | 0     | 5     | 2569011200.00       |
  | 0     | 6     | 5780275200.00       |
  | 0     | 7     | 3211264000.00       |
  | 0     | 8     | 5780275200.00       |
  | 0     | 9     | 3853516800.00       |
  | 0     | 10    | 5780275200.00       |
  | 0     | 11    | 4495769600.00       |
  | 0     | 12    | 5780275200.00       |
  | 0     | 13    | 5138022400.00       |
  | 0     | 14    | 642252800.00        |
  | 0     | 15    | 1445068800.00       |
  | 0     | 16    | 802816000.00        |
  | 0     | 17    | 1445068800.00       |
  | 0     | 18    | 963379200.00        |
  | 0     | 19    | 1445068800.00       |
  | 0     | 20    | 1123942400.00       |
  | 0     | 21    | 1445068800.00       |
  | 0     | 22    | 1284505600.00       |
  | 0     | 23    | 1445068800.00       |
  | 0     | 24    | 1445068800.00       |
  | 0     | 25    | 1445068800.00       |
  | 0     | 26    | 1605632000.00       |
  | 0     | 27    | 1445068800.00       |
  | 0     | 28    | 1766195200.00       |
  | 0     | 29    | 1445068800.00       |
  | 0     | 30    | 1926758400.00       |
  | 0     | 31    | 1445068800.00       |
  | 0     | 32    | 2087321600.00       |
  | 0     | 33    | 1445068800.00       |
  | 0     | 34    | 2247884800.00       |
  | 0     | 35    | 1445068800.00       |
  | 0     | 36    | 2408448000.00       |
  | 0     | 37    | 1445068800.00       |
  | 0     | 38    | 5138022400.00       |
  | 0     | 39    | 321126400.00        |
  | 0     | 40    | 361267200.00        |
  | 0     | 41    | 361267200.00        |
  | 0     | 42    | 361267200.00        |
  | 0     | 43    | 401408000.00        |
  | 0     | 44    | 361267200.00        |
  | 0     | 45    | 441548800.00        |
  | 0     | 46    | 361267200.00        |
  | 0     | 47    | 481689600.00        |
  | 0     | 48    | 361267200.00        |
  | 0     | 49    | 521830400.00        |
  | 0     | 50    | 361267200.00        |
  | 0     | 51    | 561971200.00        |
  | 0     | 52    | 361267200.00        |
  | 0     | 53    | 602112000.00        |
  | 0     | 54    | 361267200.00        |
  | 0     | 55    | 642252800.00        |
  | 0     | 56    | 361267200.00        |
  | 0     | 57    | 682393600.00        |
  | 0     | 58    | 361267200.00        |
  | 0     | 59    | 722534400.00        |
  | 0     | 60    | 361267200.00        |
  | 0     | 61    | 762675200.00        |
  | 0     | 62    | 361267200.00        |
  | 0     | 63    | 802816000.00        |
  | 0     | 64    | 361267200.00        |
  | 0     | 65    | 842956800.00        |
  | 0     | 66    | 361267200.00        |
  | 0     | 67    | 883097600.00        |
  | 0     | 68    | 361267200.00        |
  | 0     | 69    | 923238400.00        |
  | 0     | 70    | 361267200.00        |
  | 0     | 71    | 963379200.00        |
  | 0     | 72    | 361267200.00        |
  | 0     | 73    | 1003520000.00       |
  | 0     | 74    | 361267200.00        |
  | 0     | 75    | 1043660800.00       |
  | 0     | 76    | 361267200.00        |
  | 0     | 77    | 1083801600.00       |
  | 0     | 78    | 361267200.00        |
  | 0     | 79    | 1123942400.00       |
  | 0     | 80    | 361267200.00        |
  | 0     | 81    | 1164083200.00       |
  | 0     | 82    | 361267200.00        |
  | 0     | 83    | 1204224000.00       |
  | 0     | 84    | 361267200.00        |
  | 0     | 85    | 1244364800.00       |
  | 0     | 86    | 361267200.00        |
  | 0     | 87    | 1284505600.00       |
  | 0     | 88    | 361267200.00        |
  | 0     | 89    | 1324646400.00       |
  | 0     | 90    | 361267200.00        |
  | 0     | 91    | 1364787200.00       |
  | 0     | 92    | 361267200.00        |
  | 0     | 93    | 1404928000.00       |
  | 0     | 94    | 361267200.00        |
  | 0     | 95    | 1445068800.00       |
  | 0     | 96    | 361267200.00        |
  | 0     | 97    | 1485209600.00       |
  | 0     | 98    | 361267200.00        |
  | 0     | 99    | 1525350400.00       |
  | 0     | 100   | 361267200.00        |
  | 0     | 101   | 1565491200.00       |
  | 0     | 102   | 361267200.00        |
  | 0     | 103   | 1605632000.00       |
  | 0     | 104   | 361267200.00        |
  | 0     | 105   | 1645772800.00       |
  | 0     | 106   | 361267200.00        |
  | 0     | 107   | 1685913600.00       |
  | 0     | 108   | 361267200.00        |
  | 0     | 109   | 1726054400.00       |
  | 0     | 110   | 361267200.00        |
  | 0     | 111   | 1766195200.00       |
  | 0     | 112   | 361267200.00        |
  | 0     | 113   | 1806336000.00       |
  | 0     | 114   | 361267200.00        |
  | 0     | 115   | 1846476800.00       |
  | 0     | 116   | 361267200.00        |
  | 0     | 117   | 1886617600.00       |
  | 0     | 118   | 361267200.00        |
  | 0     | 119   | 1926758400.00       |
  | 0     | 120   | 361267200.00        |
  | 0     | 121   | 1966899200.00       |
  | 0     | 122   | 361267200.00        |
  | 0     | 123   | 2007040000.00       |
  | 0     | 124   | 361267200.00        |
  | 0     | 125   | 2047180800.00       |
  | 0     | 126   | 361267200.00        |
  | 0     | 127   | 2087321600.00       |
  | 0     | 128   | 361267200.00        |
  | 0     | 129   | 2127462400.00       |
  | 0     | 130   | 361267200.00        |
  | 0     | 131   | 2167603200.00       |
  | 0     | 132   | 361267200.00        |
  | 0     | 133   | 2207744000.00       |
  | 0     | 134   | 361267200.00        |
  | 0     | 135   | 15735193600.00      |
  | 0     | 136   | 280985600.00        |
  | 0     | 137   | 90316800.00         |
  | 0     | 138   | 291020800.00        |
  | 0     | 139   | 90316800.00         |
  | 0     | 140   | 301056000.00        |
  | 0     | 141   | 90316800.00         |
  | 0     | 142   | 311091200.00        |
  | 0     | 143   | 90316800.00         |
  | 0     | 144   | 321126400.00        |
  | 0     | 145   | 90316800.00         |
  | 0     | 146   | 331161600.00        |
  | 0     | 147   | 90316800.00         |
  | 0     | 148   | 341196800.00        |
  | 0     | 149   | 90316800.00         |
  | 0     | 150   | 351232000.00        |
  | 0     | 151   | 90316800.00         |
  | 0     | 152   | 361267200.00        |
  | 0     | 153   | 90316800.00         |
  | 0     | 154   | 371302400.00        |
  | 0     | 155   | 90316800.00         |
  | 0     | 156   | 381337600.00        |
  | 0     | 157   | 90316800.00         |
  | 0     | 158   | 391372800.00        |
  | 0     | 159   | 90316800.00         |
  | 0     | 160   | 401408000.00        |
  | 0     | 161   | 90316800.00         |
  | 0     | 162   | 411443200.00        |
  | 0     | 163   | 90316800.00         |
  | 0     | 164   | 421478400.00        |
  | 0     | 165   | 90316800.00         |
  | 0     | 166   | 431513600.00        |
  | 0     | 167   | 90316800.00         |
  | 0     | 168   | 441548800.00        |
  | 0     | 169   | 90316800.00         |
  | 0     | 170   | 451584000.00        |
  | 0     | 171   | 90316800.00         |
  | 0     | 172   | 461619200.00        |
  | 0     | 173   | 90316800.00         |
  | 0     | 174   | 471654400.00        |
  | 0     | 175   | 90316800.00         |
  | 0     | 176   | 481689600.00        |
  | 0     | 177   | 90316800.00         |
  | 0     | 178   | 491724800.00        |
  | 0     | 179   | 90316800.00         |
  | 0     | 180   | 501760000.00        |
  | 0     | 181   | 90316800.00         |
  | 0     | 182   | 511795200.00        |
  | 0     | 183   | 90316800.00         |
  | 0     | 184   | 521830400.00        |
  | 0     | 185   | 90316800.00         |
  | 0     | 186   | 531865600.00        |
  | 0     | 187   | 90316800.00         |
  | 0     | 188   | 541900800.00        |
  | 0     | 189   | 90316800.00         |
  | 0     | 190   | 551936000.00        |
  | 0     | 191   | 90316800.00         |
  | 0     | 192   | 561971200.00        |
  | 0     | 193   | 90316800.00         |
  | 0     | 194   | 572006400.00        |
  | 0     | 195   | 90316800.00         |
  | 0     | 196   | 582041600.00        |
  | 0     | 197   | 90316800.00         |
  | 0     | 198   | 592076800.00        |
  | 0     | 199   | 90316800.00         |
  | 0     | 200   | 96000000.00         |
  +-------+-------+---------------------+

Model Mapping:
--------------------------------------------------
  --- Total chiplets used ---
    Value: 10.00
  ---------------------------

  Mapping Table:

  +-------+---------+--------------------+
  | Layer | Chiplet | Percent            |
  +-------+---------+--------------------+
  | 0     | 2       | 100                |
  | 1     | 2       | 100                |
  | 2     | 2       | 100                |
  | 3     | 2       | 100                |
  | 4     | 2       | 100                |
  | 5     | 2       | 100                |
  | 6     | 2       | 100                |
  | 7     | 2       | 100                |
  | 8     | 2       | 100                |
  | 9     | 2       | 100                |
  | 10    | 2       | 100                |
  | 11    | 2       | 100                |
  | 12    | 2       | 100                |
  | 13    | 2       | 100                |
  | 14    | 2       | 100                |
  | 15    | 2       | 100                |
  | 16    | 2       | 100                |
  | 17    | 2       | 100                |
  | 18    | 2       | 100                |
  | 19    | 2       | 100                |
  | 20    | 2       | 100                |
  | 21    | 2       | 100                |
  | 22    | 2       | 100                |
  | 23    | 2       | 100                |
  | 24    | 2       | 100                |
  | 25    | 2       | 100                |
  | 26    | 2       | 100                |
  | 27    | 2       | 100                |
  | 28    | 2       | 100                |
  | 29    | 2       | 100                |
  | 30    | 2       | 100                |
  | 31    | 2       | 100                |
  | 32    | 2       | 100                |
  | 33    | 2       | 100                |
  | 34    | 2       | 100                |
  | 35    | 2       | 100                |
  | 36    | 2       | 100                |
  | 37    | 2       | 100                |
  | 38    | 2       | 100                |
  | 39    | 2       | 100                |
  | 40    | 2       | 100                |
  | 41    | 2       | 100                |
  | 42    | 2       | 100                |
  | 43    | 2       | 100                |
  | 44    | 2       | 100                |
  | 45    | 2       | 100                |
  | 46    | 2       | 100                |
  | 47    | 2       | 100                |
  | 48    | 2       | 100                |
  | 49    | 2       | 100                |
  | 50    | 2       | 100                |
  | 51    | 2       | 100                |
  | 52    | 2       | 100                |
  | 53    | 2       | 100                |
  | 54    | 2       | 100                |
  | 55    | 2       | 100                |
  | 56    | 2       | 100                |
  | 57    | 2       | 100                |
  | 58    | 2       | 100                |
  | 59    | 2       | 100                |
  | 60    | 2       | 100                |
  | 61    | 2       | 66.86              |
  | 61    | 3       | 33.14              |
  | 62    | 12      | 100                |
  | 63    | 12      | 100                |
  | 64    | 12      | 100                |
  | 65    | 12      | 100                |
  | 66    | 12      | 100                |
  | 67    | 12      | 100                |
  | 68    | 12      | 100                |
  | 69    | 12      | 100                |
  | 70    | 12      | 100                |
  | 71    | 12      | 100                |
  | 72    | 12      | 100                |
  | 73    | 12      | 100                |
  | 74    | 12      | 100                |
  | 75    | 12      | 100                |
  | 76    | 12      | 100                |
  | 77    | 12      | 100                |
  | 78    | 12      | 100                |
  | 79    | 12      | 100                |
  | 80    | 12      | 100                |
  | 81    | 12      | 100                |
  | 82    | 12      | 100                |
  | 83    | 12      | 100                |
  | 84    | 12      | 100                |
  | 85    | 12      | 100                |
  | 86    | 12      | 100                |
  | 87    | 12      | 100                |
  | 88    | 12      | 100                |
  | 89    | 12      | 100                |
  | 90    | 12      | 100                |
  | 91    | 12      | 100                |
  | 92    | 12      | 100                |
  | 93    | 12      | 100                |
  | 94    | 12      | 100                |
  | 95    | 11      | 80.56              |
  | 95    | 12      | 19.44              |
  | 96    | 11      | 100                |
  | 97    | 11      | 100                |
  | 98    | 11      | 100                |
  | 99    | 11      | 100                |
  | 100   | 11      | 100                |
  | 101   | 11      | 100                |
  | 102   | 11      | 100                |
  | 103   | 11      | 100                |
  | 104   | 11      | 100                |
  | 105   | 11      | 100                |
  | 106   | 11      | 100                |
  | 107   | 11      | 100                |
  | 108   | 11      | 100                |
  | 109   | 11      | 100                |
  | 110   | 11      | 100                |
  | 111   | 11      | 100                |
  | 112   | 11      | 100                |
  | 113   | 11      | 100                |
  | 114   | 11      | 100                |
  | 115   | 11      | 100                |
  | 116   | 11      | 100                |
  | 117   | 11      | 100                |
  | 118   | 11      | 100                |
  | 119   | 11      | 2.08               |
  | 119   | 21      | 97.92              |
  | 120   | 21      | 100                |
  | 121   | 21      | 100                |
  | 122   | 21      | 100                |
  | 123   | 21      | 100                |
  | 124   | 21      | 100                |
  | 125   | 21      | 100                |
  | 126   | 21      | 100                |
  | 127   | 21      | 100                |
  | 128   | 21      | 100                |
  | 129   | 21      | 100                |
  | 130   | 21      | 100                |
  | 131   | 21      | 100                |
  | 132   | 21      | 100                |
  | 133   | 21      | 100                |
  | 134   | 21      | 100                |
  | 135   | 21      | 29.85              |
  | 135   | 22      | 70.15              |
  | 136   | 22      | 100                |
  | 137   | 22      | 100                |
  | 138   | 22      | 100                |
  | 139   | 22      | 100                |
  | 140   | 22      | 100                |
  | 141   | 22      | 100                |
  | 142   | 22      | 100                |
  | 143   | 22      | 100                |
  | 144   | 22      | 100                |
  | 145   | 22      | 100                |
  | 146   | 22      | 100                |
  | 147   | 22      | 100                |
  | 148   | 22      | 100                |
  | 149   | 22      | 100                |
  | 150   | 22      | 100                |
  | 151   | 22      | 100                |
  | 152   | 22      | 2.78               |
  | 152   | 23      | 97.22              |
  | 153   | 23      | 100                |
  | 154   | 23      | 100                |
  | 155   | 23      | 100                |
  | 156   | 23      | 100                |
  | 157   | 23      | 100                |
  | 158   | 23      | 100                |
  | 159   | 23      | 100                |
  | 160   | 23      | 100                |
  | 161   | 23      | 100                |
  | 162   | 23      | 100                |
  | 163   | 23      | 100                |
  | 164   | 23      | 100                |
  | 165   | 23      | 100                |
  | 166   | 23      | 100                |
  | 167   | 23      | 100                |
  | 168   | 23      | 100                |
  | 169   | 23      | 100                |
  | 170   | 23      | 100                |
  | 171   | 23      | 100                |
  | 172   | 23      | 100                |
  | 173   | 23      | 100                |
  | 174   | 23      | 100                |
  | 175   | 13      | 55.56              |
  | 175   | 23      | 44.44              |
  | 176   | 13      | 100                |
  | 177   | 13      | 100                |
  | 178   | 13      | 100                |
  | 179   | 13      | 100                |
  | 180   | 13      | 100                |
  | 181   | 13      | 100                |
  | 182   | 13      | 100                |
  | 183   | 13      | 100                |
  | 184   | 13      | 100                |
  | 185   | 13      | 100                |
  | 186   | 13      | 100                |
  | 187   | 13      | 100                |
  | 188   | 13      | 100                |
  | 189   | 13      | 100                |
  | 190   | 13      | 100                |
  | 191   | 13      | 100                |
  | 192   | 13      | 100                |
  | 193   | 13      | 100                |
  | 194   | 13      | 80.70              |
  | 194   | 14      | 19.30              |
  | 195   | 3       | 100                |
  | 196   | 3       | 100                |
  | 197   | 3       | 100                |
  | 198   | 3       | 100                |
  | 199   | 3       | 100                |
  | 200   | 3       | 95.94              |
  | 200   | 4       | 4.06               |
  +-------+---------+--------------------+
