================================================================================
Model 1: vision_transformer_qkv_fusion
================================================================================


Model Overall Times:
--------------------------------------------------
  Overall Times:
    Start: 0.00 μs
    End: 216665.30 μs
    Duration: 216665.30 μs

Input Start/End Times:
--------------------------------------------------
  Input Times Table:

  +-------+--------------------+--------------------+
  | Input | Start (μs)         | End (μs)           |
  +-------+--------------------+--------------------+
  | 0     | 0.00               | 34124.80           |
  | 1     | 34124.80           | 54407.08           |
  | 2     | 54407.08           | 74689.36           |
  | 3     | 74689.36           | 94971.63           |
  | 4     | 94971.63           | 115253.91          |
  | 5     | 115253.91          | 135536.19          |
  | 6     | 135536.19          | 155818.46          |
  | 7     | 155818.46          | 176100.74          |
  | 8     | 176100.74          | 196383.02          |
  | 9     | 196383.02          | 216665.30          |
  +-------+--------------------+--------------------+

Summed Time Per Input:
--------------------------------------------------
  Summed Time Table:

  +-------+--------------------+-------------------------------+---------------------+--------------------+
  | Input | Compute (μs)       | Activation Communication (μs) | Weight Loading (μs) | Total (μs)         |
  +-------+--------------------+-------------------------------+---------------------+--------------------+
  | 0     | 15713.09           | 4569.19                       | 13842.53            | 34124.80           |
  | 1     | 15713.09           | 4569.19                       | 0.00                | 20282.28           |
  | 2     | 15713.09           | 4569.19                       | 0.00                | 20282.28           |
  | 3     | 15713.09           | 4569.19                       | 0.00                | 20282.28           |
  | 4     | 15713.09           | 4569.19                       | 0.00                | 20282.28           |
  | 5     | 15713.09           | 4569.19                       | 0.00                | 20282.28           |
  | 6     | 15713.09           | 4569.19                       | 0.00                | 20282.28           |
  | 7     | 15713.09           | 4569.19                       | 0.00                | 20282.28           |
  | 8     | 15713.09           | 4569.19                       | 0.00                | 20282.28           |
  | 9     | 15713.09           | 4569.19                       | 0.00                | 20282.28           |
  +-------+--------------------+-------------------------------+---------------------+--------------------+

Layer Latency per input:
--------------------------------------------------
  Latency Table:

  +-------+-------+----------------------+------------------------------+
  | Input | Layer | Compute Latency (μs) | Activation Comm Latency (μs) |
  +-------+-------+----------------------+------------------------------+
  | 0     | 0     | 115.61               | -1                           |
  | 0     | 1     | 348.59               | 141.84                       |
  | 0     | 2     | 29.81                | 12.12                        |
  | 0     | 3     | 26.80                | 4.76                         |
  | 0     | 4     | 116.20               | 47.28                        |
  | 0     | 5     | 263.48               | 156.35                       |
  | 0     | 6     | 464.78               | 47.28                        |
  | 0     | 7     | 329.22               | 15.76                        |
  | 0     | 8     | 29.81                | -1                           |
  | 0     | 9     | 29.81                | 47.28                        |
  | 0     | 10    | 85.11                | 43.48                        |
  | 0     | 11    | 399.04               | 324.73                       |
  | 0     | 12    | 418.40               | 45.39                        |
  | 0     | 13    | 348.59               | -1                           |
  | 0     | 14    | 29.81                | -1                           |
  | 0     | 15    | 29.81                | 47.28                        |
  | 0     | 16    | 104.47               | 45.84                        |
  | 0     | 17    | 379.67               | 175.26                       |
  | 0     | 18    | 464.78               | 47.28                        |
  | 0     | 19    | 329.22               | 15.76                        |
  | 0     | 20    | 29.81                | -1                           |
  | 0     | 21    | 29.81                | 47.28                        |
  | 0     | 22    | 85.11                | 40.95                        |
  | 0     | 23    | 399.04               | 178.41                       |
  | 0     | 24    | 464.78               | 47.28                        |
  | 0     | 25    | 329.22               | 15.76                        |
  | 0     | 26    | 29.81                | -1                           |
  | 0     | 27    | 29.81                | 47.28                        |
  | 0     | 28    | 85.11                | 43.48                        |
  | 0     | 29    | 399.04               | 178.41                       |
  | 0     | 30    | 464.78               | 47.28                        |
  | 0     | 31    | 329.22               | 15.76                        |
  | 0     | 32    | 29.81                | -1                           |
  | 0     | 33    | 29.81                | 47.28                        |
  | 0     | 34    | 85.11                | 43.48                        |
  | 0     | 35    | 399.04               | 178.41                       |
  | 0     | 36    | 464.78               | 47.28                        |
  | 0     | 37    | 329.22               | 137.90                       |
  | 0     | 38    | 29.81                | 12.12                        |
  | 0     | 39    | 20.92                | 33.17                        |
  | 0     | 40    | 116.20               | 47.28                        |
  | 0     | 41    | 267.55               | 217.73                       |
  | 0     | 42    | 286.92               | 40.04                        |
  | 0     | 43    | 348.59               | -1                           |
  | 0     | 44    | 29.81                | -1                           |
  | 0     | 45    | 29.81                | 47.28                        |
  | 0     | 46    | 104.47               | 44.89                        |
  | 0     | 47    | 379.67               | 313.59                       |
  | 0     | 48    | 399.04               | 44.60                        |
  | 0     | 49    | 348.59               | -1                           |
  | 0     | 50    | 29.81                | -1                           |
  | 0     | 51    | 29.81                | 47.28                        |
  | 0     | 52    | 104.47               | 45.84                        |
  | 0     | 53    | 379.67               | 315.90                       |
  | 0     | 54    | 418.40               | 45.39                        |
  | 0     | 55    | 348.59               | -1                           |
  | 0     | 56    | 29.81                | -1                           |
  | 0     | 57    | 29.81                | 47.28                        |
  | 0     | 58    | 104.47               | 45.84                        |
  | 0     | 59    | 379.67               | 175.26                       |
  | 0     | 60    | 464.78               | 47.28                        |
  | 0     | 61    | 329.22               | 15.76                        |
  | 0     | 62    | 29.81                | -1                           |
  | 0     | 63    | 29.81                | 47.28                        |
  | 0     | 64    | 85.11                | 43.48                        |
  | 0     | 65    | 399.04               | 178.41                       |
  | 0     | 66    | 464.78               | 47.28                        |
  | 0     | 67    | 329.22               | 15.76                        |
  | 0     | 68    | 29.81                | -1                           |
  | 0     | 69    | 29.81                | 47.28                        |
  | 0     | 70    | 85.11                | 43.48                        |
  | 0     | 71    | 399.04               | 178.41                       |
  | 0     | 72    | 464.78               | 47.28                        |
  | 0     | 73    | 0.67                 | -1                           |
  | 1     | 0     | 115.61               | -1                           |
  | 1     | 1     | 348.59               | 141.84                       |
  | 1     | 2     | 29.81                | 12.12                        |
  | 1     | 3     | 26.80                | 4.76                         |
  | 1     | 4     | 116.20               | 47.28                        |
  | 1     | 5     | 263.48               | 156.35                       |
  | 1     | 6     | 464.78               | 47.28                        |
  | 1     | 7     | 329.22               | 15.76                        |
  | 1     | 8     | 29.81                | -1                           |
  | 1     | 9     | 29.81                | 47.28                        |
  | 1     | 10    | 85.11                | 43.48                        |
  | 1     | 11    | 399.04               | 324.73                       |
  | 1     | 12    | 418.40               | 45.39                        |
  | 1     | 13    | 348.59               | -1                           |
  | 1     | 14    | 29.81                | -1                           |
  | 1     | 15    | 29.81                | 47.28                        |
  | 1     | 16    | 104.47               | 45.84                        |
  | 1     | 17    | 379.67               | 175.26                       |
  | 1     | 18    | 464.78               | 47.28                        |
  | 1     | 19    | 329.22               | 15.76                        |
  | 1     | 20    | 29.81                | -1                           |
  | 1     | 21    | 29.81                | 47.28                        |
  | 1     | 22    | 85.11                | 40.95                        |
  | 1     | 23    | 399.04               | 178.41                       |
  | 1     | 24    | 464.78               | 47.28                        |
  | 1     | 25    | 329.22               | 15.76                        |
  | 1     | 26    | 29.81                | -1                           |
  | 1     | 27    | 29.81                | 47.28                        |
  | 1     | 28    | 85.11                | 43.48                        |
  | 1     | 29    | 399.04               | 178.41                       |
  | 1     | 30    | 464.78               | 47.28                        |
  | 1     | 31    | 329.22               | 15.76                        |
  | 1     | 32    | 29.81                | -1                           |
  | 1     | 33    | 29.81                | 47.28                        |
  | 1     | 34    | 85.11                | 43.48                        |
  | 1     | 35    | 399.04               | 178.41                       |
  | 1     | 36    | 464.78               | 47.28                        |
  | 1     | 37    | 329.22               | 137.90                       |
  | 1     | 38    | 29.81                | 12.12                        |
  | 1     | 39    | 20.92                | 33.17                        |
  | 1     | 40    | 116.20               | 47.28                        |
  | 1     | 41    | 267.55               | 217.73                       |
  | 1     | 42    | 286.92               | 40.04                        |
  | 1     | 43    | 348.59               | -1                           |
  | 1     | 44    | 29.81                | -1                           |
  | 1     | 45    | 29.81                | 47.28                        |
  | 1     | 46    | 104.47               | 44.89                        |
  | 1     | 47    | 379.67               | 313.59                       |
  | 1     | 48    | 399.04               | 44.60                        |
  | 1     | 49    | 348.59               | -1                           |
  | 1     | 50    | 29.81                | -1                           |
  | 1     | 51    | 29.81                | 47.28                        |
  | 1     | 52    | 104.47               | 45.84                        |
  | 1     | 53    | 379.67               | 315.90                       |
  | 1     | 54    | 418.40               | 45.39                        |
  | 1     | 55    | 348.59               | -1                           |
  | 1     | 56    | 29.81                | -1                           |
  | 1     | 57    | 29.81                | 47.28                        |
  | 1     | 58    | 104.47               | 45.84                        |
  | 1     | 59    | 379.67               | 175.26                       |
  | 1     | 60    | 464.78               | 47.28                        |
  | 1     | 61    | 329.22               | 15.76                        |
  | 1     | 62    | 29.81                | -1                           |
  | 1     | 63    | 29.81                | 47.28                        |
  | 1     | 64    | 85.11                | 43.48                        |
  | 1     | 65    | 399.04               | 178.41                       |
  | 1     | 66    | 464.78               | 47.28                        |
  | 1     | 67    | 329.22               | 15.76                        |
  | 1     | 68    | 29.81                | -1                           |
  | 1     | 69    | 29.81                | 47.28                        |
  | 1     | 70    | 85.11                | 43.48                        |
  | 1     | 71    | 399.04               | 178.41                       |
  | 1     | 72    | 464.78               | 47.28                        |
  | 1     | 73    | 0.67                 | -1                           |
  | 2     | 0     | 115.61               | -1                           |
  | 2     | 1     | 348.59               | 141.84                       |
  | 2     | 2     | 29.81                | 12.12                        |
  | 2     | 3     | 26.80                | 4.76                         |
  | 2     | 4     | 116.20               | 47.28                        |
  | 2     | 5     | 263.48               | 156.35                       |
  | 2     | 6     | 464.78               | 47.28                        |
  | 2     | 7     | 329.22               | 15.76                        |
  | 2     | 8     | 29.81                | -1                           |
  | 2     | 9     | 29.81                | 47.28                        |
  | 2     | 10    | 85.11                | 43.48                        |
  | 2     | 11    | 399.04               | 324.73                       |
  | 2     | 12    | 418.40               | 45.39                        |
  | 2     | 13    | 348.59               | -1                           |
  | 2     | 14    | 29.81                | -1                           |
  | 2     | 15    | 29.81                | 47.28                        |
  | 2     | 16    | 104.47               | 45.84                        |
  | 2     | 17    | 379.67               | 175.26                       |
  | 2     | 18    | 464.78               | 47.28                        |
  | 2     | 19    | 329.22               | 15.76                        |
  | 2     | 20    | 29.81                | -1                           |
  | 2     | 21    | 29.81                | 47.28                        |
  | 2     | 22    | 85.11                | 40.95                        |
  | 2     | 23    | 399.04               | 178.41                       |
  | 2     | 24    | 464.78               | 47.28                        |
  | 2     | 25    | 329.22               | 15.76                        |
  | 2     | 26    | 29.81                | -1                           |
  | 2     | 27    | 29.81                | 47.28                        |
  | 2     | 28    | 85.11                | 43.48                        |
  | 2     | 29    | 399.04               | 178.41                       |
  | 2     | 30    | 464.78               | 47.28                        |
  | 2     | 31    | 329.22               | 15.76                        |
  | 2     | 32    | 29.81                | -1                           |
  | 2     | 33    | 29.81                | 47.28                        |
  | 2     | 34    | 85.11                | 43.48                        |
  | 2     | 35    | 399.04               | 178.41                       |
  | 2     | 36    | 464.78               | 47.28                        |
  | 2     | 37    | 329.22               | 137.90                       |
  | 2     | 38    | 29.81                | 12.12                        |
  | 2     | 39    | 20.92                | 33.17                        |
  | 2     | 40    | 116.20               | 47.28                        |
  | 2     | 41    | 267.55               | 217.73                       |
  | 2     | 42    | 286.92               | 40.04                        |
  | 2     | 43    | 348.59               | -1                           |
  | 2     | 44    | 29.81                | -1                           |
  | 2     | 45    | 29.81                | 47.28                        |
  | 2     | 46    | 104.47               | 44.89                        |
  | 2     | 47    | 379.67               | 313.59                       |
  | 2     | 48    | 399.04               | 44.60                        |
  | 2     | 49    | 348.59               | -1                           |
  | 2     | 50    | 29.81                | -1                           |
  | 2     | 51    | 29.81                | 47.28                        |
  | 2     | 52    | 104.47               | 45.84                        |
  | 2     | 53    | 379.67               | 315.90                       |
  | 2     | 54    | 418.40               | 45.39                        |
  | 2     | 55    | 348.59               | -1                           |
  | 2     | 56    | 29.81                | -1                           |
  | 2     | 57    | 29.81                | 47.28                        |
  | 2     | 58    | 104.47               | 45.84                        |
  | 2     | 59    | 379.67               | 175.26                       |
  | 2     | 60    | 464.78               | 47.28                        |
  | 2     | 61    | 329.22               | 15.76                        |
  | 2     | 62    | 29.81                | -1                           |
  | 2     | 63    | 29.81                | 47.28                        |
  | 2     | 64    | 85.11                | 43.48                        |
  | 2     | 65    | 399.04               | 178.41                       |
  | 2     | 66    | 464.78               | 47.28                        |
  | 2     | 67    | 329.22               | 15.76                        |
  | 2     | 68    | 29.81                | -1                           |
  | 2     | 69    | 29.81                | 47.28                        |
  | 2     | 70    | 85.11                | 43.48                        |
  | 2     | 71    | 399.04               | 178.41                       |
  | 2     | 72    | 464.78               | 47.28                        |
  | 2     | 73    | 0.67                 | -1                           |
  | 3     | 0     | 115.61               | -1                           |
  | 3     | 1     | 348.59               | 141.84                       |
  | 3     | 2     | 29.81                | 12.12                        |
  | 3     | 3     | 26.80                | 4.76                         |
  | 3     | 4     | 116.20               | 47.28                        |
  | 3     | 5     | 263.48               | 156.35                       |
  | 3     | 6     | 464.78               | 47.28                        |
  | 3     | 7     | 329.22               | 15.76                        |
  | 3     | 8     | 29.81                | -1                           |
  | 3     | 9     | 29.81                | 47.28                        |
  | 3     | 10    | 85.11                | 43.48                        |
  | 3     | 11    | 399.04               | 324.73                       |
  | 3     | 12    | 418.40               | 45.39                        |
  | 3     | 13    | 348.59               | -1                           |
  | 3     | 14    | 29.81                | -1                           |
  | 3     | 15    | 29.81                | 47.28                        |
  | 3     | 16    | 104.47               | 45.84                        |
  | 3     | 17    | 379.67               | 175.26                       |
  | 3     | 18    | 464.78               | 47.28                        |
  | 3     | 19    | 329.22               | 15.76                        |
  | 3     | 20    | 29.81                | -1                           |
  | 3     | 21    | 29.81                | 47.28                        |
  | 3     | 22    | 85.11                | 40.95                        |
  | 3     | 23    | 399.04               | 178.41                       |
  | 3     | 24    | 464.78               | 47.28                        |
  | 3     | 25    | 329.22               | 15.76                        |
  | 3     | 26    | 29.81                | -1                           |
  | 3     | 27    | 29.81                | 47.28                        |
  | 3     | 28    | 85.11                | 43.48                        |
  | 3     | 29    | 399.04               | 178.41                       |
  | 3     | 30    | 464.78               | 47.28                        |
  | 3     | 31    | 329.22               | 15.76                        |
  | 3     | 32    | 29.81                | -1                           |
  | 3     | 33    | 29.81                | 47.28                        |
  | 3     | 34    | 85.11                | 43.48                        |
  | 3     | 35    | 399.04               | 178.41                       |
  | 3     | 36    | 464.78               | 47.28                        |
  | 3     | 37    | 329.22               | 137.90                       |
  | 3     | 38    | 29.81                | 12.12                        |
  | 3     | 39    | 20.92                | 33.17                        |
  | 3     | 40    | 116.20               | 47.28                        |
  | 3     | 41    | 267.55               | 217.73                       |
  | 3     | 42    | 286.92               | 40.04                        |
  | 3     | 43    | 348.59               | -1                           |
  | 3     | 44    | 29.81                | -1                           |
  | 3     | 45    | 29.81                | 47.28                        |
  | 3     | 46    | 104.47               | 44.89                        |
  | 3     | 47    | 379.67               | 313.59                       |
  | 3     | 48    | 399.04               | 44.60                        |
  | 3     | 49    | 348.59               | -1                           |
  | 3     | 50    | 29.81                | -1                           |
  | 3     | 51    | 29.81                | 47.28                        |
  | 3     | 52    | 104.47               | 45.84                        |
  | 3     | 53    | 379.67               | 315.90                       |
  | 3     | 54    | 418.40               | 45.39                        |
  | 3     | 55    | 348.59               | -1                           |
  | 3     | 56    | 29.81                | -1                           |
  | 3     | 57    | 29.81                | 47.28                        |
  | 3     | 58    | 104.47               | 45.84                        |
  | 3     | 59    | 379.67               | 175.26                       |
  | 3     | 60    | 464.78               | 47.28                        |
  | 3     | 61    | 329.22               | 15.76                        |
  | 3     | 62    | 29.81                | -1                           |
  | 3     | 63    | 29.81                | 47.28                        |
  | 3     | 64    | 85.11                | 43.48                        |
  | 3     | 65    | 399.04               | 178.41                       |
  | 3     | 66    | 464.78               | 47.28                        |
  | 3     | 67    | 329.22               | 15.76                        |
  | 3     | 68    | 29.81                | -1                           |
  | 3     | 69    | 29.81                | 47.28                        |
  | 3     | 70    | 85.11                | 43.48                        |
  | 3     | 71    | 399.04               | 178.41                       |
  | 3     | 72    | 464.78               | 47.28                        |
  | 3     | 73    | 0.67                 | -1                           |
  | 4     | 0     | 115.61               | -1                           |
  | 4     | 1     | 348.59               | 141.84                       |
  | 4     | 2     | 29.81                | 12.12                        |
  | 4     | 3     | 26.80                | 4.76                         |
  | 4     | 4     | 116.20               | 47.28                        |
  | 4     | 5     | 263.48               | 156.35                       |
  | 4     | 6     | 464.78               | 47.28                        |
  | 4     | 7     | 329.22               | 15.76                        |
  | 4     | 8     | 29.81                | -1                           |
  | 4     | 9     | 29.81                | 47.28                        |
  | 4     | 10    | 85.11                | 43.48                        |
  | 4     | 11    | 399.04               | 324.73                       |
  | 4     | 12    | 418.40               | 45.39                        |
  | 4     | 13    | 348.59               | -1                           |
  | 4     | 14    | 29.81                | -1                           |
  | 4     | 15    | 29.81                | 47.28                        |
  | 4     | 16    | 104.47               | 45.84                        |
  | 4     | 17    | 379.67               | 175.26                       |
  | 4     | 18    | 464.78               | 47.28                        |
  | 4     | 19    | 329.22               | 15.76                        |
  | 4     | 20    | 29.81                | -1                           |
  | 4     | 21    | 29.81                | 47.28                        |
  | 4     | 22    | 85.11                | 40.95                        |
  | 4     | 23    | 399.04               | 178.41                       |
  | 4     | 24    | 464.78               | 47.28                        |
  | 4     | 25    | 329.22               | 15.76                        |
  | 4     | 26    | 29.81                | -1                           |
  | 4     | 27    | 29.81                | 47.28                        |
  | 4     | 28    | 85.11                | 43.48                        |
  | 4     | 29    | 399.04               | 178.41                       |
  | 4     | 30    | 464.78               | 47.28                        |
  | 4     | 31    | 329.22               | 15.76                        |
  | 4     | 32    | 29.81                | -1                           |
  | 4     | 33    | 29.81                | 47.28                        |
  | 4     | 34    | 85.11                | 43.48                        |
  | 4     | 35    | 399.04               | 178.41                       |
  | 4     | 36    | 464.78               | 47.28                        |
  | 4     | 37    | 329.22               | 137.90                       |
  | 4     | 38    | 29.81                | 12.12                        |
  | 4     | 39    | 20.92                | 33.17                        |
  | 4     | 40    | 116.20               | 47.28                        |
  | 4     | 41    | 267.55               | 217.73                       |
  | 4     | 42    | 286.92               | 40.04                        |
  | 4     | 43    | 348.59               | -1                           |
  | 4     | 44    | 29.81                | -1                           |
  | 4     | 45    | 29.81                | 47.28                        |
  | 4     | 46    | 104.47               | 44.89                        |
  | 4     | 47    | 379.67               | 313.59                       |
  | 4     | 48    | 399.04               | 44.60                        |
  | 4     | 49    | 348.59               | -1                           |
  | 4     | 50    | 29.81                | -1                           |
  | 4     | 51    | 29.81                | 47.28                        |
  | 4     | 52    | 104.47               | 45.84                        |
  | 4     | 53    | 379.67               | 315.90                       |
  | 4     | 54    | 418.40               | 45.39                        |
  | 4     | 55    | 348.59               | -1                           |
  | 4     | 56    | 29.81                | -1                           |
  | 4     | 57    | 29.81                | 47.28                        |
  | 4     | 58    | 104.47               | 45.84                        |
  | 4     | 59    | 379.67               | 175.26                       |
  | 4     | 60    | 464.78               | 47.28                        |
  | 4     | 61    | 329.22               | 15.76                        |
  | 4     | 62    | 29.81                | -1                           |
  | 4     | 63    | 29.81                | 47.28                        |
  | 4     | 64    | 85.11                | 43.48                        |
  | 4     | 65    | 399.04               | 178.41                       |
  | 4     | 66    | 464.78               | 47.28                        |
  | 4     | 67    | 329.22               | 15.76                        |
  | 4     | 68    | 29.81                | -1                           |
  | 4     | 69    | 29.81                | 47.28                        |
  | 4     | 70    | 85.11                | 43.48                        |
  | 4     | 71    | 399.04               | 178.41                       |
  | 4     | 72    | 464.78               | 47.28                        |
  | 4     | 73    | 0.67                 | -1                           |
  | 5     | 0     | 115.61               | -1                           |
  | 5     | 1     | 348.59               | 141.84                       |
  | 5     | 2     | 29.81                | 12.12                        |
  | 5     | 3     | 26.80                | 4.76                         |
  | 5     | 4     | 116.20               | 47.28                        |
  | 5     | 5     | 263.48               | 156.35                       |
  | 5     | 6     | 464.78               | 47.28                        |
  | 5     | 7     | 329.22               | 15.76                        |
  | 5     | 8     | 29.81                | -1                           |
  | 5     | 9     | 29.81                | 47.28                        |
  | 5     | 10    | 85.11                | 43.48                        |
  | 5     | 11    | 399.04               | 324.73                       |
  | 5     | 12    | 418.40               | 45.39                        |
  | 5     | 13    | 348.59               | -1                           |
  | 5     | 14    | 29.81                | -1                           |
  | 5     | 15    | 29.81                | 47.28                        |
  | 5     | 16    | 104.47               | 45.84                        |
  | 5     | 17    | 379.67               | 175.26                       |
  | 5     | 18    | 464.78               | 47.28                        |
  | 5     | 19    | 329.22               | 15.76                        |
  | 5     | 20    | 29.81                | -1                           |
  | 5     | 21    | 29.81                | 47.28                        |
  | 5     | 22    | 85.11                | 40.95                        |
  | 5     | 23    | 399.04               | 178.41                       |
  | 5     | 24    | 464.78               | 47.28                        |
  | 5     | 25    | 329.22               | 15.76                        |
  | 5     | 26    | 29.81                | -1                           |
  | 5     | 27    | 29.81                | 47.28                        |
  | 5     | 28    | 85.11                | 43.48                        |
  | 5     | 29    | 399.04               | 178.41                       |
  | 5     | 30    | 464.78               | 47.28                        |
  | 5     | 31    | 329.22               | 15.76                        |
  | 5     | 32    | 29.81                | -1                           |
  | 5     | 33    | 29.81                | 47.28                        |
  | 5     | 34    | 85.11                | 43.48                        |
  | 5     | 35    | 399.04               | 178.41                       |
  | 5     | 36    | 464.78               | 47.28                        |
  | 5     | 37    | 329.22               | 137.90                       |
  | 5     | 38    | 29.81                | 12.12                        |
  | 5     | 39    | 20.92                | 33.17                        |
  | 5     | 40    | 116.20               | 47.28                        |
  | 5     | 41    | 267.55               | 217.73                       |
  | 5     | 42    | 286.92               | 40.04                        |
  | 5     | 43    | 348.59               | -1                           |
  | 5     | 44    | 29.81                | -1                           |
  | 5     | 45    | 29.81                | 47.28                        |
  | 5     | 46    | 104.47               | 44.89                        |
  | 5     | 47    | 379.67               | 313.59                       |
  | 5     | 48    | 399.04               | 44.60                        |
  | 5     | 49    | 348.59               | -1                           |
  | 5     | 50    | 29.81                | -1                           |
  | 5     | 51    | 29.81                | 47.28                        |
  | 5     | 52    | 104.47               | 45.84                        |
  | 5     | 53    | 379.67               | 315.90                       |
  | 5     | 54    | 418.40               | 45.39                        |
  | 5     | 55    | 348.59               | -1                           |
  | 5     | 56    | 29.81                | -1                           |
  | 5     | 57    | 29.81                | 47.28                        |
  | 5     | 58    | 104.47               | 45.84                        |
  | 5     | 59    | 379.67               | 175.26                       |
  | 5     | 60    | 464.78               | 47.28                        |
  | 5     | 61    | 329.22               | 15.76                        |
  | 5     | 62    | 29.81                | -1                           |
  | 5     | 63    | 29.81                | 47.28                        |
  | 5     | 64    | 85.11                | 43.48                        |
  | 5     | 65    | 399.04               | 178.41                       |
  | 5     | 66    | 464.78               | 47.28                        |
  | 5     | 67    | 329.22               | 15.76                        |
  | 5     | 68    | 29.81                | -1                           |
  | 5     | 69    | 29.81                | 47.28                        |
  | 5     | 70    | 85.11                | 43.48                        |
  | 5     | 71    | 399.04               | 178.41                       |
  | 5     | 72    | 464.78               | 47.28                        |
  | 5     | 73    | 0.67                 | -1                           |
  | 6     | 0     | 115.61               | -1                           |
  | 6     | 1     | 348.59               | 141.84                       |
  | 6     | 2     | 29.81                | 12.12                        |
  | 6     | 3     | 26.80                | 4.76                         |
  | 6     | 4     | 116.20               | 47.28                        |
  | 6     | 5     | 263.48               | 156.35                       |
  | 6     | 6     | 464.78               | 47.28                        |
  | 6     | 7     | 329.22               | 15.76                        |
  | 6     | 8     | 29.81                | -1                           |
  | 6     | 9     | 29.81                | 47.28                        |
  | 6     | 10    | 85.11                | 43.48                        |
  | 6     | 11    | 399.04               | 324.73                       |
  | 6     | 12    | 418.40               | 45.39                        |
  | 6     | 13    | 348.59               | -1                           |
  | 6     | 14    | 29.81                | -1                           |
  | 6     | 15    | 29.81                | 47.28                        |
  | 6     | 16    | 104.47               | 45.84                        |
  | 6     | 17    | 379.67               | 175.26                       |
  | 6     | 18    | 464.78               | 47.28                        |
  | 6     | 19    | 329.22               | 15.76                        |
  | 6     | 20    | 29.81                | -1                           |
  | 6     | 21    | 29.81                | 47.28                        |
  | 6     | 22    | 85.11                | 40.95                        |
  | 6     | 23    | 399.04               | 178.41                       |
  | 6     | 24    | 464.78               | 47.28                        |
  | 6     | 25    | 329.22               | 15.76                        |
  | 6     | 26    | 29.81                | -1                           |
  | 6     | 27    | 29.81                | 47.28                        |
  | 6     | 28    | 85.11                | 43.48                        |
  | 6     | 29    | 399.04               | 178.41                       |
  | 6     | 30    | 464.78               | 47.28                        |
  | 6     | 31    | 329.22               | 15.76                        |
  | 6     | 32    | 29.81                | -1                           |
  | 6     | 33    | 29.81                | 47.28                        |
  | 6     | 34    | 85.11                | 43.48                        |
  | 6     | 35    | 399.04               | 178.41                       |
  | 6     | 36    | 464.78               | 47.28                        |
  | 6     | 37    | 329.22               | 137.90                       |
  | 6     | 38    | 29.81                | 12.12                        |
  | 6     | 39    | 20.92                | 33.17                        |
  | 6     | 40    | 116.20               | 47.28                        |
  | 6     | 41    | 267.55               | 217.73                       |
  | 6     | 42    | 286.92               | 40.04                        |
  | 6     | 43    | 348.59               | -1                           |
  | 6     | 44    | 29.81                | -1                           |
  | 6     | 45    | 29.81                | 47.28                        |
  | 6     | 46    | 104.47               | 44.89                        |
  | 6     | 47    | 379.67               | 313.59                       |
  | 6     | 48    | 399.04               | 44.60                        |
  | 6     | 49    | 348.59               | -1                           |
  | 6     | 50    | 29.81                | -1                           |
  | 6     | 51    | 29.81                | 47.28                        |
  | 6     | 52    | 104.47               | 45.84                        |
  | 6     | 53    | 379.67               | 315.90                       |
  | 6     | 54    | 418.40               | 45.39                        |
  | 6     | 55    | 348.59               | -1                           |
  | 6     | 56    | 29.81                | -1                           |
  | 6     | 57    | 29.81                | 47.28                        |
  | 6     | 58    | 104.47               | 45.84                        |
  | 6     | 59    | 379.67               | 175.26                       |
  | 6     | 60    | 464.78               | 47.28                        |
  | 6     | 61    | 329.22               | 15.76                        |
  | 6     | 62    | 29.81                | -1                           |
  | 6     | 63    | 29.81                | 47.28                        |
  | 6     | 64    | 85.11                | 43.48                        |
  | 6     | 65    | 399.04               | 178.41                       |
  | 6     | 66    | 464.78               | 47.28                        |
  | 6     | 67    | 329.22               | 15.76                        |
  | 6     | 68    | 29.81                | -1                           |
  | 6     | 69    | 29.81                | 47.28                        |
  | 6     | 70    | 85.11                | 43.48                        |
  | 6     | 71    | 399.04               | 178.41                       |
  | 6     | 72    | 464.78               | 47.28                        |
  | 6     | 73    | 0.67                 | -1                           |
  | 7     | 0     | 115.61               | -1                           |
  | 7     | 1     | 348.59               | 141.84                       |
  | 7     | 2     | 29.81                | 12.12                        |
  | 7     | 3     | 26.80                | 4.76                         |
  | 7     | 4     | 116.20               | 47.28                        |
  | 7     | 5     | 263.48               | 156.35                       |
  | 7     | 6     | 464.78               | 47.28                        |
  | 7     | 7     | 329.22               | 15.76                        |
  | 7     | 8     | 29.81                | -1                           |
  | 7     | 9     | 29.81                | 47.28                        |
  | 7     | 10    | 85.11                | 43.48                        |
  | 7     | 11    | 399.04               | 324.73                       |
  | 7     | 12    | 418.40               | 45.39                        |
  | 7     | 13    | 348.59               | -1                           |
  | 7     | 14    | 29.81                | -1                           |
  | 7     | 15    | 29.81                | 47.28                        |
  | 7     | 16    | 104.47               | 45.84                        |
  | 7     | 17    | 379.67               | 175.26                       |
  | 7     | 18    | 464.78               | 47.28                        |
  | 7     | 19    | 329.22               | 15.76                        |
  | 7     | 20    | 29.81                | -1                           |
  | 7     | 21    | 29.81                | 47.28                        |
  | 7     | 22    | 85.11                | 40.95                        |
  | 7     | 23    | 399.04               | 178.41                       |
  | 7     | 24    | 464.78               | 47.28                        |
  | 7     | 25    | 329.22               | 15.76                        |
  | 7     | 26    | 29.81                | -1                           |
  | 7     | 27    | 29.81                | 47.28                        |
  | 7     | 28    | 85.11                | 43.48                        |
  | 7     | 29    | 399.04               | 178.41                       |
  | 7     | 30    | 464.78               | 47.28                        |
  | 7     | 31    | 329.22               | 15.76                        |
  | 7     | 32    | 29.81                | -1                           |
  | 7     | 33    | 29.81                | 47.28                        |
  | 7     | 34    | 85.11                | 43.48                        |
  | 7     | 35    | 399.04               | 178.41                       |
  | 7     | 36    | 464.78               | 47.28                        |
  | 7     | 37    | 329.22               | 137.90                       |
  | 7     | 38    | 29.81                | 12.12                        |
  | 7     | 39    | 20.92                | 33.17                        |
  | 7     | 40    | 116.20               | 47.28                        |
  | 7     | 41    | 267.55               | 217.73                       |
  | 7     | 42    | 286.92               | 40.04                        |
  | 7     | 43    | 348.59               | -1                           |
  | 7     | 44    | 29.81                | -1                           |
  | 7     | 45    | 29.81                | 47.28                        |
  | 7     | 46    | 104.47               | 44.89                        |
  | 7     | 47    | 379.67               | 313.59                       |
  | 7     | 48    | 399.04               | 44.60                        |
  | 7     | 49    | 348.59               | -1                           |
  | 7     | 50    | 29.81                | -1                           |
  | 7     | 51    | 29.81                | 47.28                        |
  | 7     | 52    | 104.47               | 45.84                        |
  | 7     | 53    | 379.67               | 315.90                       |
  | 7     | 54    | 418.40               | 45.39                        |
  | 7     | 55    | 348.59               | -1                           |
  | 7     | 56    | 29.81                | -1                           |
  | 7     | 57    | 29.81                | 47.28                        |
  | 7     | 58    | 104.47               | 45.84                        |
  | 7     | 59    | 379.67               | 175.26                       |
  | 7     | 60    | 464.78               | 47.28                        |
  | 7     | 61    | 329.22               | 15.76                        |
  | 7     | 62    | 29.81                | -1                           |
  | 7     | 63    | 29.81                | 47.28                        |
  | 7     | 64    | 85.11                | 43.48                        |
  | 7     | 65    | 399.04               | 178.41                       |
  | 7     | 66    | 464.78               | 47.28                        |
  | 7     | 67    | 329.22               | 15.76                        |
  | 7     | 68    | 29.81                | -1                           |
  | 7     | 69    | 29.81                | 47.28                        |
  | 7     | 70    | 85.11                | 43.48                        |
  | 7     | 71    | 399.04               | 178.41                       |
  | 7     | 72    | 464.78               | 47.28                        |
  | 7     | 73    | 0.67                 | -1                           |
  | 8     | 0     | 115.61               | -1                           |
  | 8     | 1     | 348.59               | 141.84                       |
  | 8     | 2     | 29.81                | 12.12                        |
  | 8     | 3     | 26.80                | 4.76                         |
  | 8     | 4     | 116.20               | 47.28                        |
  | 8     | 5     | 263.48               | 156.35                       |
  | 8     | 6     | 464.78               | 47.28                        |
  | 8     | 7     | 329.22               | 15.76                        |
  | 8     | 8     | 29.81                | -1                           |
  | 8     | 9     | 29.81                | 47.28                        |
  | 8     | 10    | 85.11                | 43.48                        |
  | 8     | 11    | 399.04               | 324.73                       |
  | 8     | 12    | 418.40               | 45.39                        |
  | 8     | 13    | 348.59               | -1                           |
  | 8     | 14    | 29.81                | -1                           |
  | 8     | 15    | 29.81                | 47.28                        |
  | 8     | 16    | 104.47               | 45.84                        |
  | 8     | 17    | 379.67               | 175.26                       |
  | 8     | 18    | 464.78               | 47.28                        |
  | 8     | 19    | 329.22               | 15.76                        |
  | 8     | 20    | 29.81                | -1                           |
  | 8     | 21    | 29.81                | 47.28                        |
  | 8     | 22    | 85.11                | 40.95                        |
  | 8     | 23    | 399.04               | 178.41                       |
  | 8     | 24    | 464.78               | 47.28                        |
  | 8     | 25    | 329.22               | 15.76                        |
  | 8     | 26    | 29.81                | -1                           |
  | 8     | 27    | 29.81                | 47.28                        |
  | 8     | 28    | 85.11                | 43.48                        |
  | 8     | 29    | 399.04               | 178.41                       |
  | 8     | 30    | 464.78               | 47.28                        |
  | 8     | 31    | 329.22               | 15.76                        |
  | 8     | 32    | 29.81                | -1                           |
  | 8     | 33    | 29.81                | 47.28                        |
  | 8     | 34    | 85.11                | 43.48                        |
  | 8     | 35    | 399.04               | 178.41                       |
  | 8     | 36    | 464.78               | 47.28                        |
  | 8     | 37    | 329.22               | 137.90                       |
  | 8     | 38    | 29.81                | 12.12                        |
  | 8     | 39    | 20.92                | 33.17                        |
  | 8     | 40    | 116.20               | 47.28                        |
  | 8     | 41    | 267.55               | 217.73                       |
  | 8     | 42    | 286.92               | 40.04                        |
  | 8     | 43    | 348.59               | -1                           |
  | 8     | 44    | 29.81                | -1                           |
  | 8     | 45    | 29.81                | 47.28                        |
  | 8     | 46    | 104.47               | 44.89                        |
  | 8     | 47    | 379.67               | 313.59                       |
  | 8     | 48    | 399.04               | 44.60                        |
  | 8     | 49    | 348.59               | -1                           |
  | 8     | 50    | 29.81                | -1                           |
  | 8     | 51    | 29.81                | 47.28                        |
  | 8     | 52    | 104.47               | 45.84                        |
  | 8     | 53    | 379.67               | 315.90                       |
  | 8     | 54    | 418.40               | 45.39                        |
  | 8     | 55    | 348.59               | -1                           |
  | 8     | 56    | 29.81                | -1                           |
  | 8     | 57    | 29.81                | 47.28                        |
  | 8     | 58    | 104.47               | 45.84                        |
  | 8     | 59    | 379.67               | 175.26                       |
  | 8     | 60    | 464.78               | 47.28                        |
  | 8     | 61    | 329.22               | 15.76                        |
  | 8     | 62    | 29.81                | -1                           |
  | 8     | 63    | 29.81                | 47.28                        |
  | 8     | 64    | 85.11                | 43.48                        |
  | 8     | 65    | 399.04               | 178.41                       |
  | 8     | 66    | 464.78               | 47.28                        |
  | 8     | 67    | 329.22               | 15.76                        |
  | 8     | 68    | 29.81                | -1                           |
  | 8     | 69    | 29.81                | 47.28                        |
  | 8     | 70    | 85.11                | 43.48                        |
  | 8     | 71    | 399.04               | 178.41                       |
  | 8     | 72    | 464.78               | 47.28                        |
  | 8     | 73    | 0.67                 | -1                           |
  | 9     | 0     | 115.61               | -1                           |
  | 9     | 1     | 348.59               | 141.84                       |
  | 9     | 2     | 29.81                | 12.12                        |
  | 9     | 3     | 26.80                | 4.76                         |
  | 9     | 4     | 116.20               | 47.28                        |
  | 9     | 5     | 263.48               | 156.35                       |
  | 9     | 6     | 464.78               | 47.28                        |
  | 9     | 7     | 329.22               | 15.76                        |
  | 9     | 8     | 29.81                | -1                           |
  | 9     | 9     | 29.81                | 47.28                        |
  | 9     | 10    | 85.11                | 43.48                        |
  | 9     | 11    | 399.04               | 324.73                       |
  | 9     | 12    | 418.40               | 45.39                        |
  | 9     | 13    | 348.59               | -1                           |
  | 9     | 14    | 29.81                | -1                           |
  | 9     | 15    | 29.81                | 47.28                        |
  | 9     | 16    | 104.47               | 45.84                        |
  | 9     | 17    | 379.67               | 175.26                       |
  | 9     | 18    | 464.78               | 47.28                        |
  | 9     | 19    | 329.22               | 15.76                        |
  | 9     | 20    | 29.81                | -1                           |
  | 9     | 21    | 29.81                | 47.28                        |
  | 9     | 22    | 85.11                | 40.95                        |
  | 9     | 23    | 399.04               | 178.41                       |
  | 9     | 24    | 464.78               | 47.28                        |
  | 9     | 25    | 329.22               | 15.76                        |
  | 9     | 26    | 29.81                | -1                           |
  | 9     | 27    | 29.81                | 47.28                        |
  | 9     | 28    | 85.11                | 43.48                        |
  | 9     | 29    | 399.04               | 178.41                       |
  | 9     | 30    | 464.78               | 47.28                        |
  | 9     | 31    | 329.22               | 15.76                        |
  | 9     | 32    | 29.81                | -1                           |
  | 9     | 33    | 29.81                | 47.28                        |
  | 9     | 34    | 85.11                | 43.48                        |
  | 9     | 35    | 399.04               | 178.41                       |
  | 9     | 36    | 464.78               | 47.28                        |
  | 9     | 37    | 329.22               | 137.90                       |
  | 9     | 38    | 29.81                | 12.12                        |
  | 9     | 39    | 20.92                | 33.17                        |
  | 9     | 40    | 116.20               | 47.28                        |
  | 9     | 41    | 267.55               | 217.73                       |
  | 9     | 42    | 286.92               | 40.04                        |
  | 9     | 43    | 348.59               | -1                           |
  | 9     | 44    | 29.81                | -1                           |
  | 9     | 45    | 29.81                | 47.28                        |
  | 9     | 46    | 104.47               | 44.89                        |
  | 9     | 47    | 379.67               | 313.59                       |
  | 9     | 48    | 399.04               | 44.60                        |
  | 9     | 49    | 348.59               | -1                           |
  | 9     | 50    | 29.81                | -1                           |
  | 9     | 51    | 29.81                | 47.28                        |
  | 9     | 52    | 104.47               | 45.84                        |
  | 9     | 53    | 379.67               | 315.90                       |
  | 9     | 54    | 418.40               | 45.39                        |
  | 9     | 55    | 348.59               | -1                           |
  | 9     | 56    | 29.81                | -1                           |
  | 9     | 57    | 29.81                | 47.28                        |
  | 9     | 58    | 104.47               | 45.84                        |
  | 9     | 59    | 379.67               | 175.26                       |
  | 9     | 60    | 464.78               | 47.28                        |
  | 9     | 61    | 329.22               | 15.76                        |
  | 9     | 62    | 29.81                | -1                           |
  | 9     | 63    | 29.81                | 47.28                        |
  | 9     | 64    | 85.11                | 43.48                        |
  | 9     | 65    | 399.04               | 178.41                       |
  | 9     | 66    | 464.78               | 47.28                        |
  | 9     | 67    | 329.22               | 15.76                        |
  | 9     | 68    | 29.81                | -1                           |
  | 9     | 69    | 29.81                | 47.28                        |
  | 9     | 70    | 85.11                | 43.48                        |
  | 9     | 71    | 399.04               | 178.41                       |
  | 9     | 72    | 464.78               | 47.28                        |
  | 9     | 73    | 0.67                 | -1                           |
  +-------+-------+----------------------+------------------------------+

Phase Execution Schedule:
--------------------------------------------------
  Phase Schedule Table:

  +-------+----------+--------------------------+-------------------------------------------------------------------------------------------------------------------------------------------------------------------------------------------------------------------------------------------------------------------------------------------------------+--------------------+--------------------+--------------------+
  | Input | Phase ID | Type                     | Description                                                                                                                                                                                                                                                                                           | Start (μs)         | Duration (μs)      | Completion (μs)    |
  +-------+----------+--------------------------+-------------------------------------------------------------------------------------------------------------------------------------------------------------------------------------------------------------------------------------------------------------------------------------------------------+--------------------+--------------------+--------------------+
  | 0     | 147      | Weight Loading           | Layers [0, 1, 2, 3, 4, 5, 6, 7, 8, 9, 10, 11, 12, 13, 14, 15, 16, 17, 18, 19, 20, 21, 22, 23, 24, 25, 26, 27, 28, 29, 30, 31, 32, 33, 34, 35, 36, 37, 38, 39, 40, 41, 42, 43, 44, 45, 46, 47, 48, 49, 50, 51, 52, 53, 54, 55, 56, 57, 58, 59, 60, 61, 62, 63, 64, 65, 66, 67, 68, 69, 70, 71, 72, 73] | 0.00               | 13842.53           | 13842.53           |
  | 0     | 0        | Compute                  | Layer 0                                                                                                                                                                                                                                                                                               | 13842.53           | 115.61             | 13958.13           |
  | 0     | 1        | Activation Communication | Layer 0                                                                                                                                                                                                                                                                                               | 13958.13           | 0                  | 13958.13           |
  | 0     | 2        | Compute                  | Layer 1                                                                                                                                                                                                                                                                                               | 13958.13           | 348.59             | 14306.72           |
  | 0     | 3        | Activation Communication | Layer 1                                                                                                                                                                                                                                                                                               | 14306.72           | 141.84             | 14448.56           |
  | 0     | 4        | Compute                  | Layer 2                                                                                                                                                                                                                                                                                               | 14448.56           | 29.81              | 14478.36           |
  | 0     | 5        | Activation Communication | Layer 2                                                                                                                                                                                                                                                                                               | 14478.36           | 12.12              | 14490.49           |
  | 0     | 6        | Compute                  | Layer 3                                                                                                                                                                                                                                                                                               | 14490.49           | 26.80              | 14517.29           |
  | 0     | 7        | Activation Communication | Layer 3                                                                                                                                                                                                                                                                                               | 14517.29           | 4.76               | 14522.05           |
  | 0     | 8        | Compute                  | Layer 4                                                                                                                                                                                                                                                                                               | 14522.05           | 116.20             | 14638.25           |
  | 0     | 9        | Activation Communication | Layer 4                                                                                                                                                                                                                                                                                               | 14638.25           | 47.28              | 14685.53           |
  | 0     | 10       | Compute                  | Layer 5                                                                                                                                                                                                                                                                                               | 14685.53           | 263.48             | 14949.00           |
  | 0     | 11       | Activation Communication | Layer 5                                                                                                                                                                                                                                                                                               | 14949.00           | 156.35             | 15105.36           |
  | 0     | 12       | Compute                  | Layer 6                                                                                                                                                                                                                                                                                               | 15105.36           | 464.78             | 15570.14           |
  | 0     | 13       | Activation Communication | Layer 6                                                                                                                                                                                                                                                                                               | 15570.14           | 47.28              | 15617.42           |
  | 0     | 14       | Compute                  | Layer 7                                                                                                                                                                                                                                                                                               | 15617.42           | 329.22             | 15946.64           |
  | 0     | 15       | Activation Communication | Layer 7                                                                                                                                                                                                                                                                                               | 15946.64           | 15.76              | 15962.40           |
  | 0     | 16       | Compute                  | Layer 8                                                                                                                                                                                                                                                                                               | 15962.40           | 29.81              | 15992.20           |
  | 0     | 17       | Activation Communication | Layer 8                                                                                                                                                                                                                                                                                               | 15992.20           | 0                  | 15992.20           |
  | 0     | 18       | Compute                  | Layer 9                                                                                                                                                                                                                                                                                               | 15992.20           | 29.81              | 16022.01           |
  | 0     | 19       | Activation Communication | Layer 9                                                                                                                                                                                                                                                                                               | 16022.01           | 47.28              | 16069.29           |
  | 0     | 20       | Compute                  | Layer 10                                                                                                                                                                                                                                                                                              | 16069.29           | 85.11              | 16154.40           |
  | 0     | 21       | Activation Communication | Layer 10                                                                                                                                                                                                                                                                                              | 16154.40           | 43.48              | 16197.88           |
  | 0     | 22       | Compute                  | Layer 11                                                                                                                                                                                                                                                                                              | 16197.88           | 399.04             | 16596.92           |
  | 0     | 23       | Activation Communication | Layer 11                                                                                                                                                                                                                                                                                              | 16596.92           | 324.73             | 16921.65           |
  | 0     | 24       | Compute                  | Layer 12                                                                                                                                                                                                                                                                                              | 16921.65           | 418.40             | 17340.05           |
  | 0     | 25       | Activation Communication | Layer 12                                                                                                                                                                                                                                                                                              | 17340.05           | 45.39              | 17385.44           |
  | 0     | 26       | Compute                  | Layer 13                                                                                                                                                                                                                                                                                              | 17385.44           | 348.59             | 17734.03           |
  | 0     | 27       | Activation Communication | Layer 13                                                                                                                                                                                                                                                                                              | 17734.03           | 0                  | 17734.03           |
  | 0     | 28       | Compute                  | Layer 14                                                                                                                                                                                                                                                                                              | 17734.03           | 29.81              | 17763.83           |
  | 0     | 29       | Activation Communication | Layer 14                                                                                                                                                                                                                                                                                              | 17763.83           | 0                  | 17763.83           |
  | 0     | 30       | Compute                  | Layer 15                                                                                                                                                                                                                                                                                              | 17763.83           | 29.81              | 17793.64           |
  | 0     | 31       | Activation Communication | Layer 15                                                                                                                                                                                                                                                                                              | 17793.64           | 47.28              | 17840.92           |
  | 0     | 32       | Compute                  | Layer 16                                                                                                                                                                                                                                                                                              | 17840.92           | 104.47             | 17945.39           |
  | 0     | 33       | Activation Communication | Layer 16                                                                                                                                                                                                                                                                                              | 17945.39           | 45.84              | 17991.24           |
  | 0     | 34       | Compute                  | Layer 17                                                                                                                                                                                                                                                                                              | 17991.24           | 379.67             | 18370.91           |
  | 0     | 35       | Activation Communication | Layer 17                                                                                                                                                                                                                                                                                              | 18370.91           | 175.26             | 18546.17           |
  | 0     | 36       | Compute                  | Layer 18                                                                                                                                                                                                                                                                                              | 18546.17           | 464.78             | 19010.95           |
  | 0     | 37       | Activation Communication | Layer 18                                                                                                                                                                                                                                                                                              | 19010.95           | 47.28              | 19058.23           |
  | 0     | 38       | Compute                  | Layer 19                                                                                                                                                                                                                                                                                              | 19058.23           | 329.22             | 19387.45           |
  | 0     | 39       | Activation Communication | Layer 19                                                                                                                                                                                                                                                                                              | 19387.45           | 15.76              | 19403.21           |
  | 0     | 40       | Compute                  | Layer 20                                                                                                                                                                                                                                                                                              | 19403.21           | 29.81              | 19433.02           |
  | 0     | 41       | Activation Communication | Layer 20                                                                                                                                                                                                                                                                                              | 19433.02           | 0                  | 19433.02           |
  | 0     | 42       | Compute                  | Layer 21                                                                                                                                                                                                                                                                                              | 19433.02           | 29.81              | 19462.82           |
  | 0     | 43       | Activation Communication | Layer 21                                                                                                                                                                                                                                                                                              | 19462.82           | 47.28              | 19510.10           |
  | 0     | 44       | Compute                  | Layer 22                                                                                                                                                                                                                                                                                              | 19510.10           | 85.11              | 19595.21           |
  | 0     | 45       | Activation Communication | Layer 22                                                                                                                                                                                                                                                                                              | 19595.21           | 40.95              | 19636.17           |
  | 0     | 46       | Compute                  | Layer 23                                                                                                                                                                                                                                                                                              | 19636.17           | 399.04             | 20035.20           |
  | 0     | 47       | Activation Communication | Layer 23                                                                                                                                                                                                                                                                                              | 20035.20           | 178.41             | 20213.62           |
  | 0     | 48       | Compute                  | Layer 24                                                                                                                                                                                                                                                                                              | 20213.62           | 464.78             | 20678.40           |
  | 0     | 49       | Activation Communication | Layer 24                                                                                                                                                                                                                                                                                              | 20678.40           | 47.28              | 20725.68           |
  | 0     | 50       | Compute                  | Layer 25                                                                                                                                                                                                                                                                                              | 20725.68           | 329.22             | 21054.90           |
  | 0     | 51       | Activation Communication | Layer 25                                                                                                                                                                                                                                                                                              | 21054.90           | 15.76              | 21070.66           |
  | 0     | 52       | Compute                  | Layer 26                                                                                                                                                                                                                                                                                              | 21070.66           | 29.81              | 21100.47           |
  | 0     | 53       | Activation Communication | Layer 26                                                                                                                                                                                                                                                                                              | 21100.47           | 0                  | 21100.47           |
  | 0     | 54       | Compute                  | Layer 27                                                                                                                                                                                                                                                                                              | 21100.47           | 29.81              | 21130.27           |
  | 0     | 55       | Activation Communication | Layer 27                                                                                                                                                                                                                                                                                              | 21130.27           | 47.28              | 21177.55           |
  | 0     | 56       | Compute                  | Layer 28                                                                                                                                                                                                                                                                                              | 21177.55           | 85.11              | 21262.66           |
  | 0     | 57       | Activation Communication | Layer 28                                                                                                                                                                                                                                                                                              | 21262.66           | 43.48              | 21306.14           |
  | 0     | 58       | Compute                  | Layer 29                                                                                                                                                                                                                                                                                              | 21306.14           | 399.04             | 21705.18           |
  | 0     | 59       | Activation Communication | Layer 29                                                                                                                                                                                                                                                                                              | 21705.18           | 178.41             | 21883.59           |
  | 0     | 60       | Compute                  | Layer 30                                                                                                                                                                                                                                                                                              | 21883.59           | 464.78             | 22348.37           |
  | 0     | 61       | Activation Communication | Layer 30                                                                                                                                                                                                                                                                                              | 22348.37           | 47.28              | 22395.65           |
  | 0     | 62       | Compute                  | Layer 31                                                                                                                                                                                                                                                                                              | 22395.65           | 329.22             | 22724.87           |
  | 0     | 63       | Activation Communication | Layer 31                                                                                                                                                                                                                                                                                              | 22724.87           | 15.76              | 22740.63           |
  | 0     | 64       | Compute                  | Layer 32                                                                                                                                                                                                                                                                                              | 22740.63           | 29.81              | 22770.44           |
  | 0     | 65       | Activation Communication | Layer 32                                                                                                                                                                                                                                                                                              | 22770.44           | 0                  | 22770.44           |
  | 0     | 66       | Compute                  | Layer 33                                                                                                                                                                                                                                                                                              | 22770.44           | 29.81              | 22800.25           |
  | 0     | 67       | Activation Communication | Layer 33                                                                                                                                                                                                                                                                                              | 22800.25           | 47.28              | 22847.53           |
  | 0     | 68       | Compute                  | Layer 34                                                                                                                                                                                                                                                                                              | 22847.53           | 85.11              | 22932.63           |
  | 0     | 69       | Activation Communication | Layer 34                                                                                                                                                                                                                                                                                              | 22932.63           | 43.48              | 22976.12           |
  | 0     | 70       | Compute                  | Layer 35                                                                                                                                                                                                                                                                                              | 22976.12           | 399.04             | 23375.15           |
  | 0     | 71       | Activation Communication | Layer 35                                                                                                                                                                                                                                                                                              | 23375.15           | 178.41             | 23553.57           |
  | 0     | 72       | Compute                  | Layer 36                                                                                                                                                                                                                                                                                              | 23553.57           | 464.78             | 24018.35           |
  | 0     | 73       | Activation Communication | Layer 36                                                                                                                                                                                                                                                                                              | 24018.35           | 47.28              | 24065.63           |
  | 0     | 74       | Compute                  | Layer 37                                                                                                                                                                                                                                                                                              | 24065.63           | 329.22             | 24394.85           |
  | 0     | 75       | Activation Communication | Layer 37                                                                                                                                                                                                                                                                                              | 24394.85           | 137.90             | 24532.75           |
  | 0     | 76       | Compute                  | Layer 38                                                                                                                                                                                                                                                                                              | 24532.75           | 29.81              | 24562.55           |
  | 0     | 77       | Activation Communication | Layer 38                                                                                                                                                                                                                                                                                              | 24562.55           | 12.12              | 24574.68           |
  | 0     | 78       | Compute                  | Layer 39                                                                                                                                                                                                                                                                                              | 24574.68           | 20.92              | 24595.59           |
  | 0     | 79       | Activation Communication | Layer 39                                                                                                                                                                                                                                                                                              | 24595.59           | 33.17              | 24628.77           |
  | 0     | 80       | Compute                  | Layer 40                                                                                                                                                                                                                                                                                              | 24628.77           | 116.20             | 24744.97           |
  | 0     | 81       | Activation Communication | Layer 40                                                                                                                                                                                                                                                                                              | 24744.97           | 47.28              | 24792.25           |
  | 0     | 82       | Compute                  | Layer 41                                                                                                                                                                                                                                                                                              | 24792.25           | 267.55             | 25059.80           |
  | 0     | 83       | Activation Communication | Layer 41                                                                                                                                                                                                                                                                                              | 25059.80           | 217.73             | 25277.53           |
  | 0     | 84       | Compute                  | Layer 42                                                                                                                                                                                                                                                                                              | 25277.53           | 286.92             | 25564.45           |
  | 0     | 85       | Activation Communication | Layer 42                                                                                                                                                                                                                                                                                              | 25564.45           | 40.04              | 25604.49           |
  | 0     | 86       | Compute                  | Layer 43                                                                                                                                                                                                                                                                                              | 25604.49           | 348.59             | 25953.08           |
  | 0     | 87       | Activation Communication | Layer 43                                                                                                                                                                                                                                                                                              | 25953.08           | 0                  | 25953.08           |
  | 0     | 88       | Compute                  | Layer 44                                                                                                                                                                                                                                                                                              | 25953.08           | 29.81              | 25982.88           |
  | 0     | 89       | Activation Communication | Layer 44                                                                                                                                                                                                                                                                                              | 25982.88           | 0                  | 25982.88           |
  | 0     | 90       | Compute                  | Layer 45                                                                                                                                                                                                                                                                                              | 25982.88           | 29.81              | 26012.69           |
  | 0     | 91       | Activation Communication | Layer 45                                                                                                                                                                                                                                                                                              | 26012.69           | 47.28              | 26059.97           |
  | 0     | 92       | Compute                  | Layer 46                                                                                                                                                                                                                                                                                              | 26059.97           | 104.47             | 26164.44           |
  | 0     | 93       | Activation Communication | Layer 46                                                                                                                                                                                                                                                                                              | 26164.44           | 44.89              | 26209.33           |
  | 0     | 94       | Compute                  | Layer 47                                                                                                                                                                                                                                                                                              | 26209.33           | 379.67             | 26589.01           |
  | 0     | 95       | Activation Communication | Layer 47                                                                                                                                                                                                                                                                                              | 26589.01           | 313.59             | 26902.59           |
  | 0     | 96       | Compute                  | Layer 48                                                                                                                                                                                                                                                                                              | 26902.59           | 399.04             | 27301.63           |
  | 0     | 97       | Activation Communication | Layer 48                                                                                                                                                                                                                                                                                              | 27301.63           | 44.60              | 27346.23           |
  | 0     | 98       | Compute                  | Layer 49                                                                                                                                                                                                                                                                                              | 27346.23           | 348.59             | 27694.82           |
  | 0     | 99       | Activation Communication | Layer 49                                                                                                                                                                                                                                                                                              | 27694.82           | 0                  | 27694.82           |
  | 0     | 100      | Compute                  | Layer 50                                                                                                                                                                                                                                                                                              | 27694.82           | 29.81              | 27724.62           |
  | 0     | 101      | Activation Communication | Layer 50                                                                                                                                                                                                                                                                                              | 27724.62           | 0                  | 27724.62           |
  | 0     | 102      | Compute                  | Layer 51                                                                                                                                                                                                                                                                                              | 27724.62           | 29.81              | 27754.43           |
  | 0     | 103      | Activation Communication | Layer 51                                                                                                                                                                                                                                                                                              | 27754.43           | 47.28              | 27801.71           |
  | 0     | 104      | Compute                  | Layer 52                                                                                                                                                                                                                                                                                              | 27801.71           | 104.47             | 27906.19           |
  | 0     | 105      | Activation Communication | Layer 52                                                                                                                                                                                                                                                                                              | 27906.19           | 45.84              | 27952.03           |
  | 0     | 106      | Compute                  | Layer 53                                                                                                                                                                                                                                                                                              | 27952.03           | 379.67             | 28331.70           |
  | 0     | 107      | Activation Communication | Layer 53                                                                                                                                                                                                                                                                                              | 28331.70           | 315.90             | 28647.60           |
  | 0     | 108      | Compute                  | Layer 54                                                                                                                                                                                                                                                                                              | 28647.60           | 418.40             | 29066.00           |
  | 0     | 109      | Activation Communication | Layer 54                                                                                                                                                                                                                                                                                              | 29066.00           | 45.39              | 29111.39           |
  | 0     | 110      | Compute                  | Layer 55                                                                                                                                                                                                                                                                                              | 29111.39           | 348.59             | 29459.98           |
  | 0     | 111      | Activation Communication | Layer 55                                                                                                                                                                                                                                                                                              | 29459.98           | 0                  | 29459.98           |
  | 0     | 112      | Compute                  | Layer 56                                                                                                                                                                                                                                                                                              | 29459.98           | 29.81              | 29489.78           |
  | 0     | 113      | Activation Communication | Layer 56                                                                                                                                                                                                                                                                                              | 29489.78           | 0                  | 29489.78           |
  | 0     | 114      | Compute                  | Layer 57                                                                                                                                                                                                                                                                                              | 29489.78           | 29.81              | 29519.59           |
  | 0     | 115      | Activation Communication | Layer 57                                                                                                                                                                                                                                                                                              | 29519.59           | 47.28              | 29566.87           |
  | 0     | 116      | Compute                  | Layer 58                                                                                                                                                                                                                                                                                              | 29566.87           | 104.47             | 29671.34           |
  | 0     | 117      | Activation Communication | Layer 58                                                                                                                                                                                                                                                                                              | 29671.34           | 45.84              | 29717.19           |
  | 0     | 118      | Compute                  | Layer 59                                                                                                                                                                                                                                                                                              | 29717.19           | 379.67             | 30096.86           |
  | 0     | 119      | Activation Communication | Layer 59                                                                                                                                                                                                                                                                                              | 30096.86           | 175.26             | 30272.12           |
  | 0     | 120      | Compute                  | Layer 60                                                                                                                                                                                                                                                                                              | 30272.12           | 464.78             | 30736.90           |
  | 0     | 121      | Activation Communication | Layer 60                                                                                                                                                                                                                                                                                              | 30736.90           | 47.28              | 30784.18           |
  | 0     | 122      | Compute                  | Layer 61                                                                                                                                                                                                                                                                                              | 30784.18           | 329.22             | 31113.40           |
  | 0     | 123      | Activation Communication | Layer 61                                                                                                                                                                                                                                                                                              | 31113.40           | 15.76              | 31129.16           |
  | 0     | 124      | Compute                  | Layer 62                                                                                                                                                                                                                                                                                              | 31129.16           | 29.81              | 31158.97           |
  | 0     | 125      | Activation Communication | Layer 62                                                                                                                                                                                                                                                                                              | 31158.97           | 0                  | 31158.97           |
  | 0     | 126      | Compute                  | Layer 63                                                                                                                                                                                                                                                                                              | 31158.97           | 29.81              | 31188.78           |
  | 0     | 127      | Activation Communication | Layer 63                                                                                                                                                                                                                                                                                              | 31188.78           | 47.28              | 31236.06           |
  | 0     | 128      | Compute                  | Layer 64                                                                                                                                                                                                                                                                                              | 31236.06           | 85.11              | 31321.16           |
  | 0     | 129      | Activation Communication | Layer 64                                                                                                                                                                                                                                                                                              | 31321.16           | 43.48              | 31364.65           |
  | 0     | 130      | Compute                  | Layer 65                                                                                                                                                                                                                                                                                              | 31364.65           | 399.04             | 31763.68           |
  | 0     | 131      | Activation Communication | Layer 65                                                                                                                                                                                                                                                                                              | 31763.68           | 178.41             | 31942.10           |
  | 0     | 132      | Compute                  | Layer 66                                                                                                                                                                                                                                                                                              | 31942.10           | 464.78             | 32406.88           |
  | 0     | 133      | Activation Communication | Layer 66                                                                                                                                                                                                                                                                                              | 32406.88           | 47.28              | 32454.16           |
  | 0     | 134      | Compute                  | Layer 67                                                                                                                                                                                                                                                                                              | 32454.16           | 329.22             | 32783.38           |
  | 0     | 135      | Activation Communication | Layer 67                                                                                                                                                                                                                                                                                              | 32783.38           | 15.76              | 32799.14           |
  | 0     | 136      | Compute                  | Layer 68                                                                                                                                                                                                                                                                                              | 32799.14           | 29.81              | 32828.94           |
  | 0     | 137      | Activation Communication | Layer 68                                                                                                                                                                                                                                                                                              | 32828.94           | 0                  | 32828.94           |
  | 0     | 138      | Compute                  | Layer 69                                                                                                                                                                                                                                                                                              | 32828.94           | 29.81              | 32858.75           |
  | 0     | 139      | Activation Communication | Layer 69                                                                                                                                                                                                                                                                                              | 32858.75           | 47.28              | 32906.03           |
  | 0     | 140      | Compute                  | Layer 70                                                                                                                                                                                                                                                                                              | 32906.03           | 85.11              | 32991.14           |
  | 0     | 141      | Activation Communication | Layer 70                                                                                                                                                                                                                                                                                              | 32991.14           | 43.48              | 33034.62           |
  | 0     | 142      | Compute                  | Layer 71                                                                                                                                                                                                                                                                                              | 33034.62           | 399.04             | 33433.66           |
  | 0     | 143      | Activation Communication | Layer 71                                                                                                                                                                                                                                                                                              | 33433.66           | 178.41             | 33612.07           |
  | 0     | 144      | Compute                  | Layer 72                                                                                                                                                                                                                                                                                              | 33612.07           | 464.78             | 34076.85           |
  | 0     | 145      | Activation Communication | Layer 72                                                                                                                                                                                                                                                                                              | 34076.85           | 47.28              | 34124.13           |
  | 0     | 146      | Compute                  | Layer 73                                                                                                                                                                                                                                                                                              | 34124.13           | 0.67               | 34124.80           |
  | 1     | 0        | Compute                  | Layer 0                                                                                                                                                                                                                                                                                               | 34124.80           | 115.61             | 34240.41           |
  | 1     | 1        | Activation Communication | Layer 0                                                                                                                                                                                                                                                                                               | 34240.41           | 0                  | 34240.41           |
  | 1     | 2        | Compute                  | Layer 1                                                                                                                                                                                                                                                                                               | 34240.41           | 348.59             | 34588.99           |
  | 1     | 3        | Activation Communication | Layer 1                                                                                                                                                                                                                                                                                               | 34588.99           | 141.84             | 34730.83           |
  | 1     | 4        | Compute                  | Layer 2                                                                                                                                                                                                                                                                                               | 34730.83           | 29.81              | 34760.64           |
  | 1     | 5        | Activation Communication | Layer 2                                                                                                                                                                                                                                                                                               | 34760.64           | 12.12              | 34772.76           |
  | 1     | 6        | Compute                  | Layer 3                                                                                                                                                                                                                                                                                               | 34772.76           | 26.80              | 34799.56           |
  | 1     | 7        | Activation Communication | Layer 3                                                                                                                                                                                                                                                                                               | 34799.56           | 4.76               | 34804.33           |
  | 1     | 8        | Compute                  | Layer 4                                                                                                                                                                                                                                                                                               | 34804.33           | 116.20             | 34920.52           |
  | 1     | 9        | Activation Communication | Layer 4                                                                                                                                                                                                                                                                                               | 34920.52           | 47.28              | 34967.80           |
  | 1     | 10       | Compute                  | Layer 5                                                                                                                                                                                                                                                                                               | 34967.80           | 263.48             | 35231.28           |
  | 1     | 11       | Activation Communication | Layer 5                                                                                                                                                                                                                                                                                               | 35231.28           | 156.35             | 35387.63           |
  | 1     | 12       | Compute                  | Layer 6                                                                                                                                                                                                                                                                                               | 35387.63           | 464.78             | 35852.41           |
  | 1     | 13       | Activation Communication | Layer 6                                                                                                                                                                                                                                                                                               | 35852.41           | 47.28              | 35899.69           |
  | 1     | 14       | Compute                  | Layer 7                                                                                                                                                                                                                                                                                               | 35899.69           | 329.22             | 36228.91           |
  | 1     | 15       | Activation Communication | Layer 7                                                                                                                                                                                                                                                                                               | 36228.91           | 15.76              | 36244.67           |
  | 1     | 16       | Compute                  | Layer 8                                                                                                                                                                                                                                                                                               | 36244.67           | 29.81              | 36274.48           |
  | 1     | 17       | Activation Communication | Layer 8                                                                                                                                                                                                                                                                                               | 36274.48           | 0                  | 36274.48           |
  | 1     | 18       | Compute                  | Layer 9                                                                                                                                                                                                                                                                                               | 36274.48           | 29.81              | 36304.28           |
  | 1     | 19       | Activation Communication | Layer 9                                                                                                                                                                                                                                                                                               | 36304.28           | 47.28              | 36351.56           |
  | 1     | 20       | Compute                  | Layer 10                                                                                                                                                                                                                                                                                              | 36351.56           | 85.11              | 36436.67           |
  | 1     | 21       | Activation Communication | Layer 10                                                                                                                                                                                                                                                                                              | 36436.67           | 43.48              | 36480.15           |
  | 1     | 22       | Compute                  | Layer 11                                                                                                                                                                                                                                                                                              | 36480.15           | 399.04             | 36879.19           |
  | 1     | 23       | Activation Communication | Layer 11                                                                                                                                                                                                                                                                                              | 36879.19           | 324.73             | 37203.92           |
  | 1     | 24       | Compute                  | Layer 12                                                                                                                                                                                                                                                                                              | 37203.92           | 418.40             | 37622.33           |
  | 1     | 25       | Activation Communication | Layer 12                                                                                                                                                                                                                                                                                              | 37622.33           | 45.39              | 37667.72           |
  | 1     | 26       | Compute                  | Layer 13                                                                                                                                                                                                                                                                                              | 37667.72           | 348.59             | 38016.30           |
  | 1     | 27       | Activation Communication | Layer 13                                                                                                                                                                                                                                                                                              | 38016.30           | 0                  | 38016.30           |
  | 1     | 28       | Compute                  | Layer 14                                                                                                                                                                                                                                                                                              | 38016.30           | 29.81              | 38046.11           |
  | 1     | 29       | Activation Communication | Layer 14                                                                                                                                                                                                                                                                                              | 38046.11           | 0                  | 38046.11           |
  | 1     | 30       | Compute                  | Layer 15                                                                                                                                                                                                                                                                                              | 38046.11           | 29.81              | 38075.91           |
  | 1     | 31       | Activation Communication | Layer 15                                                                                                                                                                                                                                                                                              | 38075.91           | 47.28              | 38123.19           |
  | 1     | 32       | Compute                  | Layer 16                                                                                                                                                                                                                                                                                              | 38123.19           | 104.47             | 38227.67           |
  | 1     | 33       | Activation Communication | Layer 16                                                                                                                                                                                                                                                                                              | 38227.67           | 45.84              | 38273.51           |
  | 1     | 34       | Compute                  | Layer 17                                                                                                                                                                                                                                                                                              | 38273.51           | 379.67             | 38653.19           |
  | 1     | 35       | Activation Communication | Layer 17                                                                                                                                                                                                                                                                                              | 38653.19           | 175.26             | 38828.45           |
  | 1     | 36       | Compute                  | Layer 18                                                                                                                                                                                                                                                                                              | 38828.45           | 464.78             | 39293.23           |
  | 1     | 37       | Activation Communication | Layer 18                                                                                                                                                                                                                                                                                              | 39293.23           | 47.28              | 39340.51           |
  | 1     | 38       | Compute                  | Layer 19                                                                                                                                                                                                                                                                                              | 39340.51           | 329.22             | 39669.73           |
  | 1     | 39       | Activation Communication | Layer 19                                                                                                                                                                                                                                                                                              | 39669.73           | 15.76              | 39685.49           |
  | 1     | 40       | Compute                  | Layer 20                                                                                                                                                                                                                                                                                              | 39685.49           | 29.81              | 39715.30           |
  | 1     | 41       | Activation Communication | Layer 20                                                                                                                                                                                                                                                                                              | 39715.30           | 0                  | 39715.30           |
  | 1     | 42       | Compute                  | Layer 21                                                                                                                                                                                                                                                                                              | 39715.30           | 29.81              | 39745.10           |
  | 1     | 43       | Activation Communication | Layer 21                                                                                                                                                                                                                                                                                              | 39745.10           | 47.28              | 39792.38           |
  | 1     | 44       | Compute                  | Layer 22                                                                                                                                                                                                                                                                                              | 39792.38           | 85.11              | 39877.49           |
  | 1     | 45       | Activation Communication | Layer 22                                                                                                                                                                                                                                                                                              | 39877.49           | 40.95              | 39918.44           |
  | 1     | 46       | Compute                  | Layer 23                                                                                                                                                                                                                                                                                              | 39918.44           | 399.04             | 40317.48           |
  | 1     | 47       | Activation Communication | Layer 23                                                                                                                                                                                                                                                                                              | 40317.48           | 178.41             | 40495.90           |
  | 1     | 48       | Compute                  | Layer 24                                                                                                                                                                                                                                                                                              | 40495.90           | 464.78             | 40960.68           |
  | 1     | 49       | Activation Communication | Layer 24                                                                                                                                                                                                                                                                                              | 40960.68           | 47.28              | 41007.96           |
  | 1     | 50       | Compute                  | Layer 25                                                                                                                                                                                                                                                                                              | 41007.96           | 329.22             | 41337.18           |
  | 1     | 51       | Activation Communication | Layer 25                                                                                                                                                                                                                                                                                              | 41337.18           | 15.76              | 41352.94           |
  | 1     | 52       | Compute                  | Layer 26                                                                                                                                                                                                                                                                                              | 41352.94           | 29.81              | 41382.74           |
  | 1     | 53       | Activation Communication | Layer 26                                                                                                                                                                                                                                                                                              | 41382.74           | 0                  | 41382.74           |
  | 1     | 54       | Compute                  | Layer 27                                                                                                                                                                                                                                                                                              | 41382.74           | 29.81              | 41412.55           |
  | 1     | 55       | Activation Communication | Layer 27                                                                                                                                                                                                                                                                                              | 41412.55           | 47.28              | 41459.83           |
  | 1     | 56       | Compute                  | Layer 28                                                                                                                                                                                                                                                                                              | 41459.83           | 85.11              | 41544.94           |
  | 1     | 57       | Activation Communication | Layer 28                                                                                                                                                                                                                                                                                              | 41544.94           | 43.48              | 41588.42           |
  | 1     | 58       | Compute                  | Layer 29                                                                                                                                                                                                                                                                                              | 41588.42           | 399.04             | 41987.46           |
  | 1     | 59       | Activation Communication | Layer 29                                                                                                                                                                                                                                                                                              | 41987.46           | 178.41             | 42165.87           |
  | 1     | 60       | Compute                  | Layer 30                                                                                                                                                                                                                                                                                              | 42165.87           | 464.78             | 42630.65           |
  | 1     | 61       | Activation Communication | Layer 30                                                                                                                                                                                                                                                                                              | 42630.65           | 47.28              | 42677.93           |
  | 1     | 62       | Compute                  | Layer 31                                                                                                                                                                                                                                                                                              | 42677.93           | 329.22             | 43007.15           |
  | 1     | 63       | Activation Communication | Layer 31                                                                                                                                                                                                                                                                                              | 43007.15           | 15.76              | 43022.91           |
  | 1     | 64       | Compute                  | Layer 32                                                                                                                                                                                                                                                                                              | 43022.91           | 29.81              | 43052.72           |
  | 1     | 65       | Activation Communication | Layer 32                                                                                                                                                                                                                                                                                              | 43052.72           | 0                  | 43052.72           |
  | 1     | 66       | Compute                  | Layer 33                                                                                                                                                                                                                                                                                              | 43052.72           | 29.81              | 43082.52           |
  | 1     | 67       | Activation Communication | Layer 33                                                                                                                                                                                                                                                                                              | 43082.52           | 47.28              | 43129.80           |
  | 1     | 68       | Compute                  | Layer 34                                                                                                                                                                                                                                                                                              | 43129.80           | 85.11              | 43214.91           |
  | 1     | 69       | Activation Communication | Layer 34                                                                                                                                                                                                                                                                                              | 43214.91           | 43.48              | 43258.39           |
  | 1     | 70       | Compute                  | Layer 35                                                                                                                                                                                                                                                                                              | 43258.39           | 399.04             | 43657.43           |
  | 1     | 71       | Activation Communication | Layer 35                                                                                                                                                                                                                                                                                              | 43657.43           | 178.41             | 43835.84           |
  | 1     | 72       | Compute                  | Layer 36                                                                                                                                                                                                                                                                                              | 43835.84           | 464.78             | 44300.63           |
  | 1     | 73       | Activation Communication | Layer 36                                                                                                                                                                                                                                                                                              | 44300.63           | 47.28              | 44347.91           |
  | 1     | 74       | Compute                  | Layer 37                                                                                                                                                                                                                                                                                              | 44347.91           | 329.22             | 44677.13           |
  | 1     | 75       | Activation Communication | Layer 37                                                                                                                                                                                                                                                                                              | 44677.13           | 137.90             | 44815.03           |
  | 1     | 76       | Compute                  | Layer 38                                                                                                                                                                                                                                                                                              | 44815.03           | 29.81              | 44844.83           |
  | 1     | 77       | Activation Communication | Layer 38                                                                                                                                                                                                                                                                                              | 44844.83           | 12.12              | 44856.96           |
  | 1     | 78       | Compute                  | Layer 39                                                                                                                                                                                                                                                                                              | 44856.96           | 20.92              | 44877.87           |
  | 1     | 79       | Activation Communication | Layer 39                                                                                                                                                                                                                                                                                              | 44877.87           | 33.17              | 44911.05           |
  | 1     | 80       | Compute                  | Layer 40                                                                                                                                                                                                                                                                                              | 44911.05           | 116.20             | 45027.24           |
  | 1     | 81       | Activation Communication | Layer 40                                                                                                                                                                                                                                                                                              | 45027.24           | 47.28              | 45074.52           |
  | 1     | 82       | Compute                  | Layer 41                                                                                                                                                                                                                                                                                              | 45074.52           | 267.55             | 45342.08           |
  | 1     | 83       | Activation Communication | Layer 41                                                                                                                                                                                                                                                                                              | 45342.08           | 217.73             | 45559.81           |
  | 1     | 84       | Compute                  | Layer 42                                                                                                                                                                                                                                                                                              | 45559.81           | 286.92             | 45846.73           |
  | 1     | 85       | Activation Communication | Layer 42                                                                                                                                                                                                                                                                                              | 45846.73           | 40.04              | 45886.77           |
  | 1     | 86       | Compute                  | Layer 43                                                                                                                                                                                                                                                                                              | 45886.77           | 348.59             | 46235.35           |
  | 1     | 87       | Activation Communication | Layer 43                                                                                                                                                                                                                                                                                              | 46235.35           | 0                  | 46235.35           |
  | 1     | 88       | Compute                  | Layer 44                                                                                                                                                                                                                                                                                              | 46235.35           | 29.81              | 46265.16           |
  | 1     | 89       | Activation Communication | Layer 44                                                                                                                                                                                                                                                                                              | 46265.16           | 0                  | 46265.16           |
  | 1     | 90       | Compute                  | Layer 45                                                                                                                                                                                                                                                                                              | 46265.16           | 29.81              | 46294.96           |
  | 1     | 91       | Activation Communication | Layer 45                                                                                                                                                                                                                                                                                              | 46294.96           | 47.28              | 46342.24           |
  | 1     | 92       | Compute                  | Layer 46                                                                                                                                                                                                                                                                                              | 46342.24           | 104.47             | 46446.72           |
  | 1     | 93       | Activation Communication | Layer 46                                                                                                                                                                                                                                                                                              | 46446.72           | 44.89              | 46491.61           |
  | 1     | 94       | Compute                  | Layer 47                                                                                                                                                                                                                                                                                              | 46491.61           | 379.67             | 46871.28           |
  | 1     | 95       | Activation Communication | Layer 47                                                                                                                                                                                                                                                                                              | 46871.28           | 313.59             | 47184.87           |
  | 1     | 96       | Compute                  | Layer 48                                                                                                                                                                                                                                                                                              | 47184.87           | 399.04             | 47583.91           |
  | 1     | 97       | Activation Communication | Layer 48                                                                                                                                                                                                                                                                                              | 47583.91           | 44.60              | 47628.51           |
  | 1     | 98       | Compute                  | Layer 49                                                                                                                                                                                                                                                                                              | 47628.51           | 348.59             | 47977.10           |
  | 1     | 99       | Activation Communication | Layer 49                                                                                                                                                                                                                                                                                              | 47977.10           | 0                  | 47977.10           |
  | 1     | 100      | Compute                  | Layer 50                                                                                                                                                                                                                                                                                              | 47977.10           | 29.81              | 48006.90           |
  | 1     | 101      | Activation Communication | Layer 50                                                                                                                                                                                                                                                                                              | 48006.90           | 0                  | 48006.90           |
  | 1     | 102      | Compute                  | Layer 51                                                                                                                                                                                                                                                                                              | 48006.90           | 29.81              | 48036.71           |
  | 1     | 103      | Activation Communication | Layer 51                                                                                                                                                                                                                                                                                              | 48036.71           | 47.28              | 48083.99           |
  | 1     | 104      | Compute                  | Layer 52                                                                                                                                                                                                                                                                                              | 48083.99           | 104.47             | 48188.46           |
  | 1     | 105      | Activation Communication | Layer 52                                                                                                                                                                                                                                                                                              | 48188.46           | 45.84              | 48234.31           |
  | 1     | 106      | Compute                  | Layer 53                                                                                                                                                                                                                                                                                              | 48234.31           | 379.67             | 48613.98           |
  | 1     | 107      | Activation Communication | Layer 53                                                                                                                                                                                                                                                                                              | 48613.98           | 315.90             | 48929.88           |
  | 1     | 108      | Compute                  | Layer 54                                                                                                                                                                                                                                                                                              | 48929.88           | 418.40             | 49348.28           |
  | 1     | 109      | Activation Communication | Layer 54                                                                                                                                                                                                                                                                                              | 49348.28           | 45.39              | 49393.67           |
  | 1     | 110      | Compute                  | Layer 55                                                                                                                                                                                                                                                                                              | 49393.67           | 348.59             | 49742.25           |
  | 1     | 111      | Activation Communication | Layer 55                                                                                                                                                                                                                                                                                              | 49742.25           | 0                  | 49742.25           |
  | 1     | 112      | Compute                  | Layer 56                                                                                                                                                                                                                                                                                              | 49742.25           | 29.81              | 49772.06           |
  | 1     | 113      | Activation Communication | Layer 56                                                                                                                                                                                                                                                                                              | 49772.06           | 0                  | 49772.06           |
  | 1     | 114      | Compute                  | Layer 57                                                                                                                                                                                                                                                                                              | 49772.06           | 29.81              | 49801.87           |
  | 1     | 115      | Activation Communication | Layer 57                                                                                                                                                                                                                                                                                              | 49801.87           | 47.28              | 49849.15           |
  | 1     | 116      | Compute                  | Layer 58                                                                                                                                                                                                                                                                                              | 49849.15           | 104.47             | 49953.62           |
  | 1     | 117      | Activation Communication | Layer 58                                                                                                                                                                                                                                                                                              | 49953.62           | 45.84              | 49999.47           |
  | 1     | 118      | Compute                  | Layer 59                                                                                                                                                                                                                                                                                              | 49999.47           | 379.67             | 50379.14           |
  | 1     | 119      | Activation Communication | Layer 59                                                                                                                                                                                                                                                                                              | 50379.14           | 175.26             | 50554.40           |
  | 1     | 120      | Compute                  | Layer 60                                                                                                                                                                                                                                                                                              | 50554.40           | 464.78             | 51019.18           |
  | 1     | 121      | Activation Communication | Layer 60                                                                                                                                                                                                                                                                                              | 51019.18           | 47.28              | 51066.46           |
  | 1     | 122      | Compute                  | Layer 61                                                                                                                                                                                                                                                                                              | 51066.46           | 329.22             | 51395.68           |
  | 1     | 123      | Activation Communication | Layer 61                                                                                                                                                                                                                                                                                              | 51395.68           | 15.76              | 51411.44           |
  | 1     | 124      | Compute                  | Layer 62                                                                                                                                                                                                                                                                                              | 51411.44           | 29.81              | 51441.25           |
  | 1     | 125      | Activation Communication | Layer 62                                                                                                                                                                                                                                                                                              | 51441.25           | 0                  | 51441.25           |
  | 1     | 126      | Compute                  | Layer 63                                                                                                                                                                                                                                                                                              | 51441.25           | 29.81              | 51471.05           |
  | 1     | 127      | Activation Communication | Layer 63                                                                                                                                                                                                                                                                                              | 51471.05           | 47.28              | 51518.33           |
  | 1     | 128      | Compute                  | Layer 64                                                                                                                                                                                                                                                                                              | 51518.33           | 85.11              | 51603.44           |
  | 1     | 129      | Activation Communication | Layer 64                                                                                                                                                                                                                                                                                              | 51603.44           | 43.48              | 51646.92           |
  | 1     | 130      | Compute                  | Layer 65                                                                                                                                                                                                                                                                                              | 51646.92           | 399.04             | 52045.96           |
  | 1     | 131      | Activation Communication | Layer 65                                                                                                                                                                                                                                                                                              | 52045.96           | 178.41             | 52224.37           |
  | 1     | 132      | Compute                  | Layer 66                                                                                                                                                                                                                                                                                              | 52224.37           | 464.78             | 52689.16           |
  | 1     | 133      | Activation Communication | Layer 66                                                                                                                                                                                                                                                                                              | 52689.16           | 47.28              | 52736.44           |
  | 1     | 134      | Compute                  | Layer 67                                                                                                                                                                                                                                                                                              | 52736.44           | 329.22             | 53065.66           |
  | 1     | 135      | Activation Communication | Layer 67                                                                                                                                                                                                                                                                                              | 53065.66           | 15.76              | 53081.42           |
  | 1     | 136      | Compute                  | Layer 68                                                                                                                                                                                                                                                                                              | 53081.42           | 29.81              | 53111.22           |
  | 1     | 137      | Activation Communication | Layer 68                                                                                                                                                                                                                                                                                              | 53111.22           | 0                  | 53111.22           |
  | 1     | 138      | Compute                  | Layer 69                                                                                                                                                                                                                                                                                              | 53111.22           | 29.81              | 53141.03           |
  | 1     | 139      | Activation Communication | Layer 69                                                                                                                                                                                                                                                                                              | 53141.03           | 47.28              | 53188.31           |
  | 1     | 140      | Compute                  | Layer 70                                                                                                                                                                                                                                                                                              | 53188.31           | 85.11              | 53273.42           |
  | 1     | 141      | Activation Communication | Layer 70                                                                                                                                                                                                                                                                                              | 53273.42           | 43.48              | 53316.90           |
  | 1     | 142      | Compute                  | Layer 71                                                                                                                                                                                                                                                                                              | 53316.90           | 399.04             | 53715.93           |
  | 1     | 143      | Activation Communication | Layer 71                                                                                                                                                                                                                                                                                              | 53715.93           | 178.41             | 53894.35           |
  | 1     | 144      | Compute                  | Layer 72                                                                                                                                                                                                                                                                                              | 53894.35           | 464.78             | 54359.13           |
  | 1     | 145      | Activation Communication | Layer 72                                                                                                                                                                                                                                                                                              | 54359.13           | 47.28              | 54406.41           |
  | 1     | 146      | Compute                  | Layer 73                                                                                                                                                                                                                                                                                              | 54406.41           | 0.67               | 54407.08           |
  | 2     | 0        | Compute                  | Layer 0                                                                                                                                                                                                                                                                                               | 54407.08           | 115.61             | 54522.69           |
  | 2     | 1        | Activation Communication | Layer 0                                                                                                                                                                                                                                                                                               | 54522.69           | 0                  | 54522.69           |
  | 2     | 2        | Compute                  | Layer 1                                                                                                                                                                                                                                                                                               | 54522.69           | 348.59             | 54871.27           |
  | 2     | 3        | Activation Communication | Layer 1                                                                                                                                                                                                                                                                                               | 54871.27           | 141.84             | 55013.11           |
  | 2     | 4        | Compute                  | Layer 2                                                                                                                                                                                                                                                                                               | 55013.11           | 29.81              | 55042.92           |
  | 2     | 5        | Activation Communication | Layer 2                                                                                                                                                                                                                                                                                               | 55042.92           | 12.12              | 55055.04           |
  | 2     | 6        | Compute                  | Layer 3                                                                                                                                                                                                                                                                                               | 55055.04           | 26.80              | 55081.84           |
  | 2     | 7        | Activation Communication | Layer 3                                                                                                                                                                                                                                                                                               | 55081.84           | 4.76               | 55086.61           |
  | 2     | 8        | Compute                  | Layer 4                                                                                                                                                                                                                                                                                               | 55086.61           | 116.20             | 55202.80           |
  | 2     | 9        | Activation Communication | Layer 4                                                                                                                                                                                                                                                                                               | 55202.80           | 47.28              | 55250.08           |
  | 2     | 10       | Compute                  | Layer 5                                                                                                                                                                                                                                                                                               | 55250.08           | 263.48             | 55513.56           |
  | 2     | 11       | Activation Communication | Layer 5                                                                                                                                                                                                                                                                                               | 55513.56           | 156.35             | 55669.91           |
  | 2     | 12       | Compute                  | Layer 6                                                                                                                                                                                                                                                                                               | 55669.91           | 464.78             | 56134.69           |
  | 2     | 13       | Activation Communication | Layer 6                                                                                                                                                                                                                                                                                               | 56134.69           | 47.28              | 56181.97           |
  | 2     | 14       | Compute                  | Layer 7                                                                                                                                                                                                                                                                                               | 56181.97           | 329.22             | 56511.19           |
  | 2     | 15       | Activation Communication | Layer 7                                                                                                                                                                                                                                                                                               | 56511.19           | 15.76              | 56526.95           |
  | 2     | 16       | Compute                  | Layer 8                                                                                                                                                                                                                                                                                               | 56526.95           | 29.81              | 56556.76           |
  | 2     | 17       | Activation Communication | Layer 8                                                                                                                                                                                                                                                                                               | 56556.76           | 0                  | 56556.76           |
  | 2     | 18       | Compute                  | Layer 9                                                                                                                                                                                                                                                                                               | 56556.76           | 29.81              | 56586.56           |
  | 2     | 19       | Activation Communication | Layer 9                                                                                                                                                                                                                                                                                               | 56586.56           | 47.28              | 56633.84           |
  | 2     | 20       | Compute                  | Layer 10                                                                                                                                                                                                                                                                                              | 56633.84           | 85.11              | 56718.95           |
  | 2     | 21       | Activation Communication | Layer 10                                                                                                                                                                                                                                                                                              | 56718.95           | 43.48              | 56762.43           |
  | 2     | 22       | Compute                  | Layer 11                                                                                                                                                                                                                                                                                              | 56762.43           | 399.04             | 57161.47           |
  | 2     | 23       | Activation Communication | Layer 11                                                                                                                                                                                                                                                                                              | 57161.47           | 324.73             | 57486.20           |
  | 2     | 24       | Compute                  | Layer 12                                                                                                                                                                                                                                                                                              | 57486.20           | 418.40             | 57904.61           |
  | 2     | 25       | Activation Communication | Layer 12                                                                                                                                                                                                                                                                                              | 57904.61           | 45.39              | 57949.99           |
  | 2     | 26       | Compute                  | Layer 13                                                                                                                                                                                                                                                                                              | 57949.99           | 348.59             | 58298.58           |
  | 2     | 27       | Activation Communication | Layer 13                                                                                                                                                                                                                                                                                              | 58298.58           | 0                  | 58298.58           |
  | 2     | 28       | Compute                  | Layer 14                                                                                                                                                                                                                                                                                              | 58298.58           | 29.81              | 58328.39           |
  | 2     | 29       | Activation Communication | Layer 14                                                                                                                                                                                                                                                                                              | 58328.39           | 0                  | 58328.39           |
  | 2     | 30       | Compute                  | Layer 15                                                                                                                                                                                                                                                                                              | 58328.39           | 29.81              | 58358.19           |
  | 2     | 31       | Activation Communication | Layer 15                                                                                                                                                                                                                                                                                              | 58358.19           | 47.28              | 58405.47           |
  | 2     | 32       | Compute                  | Layer 16                                                                                                                                                                                                                                                                                              | 58405.47           | 104.47             | 58509.95           |
  | 2     | 33       | Activation Communication | Layer 16                                                                                                                                                                                                                                                                                              | 58509.95           | 45.84              | 58555.79           |
  | 2     | 34       | Compute                  | Layer 17                                                                                                                                                                                                                                                                                              | 58555.79           | 379.67             | 58935.46           |
  | 2     | 35       | Activation Communication | Layer 17                                                                                                                                                                                                                                                                                              | 58935.46           | 175.26             | 59110.73           |
  | 2     | 36       | Compute                  | Layer 18                                                                                                                                                                                                                                                                                              | 59110.73           | 464.78             | 59575.51           |
  | 2     | 37       | Activation Communication | Layer 18                                                                                                                                                                                                                                                                                              | 59575.51           | 47.28              | 59622.79           |
  | 2     | 38       | Compute                  | Layer 19                                                                                                                                                                                                                                                                                              | 59622.79           | 329.22             | 59952.01           |
  | 2     | 39       | Activation Communication | Layer 19                                                                                                                                                                                                                                                                                              | 59952.01           | 15.76              | 59967.77           |
  | 2     | 40       | Compute                  | Layer 20                                                                                                                                                                                                                                                                                              | 59967.77           | 29.81              | 59997.57           |
  | 2     | 41       | Activation Communication | Layer 20                                                                                                                                                                                                                                                                                              | 59997.57           | 0                  | 59997.57           |
  | 2     | 42       | Compute                  | Layer 21                                                                                                                                                                                                                                                                                              | 59997.57           | 29.81              | 60027.38           |
  | 2     | 43       | Activation Communication | Layer 21                                                                                                                                                                                                                                                                                              | 60027.38           | 47.28              | 60074.66           |
  | 2     | 44       | Compute                  | Layer 22                                                                                                                                                                                                                                                                                              | 60074.66           | 85.11              | 60159.77           |
  | 2     | 45       | Activation Communication | Layer 22                                                                                                                                                                                                                                                                                              | 60159.77           | 40.95              | 60200.72           |
  | 2     | 46       | Compute                  | Layer 23                                                                                                                                                                                                                                                                                              | 60200.72           | 399.04             | 60599.76           |
  | 2     | 47       | Activation Communication | Layer 23                                                                                                                                                                                                                                                                                              | 60599.76           | 178.41             | 60778.17           |
  | 2     | 48       | Compute                  | Layer 24                                                                                                                                                                                                                                                                                              | 60778.17           | 464.78             | 61242.95           |
  | 2     | 49       | Activation Communication | Layer 24                                                                                                                                                                                                                                                                                              | 61242.95           | 47.28              | 61290.23           |
  | 2     | 50       | Compute                  | Layer 25                                                                                                                                                                                                                                                                                              | 61290.23           | 329.22             | 61619.45           |
  | 2     | 51       | Activation Communication | Layer 25                                                                                                                                                                                                                                                                                              | 61619.45           | 15.76              | 61635.21           |
  | 2     | 52       | Compute                  | Layer 26                                                                                                                                                                                                                                                                                              | 61635.21           | 29.81              | 61665.02           |
  | 2     | 53       | Activation Communication | Layer 26                                                                                                                                                                                                                                                                                              | 61665.02           | 0                  | 61665.02           |
  | 2     | 54       | Compute                  | Layer 27                                                                                                                                                                                                                                                                                              | 61665.02           | 29.81              | 61694.82           |
  | 2     | 55       | Activation Communication | Layer 27                                                                                                                                                                                                                                                                                              | 61694.82           | 47.28              | 61742.10           |
  | 2     | 56       | Compute                  | Layer 28                                                                                                                                                                                                                                                                                              | 61742.10           | 85.11              | 61827.21           |
  | 2     | 57       | Activation Communication | Layer 28                                                                                                                                                                                                                                                                                              | 61827.21           | 43.48              | 61870.69           |
  | 2     | 58       | Compute                  | Layer 29                                                                                                                                                                                                                                                                                              | 61870.69           | 399.04             | 62269.73           |
  | 2     | 59       | Activation Communication | Layer 29                                                                                                                                                                                                                                                                                              | 62269.73           | 178.41             | 62448.15           |
  | 2     | 60       | Compute                  | Layer 30                                                                                                                                                                                                                                                                                              | 62448.15           | 464.78             | 62912.93           |
  | 2     | 61       | Activation Communication | Layer 30                                                                                                                                                                                                                                                                                              | 62912.93           | 47.28              | 62960.21           |
  | 2     | 62       | Compute                  | Layer 31                                                                                                                                                                                                                                                                                              | 62960.21           | 329.22             | 63289.43           |
  | 2     | 63       | Activation Communication | Layer 31                                                                                                                                                                                                                                                                                              | 63289.43           | 15.76              | 63305.19           |
  | 2     | 64       | Compute                  | Layer 32                                                                                                                                                                                                                                                                                              | 63305.19           | 29.81              | 63334.99           |
  | 2     | 65       | Activation Communication | Layer 32                                                                                                                                                                                                                                                                                              | 63334.99           | 0                  | 63334.99           |
  | 2     | 66       | Compute                  | Layer 33                                                                                                                                                                                                                                                                                              | 63334.99           | 29.81              | 63364.80           |
  | 2     | 67       | Activation Communication | Layer 33                                                                                                                                                                                                                                                                                              | 63364.80           | 47.28              | 63412.08           |
  | 2     | 68       | Compute                  | Layer 34                                                                                                                                                                                                                                                                                              | 63412.08           | 85.11              | 63497.19           |
  | 2     | 69       | Activation Communication | Layer 34                                                                                                                                                                                                                                                                                              | 63497.19           | 43.48              | 63540.67           |
  | 2     | 70       | Compute                  | Layer 35                                                                                                                                                                                                                                                                                              | 63540.67           | 399.04             | 63939.71           |
  | 2     | 71       | Activation Communication | Layer 35                                                                                                                                                                                                                                                                                              | 63939.71           | 178.41             | 64118.12           |
  | 2     | 72       | Compute                  | Layer 36                                                                                                                                                                                                                                                                                              | 64118.12           | 464.78             | 64582.90           |
  | 2     | 73       | Activation Communication | Layer 36                                                                                                                                                                                                                                                                                              | 64582.90           | 47.28              | 64630.18           |
  | 2     | 74       | Compute                  | Layer 37                                                                                                                                                                                                                                                                                              | 64630.18           | 329.22             | 64959.40           |
  | 2     | 75       | Activation Communication | Layer 37                                                                                                                                                                                                                                                                                              | 64959.40           | 137.90             | 65097.30           |
  | 2     | 76       | Compute                  | Layer 38                                                                                                                                                                                                                                                                                              | 65097.30           | 29.81              | 65127.11           |
  | 2     | 77       | Activation Communication | Layer 38                                                                                                                                                                                                                                                                                              | 65127.11           | 12.12              | 65139.23           |
  | 2     | 78       | Compute                  | Layer 39                                                                                                                                                                                                                                                                                              | 65139.23           | 20.92              | 65160.15           |
  | 2     | 79       | Activation Communication | Layer 39                                                                                                                                                                                                                                                                                              | 65160.15           | 33.17              | 65193.32           |
  | 2     | 80       | Compute                  | Layer 40                                                                                                                                                                                                                                                                                              | 65193.32           | 116.20             | 65309.52           |
  | 2     | 81       | Activation Communication | Layer 40                                                                                                                                                                                                                                                                                              | 65309.52           | 47.28              | 65356.80           |
  | 2     | 82       | Compute                  | Layer 41                                                                                                                                                                                                                                                                                              | 65356.80           | 267.55             | 65624.35           |
  | 2     | 83       | Activation Communication | Layer 41                                                                                                                                                                                                                                                                                              | 65624.35           | 217.73             | 65842.09           |
  | 2     | 84       | Compute                  | Layer 42                                                                                                                                                                                                                                                                                              | 65842.09           | 286.92             | 66129.00           |
  | 2     | 85       | Activation Communication | Layer 42                                                                                                                                                                                                                                                                                              | 66129.00           | 40.04              | 66169.04           |
  | 2     | 86       | Compute                  | Layer 43                                                                                                                                                                                                                                                                                              | 66169.04           | 348.59             | 66517.63           |
  | 2     | 87       | Activation Communication | Layer 43                                                                                                                                                                                                                                                                                              | 66517.63           | 0                  | 66517.63           |
  | 2     | 88       | Compute                  | Layer 44                                                                                                                                                                                                                                                                                              | 66517.63           | 29.81              | 66547.43           |
  | 2     | 89       | Activation Communication | Layer 44                                                                                                                                                                                                                                                                                              | 66547.43           | 0                  | 66547.43           |
  | 2     | 90       | Compute                  | Layer 45                                                                                                                                                                                                                                                                                              | 66547.43           | 29.81              | 66577.24           |
  | 2     | 91       | Activation Communication | Layer 45                                                                                                                                                                                                                                                                                              | 66577.24           | 47.28              | 66624.52           |
  | 2     | 92       | Compute                  | Layer 46                                                                                                                                                                                                                                                                                              | 66624.52           | 104.47             | 66728.99           |
  | 2     | 93       | Activation Communication | Layer 46                                                                                                                                                                                                                                                                                              | 66728.99           | 44.89              | 66773.89           |
  | 2     | 94       | Compute                  | Layer 47                                                                                                                                                                                                                                                                                              | 66773.89           | 379.67             | 67153.56           |
  | 2     | 95       | Activation Communication | Layer 47                                                                                                                                                                                                                                                                                              | 67153.56           | 313.59             | 67467.15           |
  | 2     | 96       | Compute                  | Layer 48                                                                                                                                                                                                                                                                                              | 67467.15           | 399.04             | 67866.19           |
  | 2     | 97       | Activation Communication | Layer 48                                                                                                                                                                                                                                                                                              | 67866.19           | 44.60              | 67910.79           |
  | 2     | 98       | Compute                  | Layer 49                                                                                                                                                                                                                                                                                              | 67910.79           | 348.59             | 68259.37           |
  | 2     | 99       | Activation Communication | Layer 49                                                                                                                                                                                                                                                                                              | 68259.37           | 0                  | 68259.37           |
  | 2     | 100      | Compute                  | Layer 50                                                                                                                                                                                                                                                                                              | 68259.37           | 29.81              | 68289.18           |
  | 2     | 101      | Activation Communication | Layer 50                                                                                                                                                                                                                                                                                              | 68289.18           | 0                  | 68289.18           |
  | 2     | 102      | Compute                  | Layer 51                                                                                                                                                                                                                                                                                              | 68289.18           | 29.81              | 68318.98           |
  | 2     | 103      | Activation Communication | Layer 51                                                                                                                                                                                                                                                                                              | 68318.98           | 47.28              | 68366.26           |
  | 2     | 104      | Compute                  | Layer 52                                                                                                                                                                                                                                                                                              | 68366.26           | 104.47             | 68470.74           |
  | 2     | 105      | Activation Communication | Layer 52                                                                                                                                                                                                                                                                                              | 68470.74           | 45.84              | 68516.58           |
  | 2     | 106      | Compute                  | Layer 53                                                                                                                                                                                                                                                                                              | 68516.58           | 379.67             | 68896.26           |
  | 2     | 107      | Activation Communication | Layer 53                                                                                                                                                                                                                                                                                              | 68896.26           | 315.90             | 69212.15           |
  | 2     | 108      | Compute                  | Layer 54                                                                                                                                                                                                                                                                                              | 69212.15           | 418.40             | 69630.56           |
  | 2     | 109      | Activation Communication | Layer 54                                                                                                                                                                                                                                                                                              | 69630.56           | 45.39              | 69675.95           |
  | 2     | 110      | Compute                  | Layer 55                                                                                                                                                                                                                                                                                              | 69675.95           | 348.59             | 70024.53           |
  | 2     | 111      | Activation Communication | Layer 55                                                                                                                                                                                                                                                                                              | 70024.53           | 0                  | 70024.53           |
  | 2     | 112      | Compute                  | Layer 56                                                                                                                                                                                                                                                                                              | 70024.53           | 29.81              | 70054.34           |
  | 2     | 113      | Activation Communication | Layer 56                                                                                                                                                                                                                                                                                              | 70054.34           | 0                  | 70054.34           |
  | 2     | 114      | Compute                  | Layer 57                                                                                                                                                                                                                                                                                              | 70054.34           | 29.81              | 70084.14           |
  | 2     | 115      | Activation Communication | Layer 57                                                                                                                                                                                                                                                                                              | 70084.14           | 47.28              | 70131.42           |
  | 2     | 116      | Compute                  | Layer 58                                                                                                                                                                                                                                                                                              | 70131.42           | 104.47             | 70235.90           |
  | 2     | 117      | Activation Communication | Layer 58                                                                                                                                                                                                                                                                                              | 70235.90           | 45.84              | 70281.74           |
  | 2     | 118      | Compute                  | Layer 59                                                                                                                                                                                                                                                                                              | 70281.74           | 379.67             | 70661.41           |
  | 2     | 119      | Activation Communication | Layer 59                                                                                                                                                                                                                                                                                              | 70661.41           | 175.26             | 70836.68           |
  | 2     | 120      | Compute                  | Layer 60                                                                                                                                                                                                                                                                                              | 70836.68           | 464.78             | 71301.46           |
  | 2     | 121      | Activation Communication | Layer 60                                                                                                                                                                                                                                                                                              | 71301.46           | 47.28              | 71348.74           |
  | 2     | 122      | Compute                  | Layer 61                                                                                                                                                                                                                                                                                              | 71348.74           | 329.22             | 71677.96           |
  | 2     | 123      | Activation Communication | Layer 61                                                                                                                                                                                                                                                                                              | 71677.96           | 15.76              | 71693.72           |
  | 2     | 124      | Compute                  | Layer 62                                                                                                                                                                                                                                                                                              | 71693.72           | 29.81              | 71723.52           |
  | 2     | 125      | Activation Communication | Layer 62                                                                                                                                                                                                                                                                                              | 71723.52           | 0                  | 71723.52           |
  | 2     | 126      | Compute                  | Layer 63                                                                                                                                                                                                                                                                                              | 71723.52           | 29.81              | 71753.33           |
  | 2     | 127      | Activation Communication | Layer 63                                                                                                                                                                                                                                                                                              | 71753.33           | 47.28              | 71800.61           |
  | 2     | 128      | Compute                  | Layer 64                                                                                                                                                                                                                                                                                              | 71800.61           | 85.11              | 71885.72           |
  | 2     | 129      | Activation Communication | Layer 64                                                                                                                                                                                                                                                                                              | 71885.72           | 43.48              | 71929.20           |
  | 2     | 130      | Compute                  | Layer 65                                                                                                                                                                                                                                                                                              | 71929.20           | 399.04             | 72328.24           |
  | 2     | 131      | Activation Communication | Layer 65                                                                                                                                                                                                                                                                                              | 72328.24           | 178.41             | 72506.65           |
  | 2     | 132      | Compute                  | Layer 66                                                                                                                                                                                                                                                                                              | 72506.65           | 464.78             | 72971.43           |
  | 2     | 133      | Activation Communication | Layer 66                                                                                                                                                                                                                                                                                              | 72971.43           | 47.28              | 73018.71           |
  | 2     | 134      | Compute                  | Layer 67                                                                                                                                                                                                                                                                                              | 73018.71           | 329.22             | 73347.93           |
  | 2     | 135      | Activation Communication | Layer 67                                                                                                                                                                                                                                                                                              | 73347.93           | 15.76              | 73363.69           |
  | 2     | 136      | Compute                  | Layer 68                                                                                                                                                                                                                                                                                              | 73363.69           | 29.81              | 73393.50           |
  | 2     | 137      | Activation Communication | Layer 68                                                                                                                                                                                                                                                                                              | 73393.50           | 0                  | 73393.50           |
  | 2     | 138      | Compute                  | Layer 69                                                                                                                                                                                                                                                                                              | 73393.50           | 29.81              | 73423.30           |
  | 2     | 139      | Activation Communication | Layer 69                                                                                                                                                                                                                                                                                              | 73423.30           | 47.28              | 73470.58           |
  | 2     | 140      | Compute                  | Layer 70                                                                                                                                                                                                                                                                                              | 73470.58           | 85.11              | 73555.69           |
  | 2     | 141      | Activation Communication | Layer 70                                                                                                                                                                                                                                                                                              | 73555.69           | 43.48              | 73599.17           |
  | 2     | 142      | Compute                  | Layer 71                                                                                                                                                                                                                                                                                              | 73599.17           | 399.04             | 73998.21           |
  | 2     | 143      | Activation Communication | Layer 71                                                                                                                                                                                                                                                                                              | 73998.21           | 178.41             | 74176.63           |
  | 2     | 144      | Compute                  | Layer 72                                                                                                                                                                                                                                                                                              | 74176.63           | 464.78             | 74641.41           |
  | 2     | 145      | Activation Communication | Layer 72                                                                                                                                                                                                                                                                                              | 74641.41           | 47.28              | 74688.69           |
  | 2     | 146      | Compute                  | Layer 73                                                                                                                                                                                                                                                                                              | 74688.69           | 0.67               | 74689.36           |
  | 3     | 0        | Compute                  | Layer 0                                                                                                                                                                                                                                                                                               | 74689.36           | 115.61             | 74804.96           |
  | 3     | 1        | Activation Communication | Layer 0                                                                                                                                                                                                                                                                                               | 74804.96           | 0                  | 74804.96           |
  | 3     | 2        | Compute                  | Layer 1                                                                                                                                                                                                                                                                                               | 74804.96           | 348.59             | 75153.55           |
  | 3     | 3        | Activation Communication | Layer 1                                                                                                                                                                                                                                                                                               | 75153.55           | 141.84             | 75295.39           |
  | 3     | 4        | Compute                  | Layer 2                                                                                                                                                                                                                                                                                               | 75295.39           | 29.81              | 75325.19           |
  | 3     | 5        | Activation Communication | Layer 2                                                                                                                                                                                                                                                                                               | 75325.19           | 12.12              | 75337.32           |
  | 3     | 6        | Compute                  | Layer 3                                                                                                                                                                                                                                                                                               | 75337.32           | 26.80              | 75364.12           |
  | 3     | 7        | Activation Communication | Layer 3                                                                                                                                                                                                                                                                                               | 75364.12           | 4.76               | 75368.88           |
  | 3     | 8        | Compute                  | Layer 4                                                                                                                                                                                                                                                                                               | 75368.88           | 116.20             | 75485.08           |
  | 3     | 9        | Activation Communication | Layer 4                                                                                                                                                                                                                                                                                               | 75485.08           | 47.28              | 75532.36           |
  | 3     | 10       | Compute                  | Layer 5                                                                                                                                                                                                                                                                                               | 75532.36           | 263.48             | 75795.84           |
  | 3     | 11       | Activation Communication | Layer 5                                                                                                                                                                                                                                                                                               | 75795.84           | 156.35             | 75952.19           |
  | 3     | 12       | Compute                  | Layer 6                                                                                                                                                                                                                                                                                               | 75952.19           | 464.78             | 76416.97           |
  | 3     | 13       | Activation Communication | Layer 6                                                                                                                                                                                                                                                                                               | 76416.97           | 47.28              | 76464.25           |
  | 3     | 14       | Compute                  | Layer 7                                                                                                                                                                                                                                                                                               | 76464.25           | 329.22             | 76793.47           |
  | 3     | 15       | Activation Communication | Layer 7                                                                                                                                                                                                                                                                                               | 76793.47           | 15.76              | 76809.23           |
  | 3     | 16       | Compute                  | Layer 8                                                                                                                                                                                                                                                                                               | 76809.23           | 29.81              | 76839.03           |
  | 3     | 17       | Activation Communication | Layer 8                                                                                                                                                                                                                                                                                               | 76839.03           | 0                  | 76839.03           |
  | 3     | 18       | Compute                  | Layer 9                                                                                                                                                                                                                                                                                               | 76839.03           | 29.81              | 76868.84           |
  | 3     | 19       | Activation Communication | Layer 9                                                                                                                                                                                                                                                                                               | 76868.84           | 47.28              | 76916.12           |
  | 3     | 20       | Compute                  | Layer 10                                                                                                                                                                                                                                                                                              | 76916.12           | 85.11              | 77001.23           |
  | 3     | 21       | Activation Communication | Layer 10                                                                                                                                                                                                                                                                                              | 77001.23           | 43.48              | 77044.71           |
  | 3     | 22       | Compute                  | Layer 11                                                                                                                                                                                                                                                                                              | 77044.71           | 399.04             | 77443.75           |
  | 3     | 23       | Activation Communication | Layer 11                                                                                                                                                                                                                                                                                              | 77443.75           | 324.73             | 77768.48           |
  | 3     | 24       | Compute                  | Layer 12                                                                                                                                                                                                                                                                                              | 77768.48           | 418.40             | 78186.88           |
  | 3     | 25       | Activation Communication | Layer 12                                                                                                                                                                                                                                                                                              | 78186.88           | 45.39              | 78232.27           |
  | 3     | 26       | Compute                  | Layer 13                                                                                                                                                                                                                                                                                              | 78232.27           | 348.59             | 78580.86           |
  | 3     | 27       | Activation Communication | Layer 13                                                                                                                                                                                                                                                                                              | 78580.86           | 0                  | 78580.86           |
  | 3     | 28       | Compute                  | Layer 14                                                                                                                                                                                                                                                                                              | 78580.86           | 29.81              | 78610.66           |
  | 3     | 29       | Activation Communication | Layer 14                                                                                                                                                                                                                                                                                              | 78610.66           | 0                  | 78610.66           |
  | 3     | 30       | Compute                  | Layer 15                                                                                                                                                                                                                                                                                              | 78610.66           | 29.81              | 78640.47           |
  | 3     | 31       | Activation Communication | Layer 15                                                                                                                                                                                                                                                                                              | 78640.47           | 47.28              | 78687.75           |
  | 3     | 32       | Compute                  | Layer 16                                                                                                                                                                                                                                                                                              | 78687.75           | 104.47             | 78792.22           |
  | 3     | 33       | Activation Communication | Layer 16                                                                                                                                                                                                                                                                                              | 78792.22           | 45.84              | 78838.07           |
  | 3     | 34       | Compute                  | Layer 17                                                                                                                                                                                                                                                                                              | 78838.07           | 379.67             | 79217.74           |
  | 3     | 35       | Activation Communication | Layer 17                                                                                                                                                                                                                                                                                              | 79217.74           | 175.26             | 79393.00           |
  | 3     | 36       | Compute                  | Layer 18                                                                                                                                                                                                                                                                                              | 79393.00           | 464.78             | 79857.78           |
  | 3     | 37       | Activation Communication | Layer 18                                                                                                                                                                                                                                                                                              | 79857.78           | 47.28              | 79905.06           |
  | 3     | 38       | Compute                  | Layer 19                                                                                                                                                                                                                                                                                              | 79905.06           | 329.22             | 80234.29           |
  | 3     | 39       | Activation Communication | Layer 19                                                                                                                                                                                                                                                                                              | 80234.29           | 15.76              | 80250.05           |
  | 3     | 40       | Compute                  | Layer 20                                                                                                                                                                                                                                                                                              | 80250.05           | 29.81              | 80279.85           |
  | 3     | 41       | Activation Communication | Layer 20                                                                                                                                                                                                                                                                                              | 80279.85           | 0                  | 80279.85           |
  | 3     | 42       | Compute                  | Layer 21                                                                                                                                                                                                                                                                                              | 80279.85           | 29.81              | 80309.66           |
  | 3     | 43       | Activation Communication | Layer 21                                                                                                                                                                                                                                                                                              | 80309.66           | 47.28              | 80356.94           |
  | 3     | 44       | Compute                  | Layer 22                                                                                                                                                                                                                                                                                              | 80356.94           | 85.11              | 80442.04           |
  | 3     | 45       | Activation Communication | Layer 22                                                                                                                                                                                                                                                                                              | 80442.04           | 40.95              | 80483.00           |
  | 3     | 46       | Compute                  | Layer 23                                                                                                                                                                                                                                                                                              | 80483.00           | 399.04             | 80882.03           |
  | 3     | 47       | Activation Communication | Layer 23                                                                                                                                                                                                                                                                                              | 80882.03           | 178.41             | 81060.45           |
  | 3     | 48       | Compute                  | Layer 24                                                                                                                                                                                                                                                                                              | 81060.45           | 464.78             | 81525.23           |
  | 3     | 49       | Activation Communication | Layer 24                                                                                                                                                                                                                                                                                              | 81525.23           | 47.28              | 81572.51           |
  | 3     | 50       | Compute                  | Layer 25                                                                                                                                                                                                                                                                                              | 81572.51           | 329.22             | 81901.73           |
  | 3     | 51       | Activation Communication | Layer 25                                                                                                                                                                                                                                                                                              | 81901.73           | 15.76              | 81917.49           |
  | 3     | 52       | Compute                  | Layer 26                                                                                                                                                                                                                                                                                              | 81917.49           | 29.81              | 81947.30           |
  | 3     | 53       | Activation Communication | Layer 26                                                                                                                                                                                                                                                                                              | 81947.30           | 0                  | 81947.30           |
  | 3     | 54       | Compute                  | Layer 27                                                                                                                                                                                                                                                                                              | 81947.30           | 29.81              | 81977.10           |
  | 3     | 55       | Activation Communication | Layer 27                                                                                                                                                                                                                                                                                              | 81977.10           | 47.28              | 82024.38           |
  | 3     | 56       | Compute                  | Layer 28                                                                                                                                                                                                                                                                                              | 82024.38           | 85.11              | 82109.49           |
  | 3     | 57       | Activation Communication | Layer 28                                                                                                                                                                                                                                                                                              | 82109.49           | 43.48              | 82152.97           |
  | 3     | 58       | Compute                  | Layer 29                                                                                                                                                                                                                                                                                              | 82152.97           | 399.04             | 82552.01           |
  | 3     | 59       | Activation Communication | Layer 29                                                                                                                                                                                                                                                                                              | 82552.01           | 178.41             | 82730.42           |
  | 3     | 60       | Compute                  | Layer 30                                                                                                                                                                                                                                                                                              | 82730.42           | 464.78             | 83195.21           |
  | 3     | 61       | Activation Communication | Layer 30                                                                                                                                                                                                                                                                                              | 83195.21           | 47.28              | 83242.49           |
  | 3     | 62       | Compute                  | Layer 31                                                                                                                                                                                                                                                                                              | 83242.49           | 329.22             | 83571.71           |
  | 3     | 63       | Activation Communication | Layer 31                                                                                                                                                                                                                                                                                              | 83571.71           | 15.76              | 83587.47           |
  | 3     | 64       | Compute                  | Layer 32                                                                                                                                                                                                                                                                                              | 83587.47           | 29.81              | 83617.27           |
  | 3     | 65       | Activation Communication | Layer 32                                                                                                                                                                                                                                                                                              | 83617.27           | 0                  | 83617.27           |
  | 3     | 66       | Compute                  | Layer 33                                                                                                                                                                                                                                                                                              | 83617.27           | 29.81              | 83647.08           |
  | 3     | 67       | Activation Communication | Layer 33                                                                                                                                                                                                                                                                                              | 83647.08           | 47.28              | 83694.36           |
  | 3     | 68       | Compute                  | Layer 34                                                                                                                                                                                                                                                                                              | 83694.36           | 85.11              | 83779.47           |
  | 3     | 69       | Activation Communication | Layer 34                                                                                                                                                                                                                                                                                              | 83779.47           | 43.48              | 83822.95           |
  | 3     | 70       | Compute                  | Layer 35                                                                                                                                                                                                                                                                                              | 83822.95           | 399.04             | 84221.98           |
  | 3     | 71       | Activation Communication | Layer 35                                                                                                                                                                                                                                                                                              | 84221.98           | 178.41             | 84400.40           |
  | 3     | 72       | Compute                  | Layer 36                                                                                                                                                                                                                                                                                              | 84400.40           | 464.78             | 84865.18           |
  | 3     | 73       | Activation Communication | Layer 36                                                                                                                                                                                                                                                                                              | 84865.18           | 47.28              | 84912.46           |
  | 3     | 74       | Compute                  | Layer 37                                                                                                                                                                                                                                                                                              | 84912.46           | 329.22             | 85241.68           |
  | 3     | 75       | Activation Communication | Layer 37                                                                                                                                                                                                                                                                                              | 85241.68           | 137.90             | 85379.58           |
  | 3     | 76       | Compute                  | Layer 38                                                                                                                                                                                                                                                                                              | 85379.58           | 29.81              | 85409.39           |
  | 3     | 77       | Activation Communication | Layer 38                                                                                                                                                                                                                                                                                              | 85409.39           | 12.12              | 85421.51           |
  | 3     | 78       | Compute                  | Layer 39                                                                                                                                                                                                                                                                                              | 85421.51           | 20.92              | 85442.43           |
  | 3     | 79       | Activation Communication | Layer 39                                                                                                                                                                                                                                                                                              | 85442.43           | 33.17              | 85475.60           |
  | 3     | 80       | Compute                  | Layer 40                                                                                                                                                                                                                                                                                              | 85475.60           | 116.20             | 85591.80           |
  | 3     | 81       | Activation Communication | Layer 40                                                                                                                                                                                                                                                                                              | 85591.80           | 47.28              | 85639.08           |
  | 3     | 82       | Compute                  | Layer 41                                                                                                                                                                                                                                                                                              | 85639.08           | 267.55             | 85906.63           |
  | 3     | 83       | Activation Communication | Layer 41                                                                                                                                                                                                                                                                                              | 85906.63           | 217.73             | 86124.36           |
  | 3     | 84       | Compute                  | Layer 42                                                                                                                                                                                                                                                                                              | 86124.36           | 286.92             | 86411.28           |
  | 3     | 85       | Activation Communication | Layer 42                                                                                                                                                                                                                                                                                              | 86411.28           | 40.04              | 86451.32           |
  | 3     | 86       | Compute                  | Layer 43                                                                                                                                                                                                                                                                                              | 86451.32           | 348.59             | 86799.91           |
  | 3     | 87       | Activation Communication | Layer 43                                                                                                                                                                                                                                                                                              | 86799.91           | 0                  | 86799.91           |
  | 3     | 88       | Compute                  | Layer 44                                                                                                                                                                                                                                                                                              | 86799.91           | 29.81              | 86829.71           |
  | 3     | 89       | Activation Communication | Layer 44                                                                                                                                                                                                                                                                                              | 86829.71           | 0                  | 86829.71           |
  | 3     | 90       | Compute                  | Layer 45                                                                                                                                                                                                                                                                                              | 86829.71           | 29.81              | 86859.52           |
  | 3     | 91       | Activation Communication | Layer 45                                                                                                                                                                                                                                                                                              | 86859.52           | 47.28              | 86906.80           |
  | 3     | 92       | Compute                  | Layer 46                                                                                                                                                                                                                                                                                              | 86906.80           | 104.47             | 87011.27           |
  | 3     | 93       | Activation Communication | Layer 46                                                                                                                                                                                                                                                                                              | 87011.27           | 44.89              | 87056.16           |
  | 3     | 94       | Compute                  | Layer 47                                                                                                                                                                                                                                                                                              | 87056.16           | 379.67             | 87435.84           |
  | 3     | 95       | Activation Communication | Layer 47                                                                                                                                                                                                                                                                                              | 87435.84           | 313.59             | 87749.43           |
  | 3     | 96       | Compute                  | Layer 48                                                                                                                                                                                                                                                                                              | 87749.43           | 399.04             | 88148.46           |
  | 3     | 97       | Activation Communication | Layer 48                                                                                                                                                                                                                                                                                              | 88148.46           | 44.60              | 88193.06           |
  | 3     | 98       | Compute                  | Layer 49                                                                                                                                                                                                                                                                                              | 88193.06           | 348.59             | 88541.65           |
  | 3     | 99       | Activation Communication | Layer 49                                                                                                                                                                                                                                                                                              | 88541.65           | 0                  | 88541.65           |
  | 3     | 100      | Compute                  | Layer 50                                                                                                                                                                                                                                                                                              | 88541.65           | 29.81              | 88571.46           |
  | 3     | 101      | Activation Communication | Layer 50                                                                                                                                                                                                                                                                                              | 88571.46           | 0                  | 88571.46           |
  | 3     | 102      | Compute                  | Layer 51                                                                                                                                                                                                                                                                                              | 88571.46           | 29.81              | 88601.26           |
  | 3     | 103      | Activation Communication | Layer 51                                                                                                                                                                                                                                                                                              | 88601.26           | 47.28              | 88648.54           |
  | 3     | 104      | Compute                  | Layer 52                                                                                                                                                                                                                                                                                              | 88648.54           | 104.47             | 88753.02           |
  | 3     | 105      | Activation Communication | Layer 52                                                                                                                                                                                                                                                                                              | 88753.02           | 45.84              | 88798.86           |
  | 3     | 106      | Compute                  | Layer 53                                                                                                                                                                                                                                                                                              | 88798.86           | 379.67             | 89178.53           |
  | 3     | 107      | Activation Communication | Layer 53                                                                                                                                                                                                                                                                                              | 89178.53           | 315.90             | 89494.43           |
  | 3     | 108      | Compute                  | Layer 54                                                                                                                                                                                                                                                                                              | 89494.43           | 418.40             | 89912.83           |
  | 3     | 109      | Activation Communication | Layer 54                                                                                                                                                                                                                                                                                              | 89912.83           | 45.39              | 89958.22           |
  | 3     | 110      | Compute                  | Layer 55                                                                                                                                                                                                                                                                                              | 89958.22           | 348.59             | 90306.81           |
  | 3     | 111      | Activation Communication | Layer 55                                                                                                                                                                                                                                                                                              | 90306.81           | 0                  | 90306.81           |
  | 3     | 112      | Compute                  | Layer 56                                                                                                                                                                                                                                                                                              | 90306.81           | 29.81              | 90336.61           |
  | 3     | 113      | Activation Communication | Layer 56                                                                                                                                                                                                                                                                                              | 90336.61           | 0                  | 90336.61           |
  | 3     | 114      | Compute                  | Layer 57                                                                                                                                                                                                                                                                                              | 90336.61           | 29.81              | 90366.42           |
  | 3     | 115      | Activation Communication | Layer 57                                                                                                                                                                                                                                                                                              | 90366.42           | 47.28              | 90413.70           |
  | 3     | 116      | Compute                  | Layer 58                                                                                                                                                                                                                                                                                              | 90413.70           | 104.47             | 90518.17           |
  | 3     | 117      | Activation Communication | Layer 58                                                                                                                                                                                                                                                                                              | 90518.17           | 45.84              | 90564.02           |
  | 3     | 118      | Compute                  | Layer 59                                                                                                                                                                                                                                                                                              | 90564.02           | 379.67             | 90943.69           |
  | 3     | 119      | Activation Communication | Layer 59                                                                                                                                                                                                                                                                                              | 90943.69           | 175.26             | 91118.95           |
  | 3     | 120      | Compute                  | Layer 60                                                                                                                                                                                                                                                                                              | 91118.95           | 464.78             | 91583.74           |
  | 3     | 121      | Activation Communication | Layer 60                                                                                                                                                                                                                                                                                              | 91583.74           | 47.28              | 91631.02           |
  | 3     | 122      | Compute                  | Layer 61                                                                                                                                                                                                                                                                                              | 91631.02           | 329.22             | 91960.24           |
  | 3     | 123      | Activation Communication | Layer 61                                                                                                                                                                                                                                                                                              | 91960.24           | 15.76              | 91976.00           |
  | 3     | 124      | Compute                  | Layer 62                                                                                                                                                                                                                                                                                              | 91976.00           | 29.81              | 92005.80           |
  | 3     | 125      | Activation Communication | Layer 62                                                                                                                                                                                                                                                                                              | 92005.80           | 0                  | 92005.80           |
  | 3     | 126      | Compute                  | Layer 63                                                                                                                                                                                                                                                                                              | 92005.80           | 29.81              | 92035.61           |
  | 3     | 127      | Activation Communication | Layer 63                                                                                                                                                                                                                                                                                              | 92035.61           | 47.28              | 92082.89           |
  | 3     | 128      | Compute                  | Layer 64                                                                                                                                                                                                                                                                                              | 92082.89           | 85.11              | 92168.00           |
  | 3     | 129      | Activation Communication | Layer 64                                                                                                                                                                                                                                                                                              | 92168.00           | 43.48              | 92211.48           |
  | 3     | 130      | Compute                  | Layer 65                                                                                                                                                                                                                                                                                              | 92211.48           | 399.04             | 92610.51           |
  | 3     | 131      | Activation Communication | Layer 65                                                                                                                                                                                                                                                                                              | 92610.51           | 178.41             | 92788.93           |
  | 3     | 132      | Compute                  | Layer 66                                                                                                                                                                                                                                                                                              | 92788.93           | 464.78             | 93253.71           |
  | 3     | 133      | Activation Communication | Layer 66                                                                                                                                                                                                                                                                                              | 93253.71           | 47.28              | 93300.99           |
  | 3     | 134      | Compute                  | Layer 67                                                                                                                                                                                                                                                                                              | 93300.99           | 329.22             | 93630.21           |
  | 3     | 135      | Activation Communication | Layer 67                                                                                                                                                                                                                                                                                              | 93630.21           | 15.76              | 93645.97           |
  | 3     | 136      | Compute                  | Layer 68                                                                                                                                                                                                                                                                                              | 93645.97           | 29.81              | 93675.78           |
  | 3     | 137      | Activation Communication | Layer 68                                                                                                                                                                                                                                                                                              | 93675.78           | 0                  | 93675.78           |
  | 3     | 138      | Compute                  | Layer 69                                                                                                                                                                                                                                                                                              | 93675.78           | 29.81              | 93705.58           |
  | 3     | 139      | Activation Communication | Layer 69                                                                                                                                                                                                                                                                                              | 93705.58           | 47.28              | 93752.86           |
  | 3     | 140      | Compute                  | Layer 70                                                                                                                                                                                                                                                                                              | 93752.86           | 85.11              | 93837.97           |
  | 3     | 141      | Activation Communication | Layer 70                                                                                                                                                                                                                                                                                              | 93837.97           | 43.48              | 93881.45           |
  | 3     | 142      | Compute                  | Layer 71                                                                                                                                                                                                                                                                                              | 93881.45           | 399.04             | 94280.49           |
  | 3     | 143      | Activation Communication | Layer 71                                                                                                                                                                                                                                                                                              | 94280.49           | 178.41             | 94458.90           |
  | 3     | 144      | Compute                  | Layer 72                                                                                                                                                                                                                                                                                              | 94458.90           | 464.78             | 94923.68           |
  | 3     | 145      | Activation Communication | Layer 72                                                                                                                                                                                                                                                                                              | 94923.68           | 47.28              | 94970.96           |
  | 3     | 146      | Compute                  | Layer 73                                                                                                                                                                                                                                                                                              | 94970.96           | 0.67               | 94971.63           |
  | 4     | 0        | Compute                  | Layer 0                                                                                                                                                                                                                                                                                               | 94971.63           | 115.61             | 95087.24           |
  | 4     | 1        | Activation Communication | Layer 0                                                                                                                                                                                                                                                                                               | 95087.24           | 0                  | 95087.24           |
  | 4     | 2        | Compute                  | Layer 1                                                                                                                                                                                                                                                                                               | 95087.24           | 348.59             | 95435.83           |
  | 4     | 3        | Activation Communication | Layer 1                                                                                                                                                                                                                                                                                               | 95435.83           | 141.84             | 95577.67           |
  | 4     | 4        | Compute                  | Layer 2                                                                                                                                                                                                                                                                                               | 95577.67           | 29.81              | 95607.47           |
  | 4     | 5        | Activation Communication | Layer 2                                                                                                                                                                                                                                                                                               | 95607.47           | 12.12              | 95619.60           |
  | 4     | 6        | Compute                  | Layer 3                                                                                                                                                                                                                                                                                               | 95619.60           | 26.80              | 95646.39           |
  | 4     | 7        | Activation Communication | Layer 3                                                                                                                                                                                                                                                                                               | 95646.39           | 4.76               | 95651.16           |
  | 4     | 8        | Compute                  | Layer 4                                                                                                                                                                                                                                                                                               | 95651.16           | 116.20             | 95767.35           |
  | 4     | 9        | Activation Communication | Layer 4                                                                                                                                                                                                                                                                                               | 95767.35           | 47.28              | 95814.63           |
  | 4     | 10       | Compute                  | Layer 5                                                                                                                                                                                                                                                                                               | 95814.63           | 263.48             | 96078.11           |
  | 4     | 11       | Activation Communication | Layer 5                                                                                                                                                                                                                                                                                               | 96078.11           | 156.35             | 96234.46           |
  | 4     | 12       | Compute                  | Layer 6                                                                                                                                                                                                                                                                                               | 96234.46           | 464.78             | 96699.24           |
  | 4     | 13       | Activation Communication | Layer 6                                                                                                                                                                                                                                                                                               | 96699.24           | 47.28              | 96746.52           |
  | 4     | 14       | Compute                  | Layer 7                                                                                                                                                                                                                                                                                               | 96746.52           | 329.22             | 97075.74           |
  | 4     | 15       | Activation Communication | Layer 7                                                                                                                                                                                                                                                                                               | 97075.74           | 15.76              | 97091.50           |
  | 4     | 16       | Compute                  | Layer 8                                                                                                                                                                                                                                                                                               | 97091.50           | 29.81              | 97121.31           |
  | 4     | 17       | Activation Communication | Layer 8                                                                                                                                                                                                                                                                                               | 97121.31           | 0                  | 97121.31           |
  | 4     | 18       | Compute                  | Layer 9                                                                                                                                                                                                                                                                                               | 97121.31           | 29.81              | 97151.12           |
  | 4     | 19       | Activation Communication | Layer 9                                                                                                                                                                                                                                                                                               | 97151.12           | 47.28              | 97198.40           |
  | 4     | 20       | Compute                  | Layer 10                                                                                                                                                                                                                                                                                              | 97198.40           | 85.11              | 97283.50           |
  | 4     | 21       | Activation Communication | Layer 10                                                                                                                                                                                                                                                                                              | 97283.50           | 43.48              | 97326.99           |
  | 4     | 22       | Compute                  | Layer 11                                                                                                                                                                                                                                                                                              | 97326.99           | 399.04             | 97726.02           |
  | 4     | 23       | Activation Communication | Layer 11                                                                                                                                                                                                                                                                                              | 97726.02           | 324.73             | 98050.76           |
  | 4     | 24       | Compute                  | Layer 12                                                                                                                                                                                                                                                                                              | 98050.76           | 418.40             | 98469.16           |
  | 4     | 25       | Activation Communication | Layer 12                                                                                                                                                                                                                                                                                              | 98469.16           | 45.39              | 98514.55           |
  | 4     | 26       | Compute                  | Layer 13                                                                                                                                                                                                                                                                                              | 98514.55           | 348.59             | 98863.13           |
  | 4     | 27       | Activation Communication | Layer 13                                                                                                                                                                                                                                                                                              | 98863.13           | 0                  | 98863.13           |
  | 4     | 28       | Compute                  | Layer 14                                                                                                                                                                                                                                                                                              | 98863.13           | 29.81              | 98892.94           |
  | 4     | 29       | Activation Communication | Layer 14                                                                                                                                                                                                                                                                                              | 98892.94           | 0                  | 98892.94           |
  | 4     | 30       | Compute                  | Layer 15                                                                                                                                                                                                                                                                                              | 98892.94           | 29.81              | 98922.75           |
  | 4     | 31       | Activation Communication | Layer 15                                                                                                                                                                                                                                                                                              | 98922.75           | 47.28              | 98970.03           |
  | 4     | 32       | Compute                  | Layer 16                                                                                                                                                                                                                                                                                              | 98970.03           | 104.47             | 99074.50           |
  | 4     | 33       | Activation Communication | Layer 16                                                                                                                                                                                                                                                                                              | 99074.50           | 45.84              | 99120.35           |
  | 4     | 34       | Compute                  | Layer 17                                                                                                                                                                                                                                                                                              | 99120.35           | 379.67             | 99500.02           |
  | 4     | 35       | Activation Communication | Layer 17                                                                                                                                                                                                                                                                                              | 99500.02           | 175.26             | 99675.28           |
  | 4     | 36       | Compute                  | Layer 18                                                                                                                                                                                                                                                                                              | 99675.28           | 464.78             | 100140.06          |
  | 4     | 37       | Activation Communication | Layer 18                                                                                                                                                                                                                                                                                              | 100140.06          | 47.28              | 100187.34          |
  | 4     | 38       | Compute                  | Layer 19                                                                                                                                                                                                                                                                                              | 100187.34          | 329.22             | 100516.56          |
  | 4     | 39       | Activation Communication | Layer 19                                                                                                                                                                                                                                                                                              | 100516.56          | 15.76              | 100532.32          |
  | 4     | 40       | Compute                  | Layer 20                                                                                                                                                                                                                                                                                              | 100532.32          | 29.81              | 100562.13          |
  | 4     | 41       | Activation Communication | Layer 20                                                                                                                                                                                                                                                                                              | 100562.13          | 0                  | 100562.13          |
  | 4     | 42       | Compute                  | Layer 21                                                                                                                                                                                                                                                                                              | 100562.13          | 29.81              | 100591.93          |
  | 4     | 43       | Activation Communication | Layer 21                                                                                                                                                                                                                                                                                              | 100591.93          | 47.28              | 100639.21          |
  | 4     | 44       | Compute                  | Layer 22                                                                                                                                                                                                                                                                                              | 100639.21          | 85.11              | 100724.32          |
  | 4     | 45       | Activation Communication | Layer 22                                                                                                                                                                                                                                                                                              | 100724.32          | 40.95              | 100765.27          |
  | 4     | 46       | Compute                  | Layer 23                                                                                                                                                                                                                                                                                              | 100765.27          | 399.04             | 101164.31          |
  | 4     | 47       | Activation Communication | Layer 23                                                                                                                                                                                                                                                                                              | 101164.31          | 178.41             | 101342.73          |
  | 4     | 48       | Compute                  | Layer 24                                                                                                                                                                                                                                                                                              | 101342.73          | 464.78             | 101807.51          |
  | 4     | 49       | Activation Communication | Layer 24                                                                                                                                                                                                                                                                                              | 101807.51          | 47.28              | 101854.79          |
  | 4     | 50       | Compute                  | Layer 25                                                                                                                                                                                                                                                                                              | 101854.79          | 329.22             | 102184.01          |
  | 4     | 51       | Activation Communication | Layer 25                                                                                                                                                                                                                                                                                              | 102184.01          | 15.76              | 102199.77          |
  | 4     | 52       | Compute                  | Layer 26                                                                                                                                                                                                                                                                                              | 102199.77          | 29.81              | 102229.57          |
  | 4     | 53       | Activation Communication | Layer 26                                                                                                                                                                                                                                                                                              | 102229.57          | 0                  | 102229.57          |
  | 4     | 54       | Compute                  | Layer 27                                                                                                                                                                                                                                                                                              | 102229.57          | 29.81              | 102259.38          |
  | 4     | 55       | Activation Communication | Layer 27                                                                                                                                                                                                                                                                                              | 102259.38          | 47.28              | 102306.66          |
  | 4     | 56       | Compute                  | Layer 28                                                                                                                                                                                                                                                                                              | 102306.66          | 85.11              | 102391.77          |
  | 4     | 57       | Activation Communication | Layer 28                                                                                                                                                                                                                                                                                              | 102391.77          | 43.48              | 102435.25          |
  | 4     | 58       | Compute                  | Layer 29                                                                                                                                                                                                                                                                                              | 102435.25          | 399.04             | 102834.29          |
  | 4     | 59       | Activation Communication | Layer 29                                                                                                                                                                                                                                                                                              | 102834.29          | 178.41             | 103012.70          |
  | 4     | 60       | Compute                  | Layer 30                                                                                                                                                                                                                                                                                              | 103012.70          | 464.78             | 103477.48          |
  | 4     | 61       | Activation Communication | Layer 30                                                                                                                                                                                                                                                                                              | 103477.48          | 47.28              | 103524.76          |
  | 4     | 62       | Compute                  | Layer 31                                                                                                                                                                                                                                                                                              | 103524.76          | 329.22             | 103853.98          |
  | 4     | 63       | Activation Communication | Layer 31                                                                                                                                                                                                                                                                                              | 103853.98          | 15.76              | 103869.74          |
  | 4     | 64       | Compute                  | Layer 32                                                                                                                                                                                                                                                                                              | 103869.74          | 29.81              | 103899.55          |
  | 4     | 65       | Activation Communication | Layer 32                                                                                                                                                                                                                                                                                              | 103899.55          | 0                  | 103899.55          |
  | 4     | 66       | Compute                  | Layer 33                                                                                                                                                                                                                                                                                              | 103899.55          | 29.81              | 103929.35          |
  | 4     | 67       | Activation Communication | Layer 33                                                                                                                                                                                                                                                                                              | 103929.35          | 47.28              | 103976.63          |
  | 4     | 68       | Compute                  | Layer 34                                                                                                                                                                                                                                                                                              | 103976.63          | 85.11              | 104061.74          |
  | 4     | 69       | Activation Communication | Layer 34                                                                                                                                                                                                                                                                                              | 104061.74          | 43.48              | 104105.22          |
  | 4     | 70       | Compute                  | Layer 35                                                                                                                                                                                                                                                                                              | 104105.22          | 399.04             | 104504.26          |
  | 4     | 71       | Activation Communication | Layer 35                                                                                                                                                                                                                                                                                              | 104504.26          | 178.41             | 104682.68          |
  | 4     | 72       | Compute                  | Layer 36                                                                                                                                                                                                                                                                                              | 104682.68          | 464.78             | 105147.46          |
  | 4     | 73       | Activation Communication | Layer 36                                                                                                                                                                                                                                                                                              | 105147.46          | 47.28              | 105194.74          |
  | 4     | 74       | Compute                  | Layer 37                                                                                                                                                                                                                                                                                              | 105194.74          | 329.22             | 105523.96          |
  | 4     | 75       | Activation Communication | Layer 37                                                                                                                                                                                                                                                                                              | 105523.96          | 137.90             | 105661.86          |
  | 4     | 76       | Compute                  | Layer 38                                                                                                                                                                                                                                                                                              | 105661.86          | 29.81              | 105691.66          |
  | 4     | 77       | Activation Communication | Layer 38                                                                                                                                                                                                                                                                                              | 105691.66          | 12.12              | 105703.79          |
  | 4     | 78       | Compute                  | Layer 39                                                                                                                                                                                                                                                                                              | 105703.79          | 20.92              | 105724.70          |
  | 4     | 79       | Activation Communication | Layer 39                                                                                                                                                                                                                                                                                              | 105724.70          | 33.17              | 105757.88          |
  | 4     | 80       | Compute                  | Layer 40                                                                                                                                                                                                                                                                                              | 105757.88          | 116.20             | 105874.07          |
  | 4     | 81       | Activation Communication | Layer 40                                                                                                                                                                                                                                                                                              | 105874.07          | 47.28              | 105921.35          |
  | 4     | 82       | Compute                  | Layer 41                                                                                                                                                                                                                                                                                              | 105921.35          | 267.55             | 106188.91          |
  | 4     | 83       | Activation Communication | Layer 41                                                                                                                                                                                                                                                                                              | 106188.91          | 217.73             | 106406.64          |
  | 4     | 84       | Compute                  | Layer 42                                                                                                                                                                                                                                                                                              | 106406.64          | 286.92             | 106693.56          |
  | 4     | 85       | Activation Communication | Layer 42                                                                                                                                                                                                                                                                                              | 106693.56          | 40.04              | 106733.60          |
  | 4     | 86       | Compute                  | Layer 43                                                                                                                                                                                                                                                                                              | 106733.60          | 348.59             | 107082.18          |
  | 4     | 87       | Activation Communication | Layer 43                                                                                                                                                                                                                                                                                              | 107082.18          | 0                  | 107082.18          |
  | 4     | 88       | Compute                  | Layer 44                                                                                                                                                                                                                                                                                              | 107082.18          | 29.81              | 107111.99          |
  | 4     | 89       | Activation Communication | Layer 44                                                                                                                                                                                                                                                                                              | 107111.99          | 0                  | 107111.99          |
  | 4     | 90       | Compute                  | Layer 45                                                                                                                                                                                                                                                                                              | 107111.99          | 29.81              | 107141.79          |
  | 4     | 91       | Activation Communication | Layer 45                                                                                                                                                                                                                                                                                              | 107141.79          | 47.28              | 107189.07          |
  | 4     | 92       | Compute                  | Layer 46                                                                                                                                                                                                                                                                                              | 107189.07          | 104.47             | 107293.55          |
  | 4     | 93       | Activation Communication | Layer 46                                                                                                                                                                                                                                                                                              | 107293.55          | 44.89              | 107338.44          |
  | 4     | 94       | Compute                  | Layer 47                                                                                                                                                                                                                                                                                              | 107338.44          | 379.67             | 107718.11          |
  | 4     | 95       | Activation Communication | Layer 47                                                                                                                                                                                                                                                                                              | 107718.11          | 313.59             | 108031.70          |
  | 4     | 96       | Compute                  | Layer 48                                                                                                                                                                                                                                                                                              | 108031.70          | 399.04             | 108430.74          |
  | 4     | 97       | Activation Communication | Layer 48                                                                                                                                                                                                                                                                                              | 108430.74          | 44.60              | 108475.34          |
  | 4     | 98       | Compute                  | Layer 49                                                                                                                                                                                                                                                                                              | 108475.34          | 348.59             | 108823.93          |
  | 4     | 99       | Activation Communication | Layer 49                                                                                                                                                                                                                                                                                              | 108823.93          | 0                  | 108823.93          |
  | 4     | 100      | Compute                  | Layer 50                                                                                                                                                                                                                                                                                              | 108823.93          | 29.81              | 108853.73          |
  | 4     | 101      | Activation Communication | Layer 50                                                                                                                                                                                                                                                                                              | 108853.73          | 0                  | 108853.73          |
  | 4     | 102      | Compute                  | Layer 51                                                                                                                                                                                                                                                                                              | 108853.73          | 29.81              | 108883.54          |
  | 4     | 103      | Activation Communication | Layer 51                                                                                                                                                                                                                                                                                              | 108883.54          | 47.28              | 108930.82          |
  | 4     | 104      | Compute                  | Layer 52                                                                                                                                                                                                                                                                                              | 108930.82          | 104.47             | 109035.29          |
  | 4     | 105      | Activation Communication | Layer 52                                                                                                                                                                                                                                                                                              | 109035.29          | 45.84              | 109081.14          |
  | 4     | 106      | Compute                  | Layer 53                                                                                                                                                                                                                                                                                              | 109081.14          | 379.67             | 109460.81          |
  | 4     | 107      | Activation Communication | Layer 53                                                                                                                                                                                                                                                                                              | 109460.81          | 315.90             | 109776.71          |
  | 4     | 108      | Compute                  | Layer 54                                                                                                                                                                                                                                                                                              | 109776.71          | 418.40             | 110195.11          |
  | 4     | 109      | Activation Communication | Layer 54                                                                                                                                                                                                                                                                                              | 110195.11          | 45.39              | 110240.50          |
  | 4     | 110      | Compute                  | Layer 55                                                                                                                                                                                                                                                                                              | 110240.50          | 348.59             | 110589.09          |
  | 4     | 111      | Activation Communication | Layer 55                                                                                                                                                                                                                                                                                              | 110589.09          | 0                  | 110589.09          |
  | 4     | 112      | Compute                  | Layer 56                                                                                                                                                                                                                                                                                              | 110589.09          | 29.81              | 110618.89          |
  | 4     | 113      | Activation Communication | Layer 56                                                                                                                                                                                                                                                                                              | 110618.89          | 0                  | 110618.89          |
  | 4     | 114      | Compute                  | Layer 57                                                                                                                                                                                                                                                                                              | 110618.89          | 29.81              | 110648.70          |
  | 4     | 115      | Activation Communication | Layer 57                                                                                                                                                                                                                                                                                              | 110648.70          | 47.28              | 110695.98          |
  | 4     | 116      | Compute                  | Layer 58                                                                                                                                                                                                                                                                                              | 110695.98          | 104.47             | 110800.45          |
  | 4     | 117      | Activation Communication | Layer 58                                                                                                                                                                                                                                                                                              | 110800.45          | 45.84              | 110846.30          |
  | 4     | 118      | Compute                  | Layer 59                                                                                                                                                                                                                                                                                              | 110846.30          | 379.67             | 111225.97          |
  | 4     | 119      | Activation Communication | Layer 59                                                                                                                                                                                                                                                                                              | 111225.97          | 175.26             | 111401.23          |
  | 4     | 120      | Compute                  | Layer 60                                                                                                                                                                                                                                                                                              | 111401.23          | 464.78             | 111866.01          |
  | 4     | 121      | Activation Communication | Layer 60                                                                                                                                                                                                                                                                                              | 111866.01          | 47.28              | 111913.29          |
  | 4     | 122      | Compute                  | Layer 61                                                                                                                                                                                                                                                                                              | 111913.29          | 329.22             | 112242.51          |
  | 4     | 123      | Activation Communication | Layer 61                                                                                                                                                                                                                                                                                              | 112242.51          | 15.76              | 112258.27          |
  | 4     | 124      | Compute                  | Layer 62                                                                                                                                                                                                                                                                                              | 112258.27          | 29.81              | 112288.08          |
  | 4     | 125      | Activation Communication | Layer 62                                                                                                                                                                                                                                                                                              | 112288.08          | 0                  | 112288.08          |
  | 4     | 126      | Compute                  | Layer 63                                                                                                                                                                                                                                                                                              | 112288.08          | 29.81              | 112317.88          |
  | 4     | 127      | Activation Communication | Layer 63                                                                                                                                                                                                                                                                                              | 112317.88          | 47.28              | 112365.16          |
  | 4     | 128      | Compute                  | Layer 64                                                                                                                                                                                                                                                                                              | 112365.16          | 85.11              | 112450.27          |
  | 4     | 129      | Activation Communication | Layer 64                                                                                                                                                                                                                                                                                              | 112450.27          | 43.48              | 112493.75          |
  | 4     | 130      | Compute                  | Layer 65                                                                                                                                                                                                                                                                                              | 112493.75          | 399.04             | 112892.79          |
  | 4     | 131      | Activation Communication | Layer 65                                                                                                                                                                                                                                                                                              | 112892.79          | 178.41             | 113071.21          |
  | 4     | 132      | Compute                  | Layer 66                                                                                                                                                                                                                                                                                              | 113071.21          | 464.78             | 113535.99          |
  | 4     | 133      | Activation Communication | Layer 66                                                                                                                                                                                                                                                                                              | 113535.99          | 47.28              | 113583.27          |
  | 4     | 134      | Compute                  | Layer 67                                                                                                                                                                                                                                                                                              | 113583.27          | 329.22             | 113912.49          |
  | 4     | 135      | Activation Communication | Layer 67                                                                                                                                                                                                                                                                                              | 113912.49          | 15.76              | 113928.25          |
  | 4     | 136      | Compute                  | Layer 68                                                                                                                                                                                                                                                                                              | 113928.25          | 29.81              | 113958.05          |
  | 4     | 137      | Activation Communication | Layer 68                                                                                                                                                                                                                                                                                              | 113958.05          | 0                  | 113958.05          |
  | 4     | 138      | Compute                  | Layer 69                                                                                                                                                                                                                                                                                              | 113958.05          | 29.81              | 113987.86          |
  | 4     | 139      | Activation Communication | Layer 69                                                                                                                                                                                                                                                                                              | 113987.86          | 47.28              | 114035.14          |
  | 4     | 140      | Compute                  | Layer 70                                                                                                                                                                                                                                                                                              | 114035.14          | 85.11              | 114120.25          |
  | 4     | 141      | Activation Communication | Layer 70                                                                                                                                                                                                                                                                                              | 114120.25          | 43.48              | 114163.73          |
  | 4     | 142      | Compute                  | Layer 71                                                                                                                                                                                                                                                                                              | 114163.73          | 399.04             | 114562.77          |
  | 4     | 143      | Activation Communication | Layer 71                                                                                                                                                                                                                                                                                              | 114562.77          | 178.41             | 114741.18          |
  | 4     | 144      | Compute                  | Layer 72                                                                                                                                                                                                                                                                                              | 114741.18          | 464.78             | 115205.96          |
  | 4     | 145      | Activation Communication | Layer 72                                                                                                                                                                                                                                                                                              | 115205.96          | 47.28              | 115253.24          |
  | 4     | 146      | Compute                  | Layer 73                                                                                                                                                                                                                                                                                              | 115253.24          | 0.67               | 115253.91          |
  | 5     | 0        | Compute                  | Layer 0                                                                                                                                                                                                                                                                                               | 115253.91          | 115.61             | 115369.52          |
  | 5     | 1        | Activation Communication | Layer 0                                                                                                                                                                                                                                                                                               | 115369.52          | 0                  | 115369.52          |
  | 5     | 2        | Compute                  | Layer 1                                                                                                                                                                                                                                                                                               | 115369.52          | 348.59             | 115718.10          |
  | 5     | 3        | Activation Communication | Layer 1                                                                                                                                                                                                                                                                                               | 115718.10          | 141.84             | 115859.94          |
  | 5     | 4        | Compute                  | Layer 2                                                                                                                                                                                                                                                                                               | 115859.94          | 29.81              | 115889.75          |
  | 5     | 5        | Activation Communication | Layer 2                                                                                                                                                                                                                                                                                               | 115889.75          | 12.12              | 115901.87          |
  | 5     | 6        | Compute                  | Layer 3                                                                                                                                                                                                                                                                                               | 115901.87          | 26.80              | 115928.67          |
  | 5     | 7        | Activation Communication | Layer 3                                                                                                                                                                                                                                                                                               | 115928.67          | 4.76               | 115933.44          |
  | 5     | 8        | Compute                  | Layer 4                                                                                                                                                                                                                                                                                               | 115933.44          | 116.20             | 116049.63          |
  | 5     | 9        | Activation Communication | Layer 4                                                                                                                                                                                                                                                                                               | 116049.63          | 47.28              | 116096.91          |
  | 5     | 10       | Compute                  | Layer 5                                                                                                                                                                                                                                                                                               | 116096.91          | 263.48             | 116360.39          |
  | 5     | 11       | Activation Communication | Layer 5                                                                                                                                                                                                                                                                                               | 116360.39          | 156.35             | 116516.74          |
  | 5     | 12       | Compute                  | Layer 6                                                                                                                                                                                                                                                                                               | 116516.74          | 464.78             | 116981.52          |
  | 5     | 13       | Activation Communication | Layer 6                                                                                                                                                                                                                                                                                               | 116981.52          | 47.28              | 117028.80          |
  | 5     | 14       | Compute                  | Layer 7                                                                                                                                                                                                                                                                                               | 117028.80          | 329.22             | 117358.02          |
  | 5     | 15       | Activation Communication | Layer 7                                                                                                                                                                                                                                                                                               | 117358.02          | 15.76              | 117373.78          |
  | 5     | 16       | Compute                  | Layer 8                                                                                                                                                                                                                                                                                               | 117373.78          | 29.81              | 117403.59          |
  | 5     | 17       | Activation Communication | Layer 8                                                                                                                                                                                                                                                                                               | 117403.59          | 0                  | 117403.59          |
  | 5     | 18       | Compute                  | Layer 9                                                                                                                                                                                                                                                                                               | 117403.59          | 29.81              | 117433.39          |
  | 5     | 19       | Activation Communication | Layer 9                                                                                                                                                                                                                                                                                               | 117433.39          | 47.28              | 117480.67          |
  | 5     | 20       | Compute                  | Layer 10                                                                                                                                                                                                                                                                                              | 117480.67          | 85.11              | 117565.78          |
  | 5     | 21       | Activation Communication | Layer 10                                                                                                                                                                                                                                                                                              | 117565.78          | 43.48              | 117609.26          |
  | 5     | 22       | Compute                  | Layer 11                                                                                                                                                                                                                                                                                              | 117609.26          | 399.04             | 118008.30          |
  | 5     | 23       | Activation Communication | Layer 11                                                                                                                                                                                                                                                                                              | 118008.30          | 324.73             | 118333.03          |
  | 5     | 24       | Compute                  | Layer 12                                                                                                                                                                                                                                                                                              | 118333.03          | 418.40             | 118751.44          |
  | 5     | 25       | Activation Communication | Layer 12                                                                                                                                                                                                                                                                                              | 118751.44          | 45.39              | 118796.83          |
  | 5     | 26       | Compute                  | Layer 13                                                                                                                                                                                                                                                                                              | 118796.83          | 348.59             | 119145.41          |
  | 5     | 27       | Activation Communication | Layer 13                                                                                                                                                                                                                                                                                              | 119145.41          | 0                  | 119145.41          |
  | 5     | 28       | Compute                  | Layer 14                                                                                                                                                                                                                                                                                              | 119145.41          | 29.81              | 119175.22          |
  | 5     | 29       | Activation Communication | Layer 14                                                                                                                                                                                                                                                                                              | 119175.22          | 0                  | 119175.22          |
  | 5     | 30       | Compute                  | Layer 15                                                                                                                                                                                                                                                                                              | 119175.22          | 29.81              | 119205.02          |
  | 5     | 31       | Activation Communication | Layer 15                                                                                                                                                                                                                                                                                              | 119205.02          | 47.28              | 119252.30          |
  | 5     | 32       | Compute                  | Layer 16                                                                                                                                                                                                                                                                                              | 119252.30          | 104.47             | 119356.78          |
  | 5     | 33       | Activation Communication | Layer 16                                                                                                                                                                                                                                                                                              | 119356.78          | 45.84              | 119402.62          |
  | 5     | 34       | Compute                  | Layer 17                                                                                                                                                                                                                                                                                              | 119402.62          | 379.67             | 119782.29          |
  | 5     | 35       | Activation Communication | Layer 17                                                                                                                                                                                                                                                                                              | 119782.29          | 175.26             | 119957.56          |
  | 5     | 36       | Compute                  | Layer 18                                                                                                                                                                                                                                                                                              | 119957.56          | 464.78             | 120422.34          |
  | 5     | 37       | Activation Communication | Layer 18                                                                                                                                                                                                                                                                                              | 120422.34          | 47.28              | 120469.62          |
  | 5     | 38       | Compute                  | Layer 19                                                                                                                                                                                                                                                                                              | 120469.62          | 329.22             | 120798.84          |
  | 5     | 39       | Activation Communication | Layer 19                                                                                                                                                                                                                                                                                              | 120798.84          | 15.76              | 120814.60          |
  | 5     | 40       | Compute                  | Layer 20                                                                                                                                                                                                                                                                                              | 120814.60          | 29.81              | 120844.40          |
  | 5     | 41       | Activation Communication | Layer 20                                                                                                                                                                                                                                                                                              | 120844.40          | 0                  | 120844.40          |
  | 5     | 42       | Compute                  | Layer 21                                                                                                                                                                                                                                                                                              | 120844.40          | 29.81              | 120874.21          |
  | 5     | 43       | Activation Communication | Layer 21                                                                                                                                                                                                                                                                                              | 120874.21          | 47.28              | 120921.49          |
  | 5     | 44       | Compute                  | Layer 22                                                                                                                                                                                                                                                                                              | 120921.49          | 85.11              | 121006.60          |
  | 5     | 45       | Activation Communication | Layer 22                                                                                                                                                                                                                                                                                              | 121006.60          | 40.95              | 121047.55          |
  | 5     | 46       | Compute                  | Layer 23                                                                                                                                                                                                                                                                                              | 121047.55          | 399.04             | 121446.59          |
  | 5     | 47       | Activation Communication | Layer 23                                                                                                                                                                                                                                                                                              | 121446.59          | 178.41             | 121625.00          |
  | 5     | 48       | Compute                  | Layer 24                                                                                                                                                                                                                                                                                              | 121625.00          | 464.78             | 122089.79          |
  | 5     | 49       | Activation Communication | Layer 24                                                                                                                                                                                                                                                                                              | 122089.79          | 47.28              | 122137.07          |
  | 5     | 50       | Compute                  | Layer 25                                                                                                                                                                                                                                                                                              | 122137.07          | 329.22             | 122466.29          |
  | 5     | 51       | Activation Communication | Layer 25                                                                                                                                                                                                                                                                                              | 122466.29          | 15.76              | 122482.05          |
  | 5     | 52       | Compute                  | Layer 26                                                                                                                                                                                                                                                                                              | 122482.05          | 29.81              | 122511.85          |
  | 5     | 53       | Activation Communication | Layer 26                                                                                                                                                                                                                                                                                              | 122511.85          | 0                  | 122511.85          |
  | 5     | 54       | Compute                  | Layer 27                                                                                                                                                                                                                                                                                              | 122511.85          | 29.81              | 122541.66          |
  | 5     | 55       | Activation Communication | Layer 27                                                                                                                                                                                                                                                                                              | 122541.66          | 47.28              | 122588.94          |
  | 5     | 56       | Compute                  | Layer 28                                                                                                                                                                                                                                                                                              | 122588.94          | 85.11              | 122674.04          |
  | 5     | 57       | Activation Communication | Layer 28                                                                                                                                                                                                                                                                                              | 122674.04          | 43.48              | 122717.53          |
  | 5     | 58       | Compute                  | Layer 29                                                                                                                                                                                                                                                                                              | 122717.53          | 399.04             | 123116.56          |
  | 5     | 59       | Activation Communication | Layer 29                                                                                                                                                                                                                                                                                              | 123116.56          | 178.41             | 123294.98          |
  | 5     | 60       | Compute                  | Layer 30                                                                                                                                                                                                                                                                                              | 123294.98          | 464.78             | 123759.76          |
  | 5     | 61       | Activation Communication | Layer 30                                                                                                                                                                                                                                                                                              | 123759.76          | 47.28              | 123807.04          |
  | 5     | 62       | Compute                  | Layer 31                                                                                                                                                                                                                                                                                              | 123807.04          | 329.22             | 124136.26          |
  | 5     | 63       | Activation Communication | Layer 31                                                                                                                                                                                                                                                                                              | 124136.26          | 15.76              | 124152.02          |
  | 5     | 64       | Compute                  | Layer 32                                                                                                                                                                                                                                                                                              | 124152.02          | 29.81              | 124181.82          |
  | 5     | 65       | Activation Communication | Layer 32                                                                                                                                                                                                                                                                                              | 124181.82          | 0                  | 124181.82          |
  | 5     | 66       | Compute                  | Layer 33                                                                                                                                                                                                                                                                                              | 124181.82          | 29.81              | 124211.63          |
  | 5     | 67       | Activation Communication | Layer 33                                                                                                                                                                                                                                                                                              | 124211.63          | 47.28              | 124258.91          |
  | 5     | 68       | Compute                  | Layer 34                                                                                                                                                                                                                                                                                              | 124258.91          | 85.11              | 124344.02          |
  | 5     | 69       | Activation Communication | Layer 34                                                                                                                                                                                                                                                                                              | 124344.02          | 43.48              | 124387.50          |
  | 5     | 70       | Compute                  | Layer 35                                                                                                                                                                                                                                                                                              | 124387.50          | 399.04             | 124786.54          |
  | 5     | 71       | Activation Communication | Layer 35                                                                                                                                                                                                                                                                                              | 124786.54          | 178.41             | 124964.95          |
  | 5     | 72       | Compute                  | Layer 36                                                                                                                                                                                                                                                                                              | 124964.95          | 464.78             | 125429.73          |
  | 5     | 73       | Activation Communication | Layer 36                                                                                                                                                                                                                                                                                              | 125429.73          | 47.28              | 125477.01          |
  | 5     | 74       | Compute                  | Layer 37                                                                                                                                                                                                                                                                                              | 125477.01          | 329.22             | 125806.23          |
  | 5     | 75       | Activation Communication | Layer 37                                                                                                                                                                                                                                                                                              | 125806.23          | 137.90             | 125944.13          |
  | 5     | 76       | Compute                  | Layer 38                                                                                                                                                                                                                                                                                              | 125944.13          | 29.81              | 125973.94          |
  | 5     | 77       | Activation Communication | Layer 38                                                                                                                                                                                                                                                                                              | 125973.94          | 12.12              | 125986.06          |
  | 5     | 78       | Compute                  | Layer 39                                                                                                                                                                                                                                                                                              | 125986.06          | 20.92              | 126006.98          |
  | 5     | 79       | Activation Communication | Layer 39                                                                                                                                                                                                                                                                                              | 126006.98          | 33.17              | 126040.15          |
  | 5     | 80       | Compute                  | Layer 40                                                                                                                                                                                                                                                                                              | 126040.15          | 116.20             | 126156.35          |
  | 5     | 81       | Activation Communication | Layer 40                                                                                                                                                                                                                                                                                              | 126156.35          | 47.28              | 126203.63          |
  | 5     | 82       | Compute                  | Layer 41                                                                                                                                                                                                                                                                                              | 126203.63          | 267.55             | 126471.18          |
  | 5     | 83       | Activation Communication | Layer 41                                                                                                                                                                                                                                                                                              | 126471.18          | 217.73             | 126688.92          |
  | 5     | 84       | Compute                  | Layer 42                                                                                                                                                                                                                                                                                              | 126688.92          | 286.92             | 126975.84          |
  | 5     | 85       | Activation Communication | Layer 42                                                                                                                                                                                                                                                                                              | 126975.84          | 40.04              | 127015.87          |
  | 5     | 86       | Compute                  | Layer 43                                                                                                                                                                                                                                                                                              | 127015.87          | 348.59             | 127364.46          |
  | 5     | 87       | Activation Communication | Layer 43                                                                                                                                                                                                                                                                                              | 127364.46          | 0                  | 127364.46          |
  | 5     | 88       | Compute                  | Layer 44                                                                                                                                                                                                                                                                                              | 127364.46          | 29.81              | 127394.27          |
  | 5     | 89       | Activation Communication | Layer 44                                                                                                                                                                                                                                                                                              | 127394.27          | 0                  | 127394.27          |
  | 5     | 90       | Compute                  | Layer 45                                                                                                                                                                                                                                                                                              | 127394.27          | 29.81              | 127424.07          |
  | 5     | 91       | Activation Communication | Layer 45                                                                                                                                                                                                                                                                                              | 127424.07          | 47.28              | 127471.35          |
  | 5     | 92       | Compute                  | Layer 46                                                                                                                                                                                                                                                                                              | 127471.35          | 104.47             | 127575.83          |
  | 5     | 93       | Activation Communication | Layer 46                                                                                                                                                                                                                                                                                              | 127575.83          | 44.89              | 127620.72          |
  | 5     | 94       | Compute                  | Layer 47                                                                                                                                                                                                                                                                                              | 127620.72          | 379.67             | 128000.39          |
  | 5     | 95       | Activation Communication | Layer 47                                                                                                                                                                                                                                                                                              | 128000.39          | 313.59             | 128313.98          |
  | 5     | 96       | Compute                  | Layer 48                                                                                                                                                                                                                                                                                              | 128313.98          | 399.04             | 128713.02          |
  | 5     | 97       | Activation Communication | Layer 48                                                                                                                                                                                                                                                                                              | 128713.02          | 44.60              | 128757.62          |
  | 5     | 98       | Compute                  | Layer 49                                                                                                                                                                                                                                                                                              | 128757.62          | 348.59             | 129106.20          |
  | 5     | 99       | Activation Communication | Layer 49                                                                                                                                                                                                                                                                                              | 129106.20          | 0                  | 129106.20          |
  | 5     | 100      | Compute                  | Layer 50                                                                                                                                                                                                                                                                                              | 129106.20          | 29.81              | 129136.01          |
  | 5     | 101      | Activation Communication | Layer 50                                                                                                                                                                                                                                                                                              | 129136.01          | 0                  | 129136.01          |
  | 5     | 102      | Compute                  | Layer 51                                                                                                                                                                                                                                                                                              | 129136.01          | 29.81              | 129165.81          |
  | 5     | 103      | Activation Communication | Layer 51                                                                                                                                                                                                                                                                                              | 129165.81          | 47.28              | 129213.09          |
  | 5     | 104      | Compute                  | Layer 52                                                                                                                                                                                                                                                                                              | 129213.09          | 104.47             | 129317.57          |
  | 5     | 105      | Activation Communication | Layer 52                                                                                                                                                                                                                                                                                              | 129317.57          | 45.84              | 129363.41          |
  | 5     | 106      | Compute                  | Layer 53                                                                                                                                                                                                                                                                                              | 129363.41          | 379.67             | 129743.09          |
  | 5     | 107      | Activation Communication | Layer 53                                                                                                                                                                                                                                                                                              | 129743.09          | 315.90             | 130058.98          |
  | 5     | 108      | Compute                  | Layer 54                                                                                                                                                                                                                                                                                              | 130058.98          | 418.40             | 130477.39          |
  | 5     | 109      | Activation Communication | Layer 54                                                                                                                                                                                                                                                                                              | 130477.39          | 45.39              | 130522.78          |
  | 5     | 110      | Compute                  | Layer 55                                                                                                                                                                                                                                                                                              | 130522.78          | 348.59             | 130871.36          |
  | 5     | 111      | Activation Communication | Layer 55                                                                                                                                                                                                                                                                                              | 130871.36          | 0                  | 130871.36          |
  | 5     | 112      | Compute                  | Layer 56                                                                                                                                                                                                                                                                                              | 130871.36          | 29.81              | 130901.17          |
  | 5     | 113      | Activation Communication | Layer 56                                                                                                                                                                                                                                                                                              | 130901.17          | 0                  | 130901.17          |
  | 5     | 114      | Compute                  | Layer 57                                                                                                                                                                                                                                                                                              | 130901.17          | 29.81              | 130930.97          |
  | 5     | 115      | Activation Communication | Layer 57                                                                                                                                                                                                                                                                                              | 130930.97          | 47.28              | 130978.25          |
  | 5     | 116      | Compute                  | Layer 58                                                                                                                                                                                                                                                                                              | 130978.25          | 104.47             | 131082.73          |
  | 5     | 117      | Activation Communication | Layer 58                                                                                                                                                                                                                                                                                              | 131082.73          | 45.84              | 131128.57          |
  | 5     | 118      | Compute                  | Layer 59                                                                                                                                                                                                                                                                                              | 131128.57          | 379.67             | 131508.25          |
  | 5     | 119      | Activation Communication | Layer 59                                                                                                                                                                                                                                                                                              | 131508.25          | 175.26             | 131683.51          |
  | 5     | 120      | Compute                  | Layer 60                                                                                                                                                                                                                                                                                              | 131683.51          | 464.78             | 132148.29          |
  | 5     | 121      | Activation Communication | Layer 60                                                                                                                                                                                                                                                                                              | 132148.29          | 47.28              | 132195.57          |
  | 5     | 122      | Compute                  | Layer 61                                                                                                                                                                                                                                                                                              | 132195.57          | 329.22             | 132524.79          |
  | 5     | 123      | Activation Communication | Layer 61                                                                                                                                                                                                                                                                                              | 132524.79          | 15.76              | 132540.55          |
  | 5     | 124      | Compute                  | Layer 62                                                                                                                                                                                                                                                                                              | 132540.55          | 29.81              | 132570.35          |
  | 5     | 125      | Activation Communication | Layer 62                                                                                                                                                                                                                                                                                              | 132570.35          | 0                  | 132570.35          |
  | 5     | 126      | Compute                  | Layer 63                                                                                                                                                                                                                                                                                              | 132570.35          | 29.81              | 132600.16          |
  | 5     | 127      | Activation Communication | Layer 63                                                                                                                                                                                                                                                                                              | 132600.16          | 47.28              | 132647.44          |
  | 5     | 128      | Compute                  | Layer 64                                                                                                                                                                                                                                                                                              | 132647.44          | 85.11              | 132732.55          |
  | 5     | 129      | Activation Communication | Layer 64                                                                                                                                                                                                                                                                                              | 132732.55          | 43.48              | 132776.03          |
  | 5     | 130      | Compute                  | Layer 65                                                                                                                                                                                                                                                                                              | 132776.03          | 399.04             | 133175.07          |
  | 5     | 131      | Activation Communication | Layer 65                                                                                                                                                                                                                                                                                              | 133175.07          | 178.41             | 133353.48          |
  | 5     | 132      | Compute                  | Layer 66                                                                                                                                                                                                                                                                                              | 133353.48          | 464.78             | 133818.26          |
  | 5     | 133      | Activation Communication | Layer 66                                                                                                                                                                                                                                                                                              | 133818.26          | 47.28              | 133865.54          |
  | 5     | 134      | Compute                  | Layer 67                                                                                                                                                                                                                                                                                              | 133865.54          | 329.22             | 134194.76          |
  | 5     | 135      | Activation Communication | Layer 67                                                                                                                                                                                                                                                                                              | 134194.76          | 15.76              | 134210.52          |
  | 5     | 136      | Compute                  | Layer 68                                                                                                                                                                                                                                                                                              | 134210.52          | 29.81              | 134240.33          |
  | 5     | 137      | Activation Communication | Layer 68                                                                                                                                                                                                                                                                                              | 134240.33          | 0                  | 134240.33          |
  | 5     | 138      | Compute                  | Layer 69                                                                                                                                                                                                                                                                                              | 134240.33          | 29.81              | 134270.13          |
  | 5     | 139      | Activation Communication | Layer 69                                                                                                                                                                                                                                                                                              | 134270.13          | 47.28              | 134317.41          |
  | 5     | 140      | Compute                  | Layer 70                                                                                                                                                                                                                                                                                              | 134317.41          | 85.11              | 134402.52          |
  | 5     | 141      | Activation Communication | Layer 70                                                                                                                                                                                                                                                                                              | 134402.52          | 43.48              | 134446.00          |
  | 5     | 142      | Compute                  | Layer 71                                                                                                                                                                                                                                                                                              | 134446.00          | 399.04             | 134845.04          |
  | 5     | 143      | Activation Communication | Layer 71                                                                                                                                                                                                                                                                                              | 134845.04          | 178.41             | 135023.46          |
  | 5     | 144      | Compute                  | Layer 72                                                                                                                                                                                                                                                                                              | 135023.46          | 464.78             | 135488.24          |
  | 5     | 145      | Activation Communication | Layer 72                                                                                                                                                                                                                                                                                              | 135488.24          | 47.28              | 135535.52          |
  | 5     | 146      | Compute                  | Layer 73                                                                                                                                                                                                                                                                                              | 135535.52          | 0.67               | 135536.19          |
  | 6     | 0        | Compute                  | Layer 0                                                                                                                                                                                                                                                                                               | 135536.19          | 115.61             | 135651.79          |
  | 6     | 1        | Activation Communication | Layer 0                                                                                                                                                                                                                                                                                               | 135651.79          | 0                  | 135651.79          |
  | 6     | 2        | Compute                  | Layer 1                                                                                                                                                                                                                                                                                               | 135651.79          | 348.59             | 136000.38          |
  | 6     | 3        | Activation Communication | Layer 1                                                                                                                                                                                                                                                                                               | 136000.38          | 141.84             | 136142.22          |
  | 6     | 4        | Compute                  | Layer 2                                                                                                                                                                                                                                                                                               | 136142.22          | 29.81              | 136172.02          |
  | 6     | 5        | Activation Communication | Layer 2                                                                                                                                                                                                                                                                                               | 136172.02          | 12.12              | 136184.15          |
  | 6     | 6        | Compute                  | Layer 3                                                                                                                                                                                                                                                                                               | 136184.15          | 26.80              | 136210.95          |
  | 6     | 7        | Activation Communication | Layer 3                                                                                                                                                                                                                                                                                               | 136210.95          | 4.76               | 136215.71          |
  | 6     | 8        | Compute                  | Layer 4                                                                                                                                                                                                                                                                                               | 136215.71          | 116.20             | 136331.91          |
  | 6     | 9        | Activation Communication | Layer 4                                                                                                                                                                                                                                                                                               | 136331.91          | 47.28              | 136379.19          |
  | 6     | 10       | Compute                  | Layer 5                                                                                                                                                                                                                                                                                               | 136379.19          | 263.48             | 136642.67          |
  | 6     | 11       | Activation Communication | Layer 5                                                                                                                                                                                                                                                                                               | 136642.67          | 156.35             | 136799.02          |
  | 6     | 12       | Compute                  | Layer 6                                                                                                                                                                                                                                                                                               | 136799.02          | 464.78             | 137263.80          |
  | 6     | 13       | Activation Communication | Layer 6                                                                                                                                                                                                                                                                                               | 137263.80          | 47.28              | 137311.08          |
  | 6     | 14       | Compute                  | Layer 7                                                                                                                                                                                                                                                                                               | 137311.08          | 329.22             | 137640.30          |
  | 6     | 15       | Activation Communication | Layer 7                                                                                                                                                                                                                                                                                               | 137640.30          | 15.76              | 137656.06          |
  | 6     | 16       | Compute                  | Layer 8                                                                                                                                                                                                                                                                                               | 137656.06          | 29.81              | 137685.86          |
  | 6     | 17       | Activation Communication | Layer 8                                                                                                                                                                                                                                                                                               | 137685.86          | 0                  | 137685.86          |
  | 6     | 18       | Compute                  | Layer 9                                                                                                                                                                                                                                                                                               | 137685.86          | 29.81              | 137715.67          |
  | 6     | 19       | Activation Communication | Layer 9                                                                                                                                                                                                                                                                                               | 137715.67          | 47.28              | 137762.95          |
  | 6     | 20       | Compute                  | Layer 10                                                                                                                                                                                                                                                                                              | 137762.95          | 85.11              | 137848.06          |
  | 6     | 21       | Activation Communication | Layer 10                                                                                                                                                                                                                                                                                              | 137848.06          | 43.48              | 137891.54          |
  | 6     | 22       | Compute                  | Layer 11                                                                                                                                                                                                                                                                                              | 137891.54          | 399.04             | 138290.58          |
  | 6     | 23       | Activation Communication | Layer 11                                                                                                                                                                                                                                                                                              | 138290.58          | 324.73             | 138615.31          |
  | 6     | 24       | Compute                  | Layer 12                                                                                                                                                                                                                                                                                              | 138615.31          | 418.40             | 139033.71          |
  | 6     | 25       | Activation Communication | Layer 12                                                                                                                                                                                                                                                                                              | 139033.71          | 45.39              | 139079.10          |
  | 6     | 26       | Compute                  | Layer 13                                                                                                                                                                                                                                                                                              | 139079.10          | 348.59             | 139427.69          |
  | 6     | 27       | Activation Communication | Layer 13                                                                                                                                                                                                                                                                                              | 139427.69          | 0                  | 139427.69          |
  | 6     | 28       | Compute                  | Layer 14                                                                                                                                                                                                                                                                                              | 139427.69          | 29.81              | 139457.49          |
  | 6     | 29       | Activation Communication | Layer 14                                                                                                                                                                                                                                                                                              | 139457.49          | 0                  | 139457.49          |
  | 6     | 30       | Compute                  | Layer 15                                                                                                                                                                                                                                                                                              | 139457.49          | 29.81              | 139487.30          |
  | 6     | 31       | Activation Communication | Layer 15                                                                                                                                                                                                                                                                                              | 139487.30          | 47.28              | 139534.58          |
  | 6     | 32       | Compute                  | Layer 16                                                                                                                                                                                                                                                                                              | 139534.58          | 104.47             | 139639.05          |
  | 6     | 33       | Activation Communication | Layer 16                                                                                                                                                                                                                                                                                              | 139639.05          | 45.84              | 139684.90          |
  | 6     | 34       | Compute                  | Layer 17                                                                                                                                                                                                                                                                                              | 139684.90          | 379.67             | 140064.57          |
  | 6     | 35       | Activation Communication | Layer 17                                                                                                                                                                                                                                                                                              | 140064.57          | 175.26             | 140239.83          |
  | 6     | 36       | Compute                  | Layer 18                                                                                                                                                                                                                                                                                              | 140239.83          | 464.78             | 140704.62          |
  | 6     | 37       | Activation Communication | Layer 18                                                                                                                                                                                                                                                                                              | 140704.62          | 47.28              | 140751.90          |
  | 6     | 38       | Compute                  | Layer 19                                                                                                                                                                                                                                                                                              | 140751.90          | 329.22             | 141081.12          |
  | 6     | 39       | Activation Communication | Layer 19                                                                                                                                                                                                                                                                                              | 141081.12          | 15.76              | 141096.88          |
  | 6     | 40       | Compute                  | Layer 20                                                                                                                                                                                                                                                                                              | 141096.88          | 29.81              | 141126.68          |
  | 6     | 41       | Activation Communication | Layer 20                                                                                                                                                                                                                                                                                              | 141126.68          | 0                  | 141126.68          |
  | 6     | 42       | Compute                  | Layer 21                                                                                                                                                                                                                                                                                              | 141126.68          | 29.81              | 141156.49          |
  | 6     | 43       | Activation Communication | Layer 21                                                                                                                                                                                                                                                                                              | 141156.49          | 47.28              | 141203.77          |
  | 6     | 44       | Compute                  | Layer 22                                                                                                                                                                                                                                                                                              | 141203.77          | 85.11              | 141288.88          |
  | 6     | 45       | Activation Communication | Layer 22                                                                                                                                                                                                                                                                                              | 141288.88          | 40.95              | 141329.83          |
  | 6     | 46       | Compute                  | Layer 23                                                                                                                                                                                                                                                                                              | 141329.83          | 399.04             | 141728.87          |
  | 6     | 47       | Activation Communication | Layer 23                                                                                                                                                                                                                                                                                              | 141728.87          | 178.41             | 141907.28          |
  | 6     | 48       | Compute                  | Layer 24                                                                                                                                                                                                                                                                                              | 141907.28          | 464.78             | 142372.06          |
  | 6     | 49       | Activation Communication | Layer 24                                                                                                                                                                                                                                                                                              | 142372.06          | 47.28              | 142419.34          |
  | 6     | 50       | Compute                  | Layer 25                                                                                                                                                                                                                                                                                              | 142419.34          | 329.22             | 142748.56          |
  | 6     | 51       | Activation Communication | Layer 25                                                                                                                                                                                                                                                                                              | 142748.56          | 15.76              | 142764.32          |
  | 6     | 52       | Compute                  | Layer 26                                                                                                                                                                                                                                                                                              | 142764.32          | 29.81              | 142794.13          |
  | 6     | 53       | Activation Communication | Layer 26                                                                                                                                                                                                                                                                                              | 142794.13          | 0                  | 142794.13          |
  | 6     | 54       | Compute                  | Layer 27                                                                                                                                                                                                                                                                                              | 142794.13          | 29.81              | 142823.93          |
  | 6     | 55       | Activation Communication | Layer 27                                                                                                                                                                                                                                                                                              | 142823.93          | 47.28              | 142871.21          |
  | 6     | 56       | Compute                  | Layer 28                                                                                                                                                                                                                                                                                              | 142871.21          | 85.11              | 142956.32          |
  | 6     | 57       | Activation Communication | Layer 28                                                                                                                                                                                                                                                                                              | 142956.32          | 43.48              | 142999.80          |
  | 6     | 58       | Compute                  | Layer 29                                                                                                                                                                                                                                                                                              | 142999.80          | 399.04             | 143398.84          |
  | 6     | 59       | Activation Communication | Layer 29                                                                                                                                                                                                                                                                                              | 143398.84          | 178.41             | 143577.25          |
  | 6     | 60       | Compute                  | Layer 30                                                                                                                                                                                                                                                                                              | 143577.25          | 464.78             | 144042.04          |
  | 6     | 61       | Activation Communication | Layer 30                                                                                                                                                                                                                                                                                              | 144042.04          | 47.28              | 144089.32          |
  | 6     | 62       | Compute                  | Layer 31                                                                                                                                                                                                                                                                                              | 144089.32          | 329.22             | 144418.54          |
  | 6     | 63       | Activation Communication | Layer 31                                                                                                                                                                                                                                                                                              | 144418.54          | 15.76              | 144434.30          |
  | 6     | 64       | Compute                  | Layer 32                                                                                                                                                                                                                                                                                              | 144434.30          | 29.81              | 144464.10          |
  | 6     | 65       | Activation Communication | Layer 32                                                                                                                                                                                                                                                                                              | 144464.10          | 0                  | 144464.10          |
  | 6     | 66       | Compute                  | Layer 33                                                                                                                                                                                                                                                                                              | 144464.10          | 29.81              | 144493.91          |
  | 6     | 67       | Activation Communication | Layer 33                                                                                                                                                                                                                                                                                              | 144493.91          | 47.28              | 144541.19          |
  | 6     | 68       | Compute                  | Layer 34                                                                                                                                                                                                                                                                                              | 144541.19          | 85.11              | 144626.30          |
  | 6     | 69       | Activation Communication | Layer 34                                                                                                                                                                                                                                                                                              | 144626.30          | 43.48              | 144669.78          |
  | 6     | 70       | Compute                  | Layer 35                                                                                                                                                                                                                                                                                              | 144669.78          | 399.04             | 145068.82          |
  | 6     | 71       | Activation Communication | Layer 35                                                                                                                                                                                                                                                                                              | 145068.82          | 178.41             | 145247.23          |
  | 6     | 72       | Compute                  | Layer 36                                                                                                                                                                                                                                                                                              | 145247.23          | 464.78             | 145712.01          |
  | 6     | 73       | Activation Communication | Layer 36                                                                                                                                                                                                                                                                                              | 145712.01          | 47.28              | 145759.29          |
  | 6     | 74       | Compute                  | Layer 37                                                                                                                                                                                                                                                                                              | 145759.29          | 329.22             | 146088.51          |
  | 6     | 75       | Activation Communication | Layer 37                                                                                                                                                                                                                                                                                              | 146088.51          | 137.90             | 146226.41          |
  | 6     | 76       | Compute                  | Layer 38                                                                                                                                                                                                                                                                                              | 146226.41          | 29.81              | 146256.22          |
  | 6     | 77       | Activation Communication | Layer 38                                                                                                                                                                                                                                                                                              | 146256.22          | 12.12              | 146268.34          |
  | 6     | 78       | Compute                  | Layer 39                                                                                                                                                                                                                                                                                              | 146268.34          | 20.92              | 146289.26          |
  | 6     | 79       | Activation Communication | Layer 39                                                                                                                                                                                                                                                                                              | 146289.26          | 33.17              | 146322.43          |
  | 6     | 80       | Compute                  | Layer 40                                                                                                                                                                                                                                                                                              | 146322.43          | 116.20             | 146438.63          |
  | 6     | 81       | Activation Communication | Layer 40                                                                                                                                                                                                                                                                                              | 146438.63          | 47.28              | 146485.91          |
  | 6     | 82       | Compute                  | Layer 41                                                                                                                                                                                                                                                                                              | 146485.91          | 267.55             | 146753.46          |
  | 6     | 83       | Activation Communication | Layer 41                                                                                                                                                                                                                                                                                              | 146753.46          | 217.73             | 146971.19          |
  | 6     | 84       | Compute                  | Layer 42                                                                                                                                                                                                                                                                                              | 146971.19          | 286.92             | 147258.11          |
  | 6     | 85       | Activation Communication | Layer 42                                                                                                                                                                                                                                                                                              | 147258.11          | 40.04              | 147298.15          |
  | 6     | 86       | Compute                  | Layer 43                                                                                                                                                                                                                                                                                              | 147298.15          | 348.59             | 147646.74          |
  | 6     | 87       | Activation Communication | Layer 43                                                                                                                                                                                                                                                                                              | 147646.74          | 0                  | 147646.74          |
  | 6     | 88       | Compute                  | Layer 44                                                                                                                                                                                                                                                                                              | 147646.74          | 29.81              | 147676.54          |
  | 6     | 89       | Activation Communication | Layer 44                                                                                                                                                                                                                                                                                              | 147676.54          | 0                  | 147676.54          |
  | 6     | 90       | Compute                  | Layer 45                                                                                                                                                                                                                                                                                              | 147676.54          | 29.81              | 147706.35          |
  | 6     | 91       | Activation Communication | Layer 45                                                                                                                                                                                                                                                                                              | 147706.35          | 47.28              | 147753.63          |
  | 6     | 92       | Compute                  | Layer 46                                                                                                                                                                                                                                                                                              | 147753.63          | 104.47             | 147858.10          |
  | 6     | 93       | Activation Communication | Layer 46                                                                                                                                                                                                                                                                                              | 147858.10          | 44.89              | 147902.99          |
  | 6     | 94       | Compute                  | Layer 47                                                                                                                                                                                                                                                                                              | 147902.99          | 379.67             | 148282.67          |
  | 6     | 95       | Activation Communication | Layer 47                                                                                                                                                                                                                                                                                              | 148282.67          | 313.59             | 148596.26          |
  | 6     | 96       | Compute                  | Layer 48                                                                                                                                                                                                                                                                                              | 148596.26          | 399.04             | 148995.29          |
  | 6     | 97       | Activation Communication | Layer 48                                                                                                                                                                                                                                                                                              | 148995.29          | 44.60              | 149039.90          |
  | 6     | 98       | Compute                  | Layer 49                                                                                                                                                                                                                                                                                              | 149039.90          | 348.59             | 149388.48          |
  | 6     | 99       | Activation Communication | Layer 49                                                                                                                                                                                                                                                                                              | 149388.48          | 0                  | 149388.48          |
  | 6     | 100      | Compute                  | Layer 50                                                                                                                                                                                                                                                                                              | 149388.48          | 29.81              | 149418.29          |
  | 6     | 101      | Activation Communication | Layer 50                                                                                                                                                                                                                                                                                              | 149418.29          | 0                  | 149418.29          |
  | 6     | 102      | Compute                  | Layer 51                                                                                                                                                                                                                                                                                              | 149418.29          | 29.81              | 149448.09          |
  | 6     | 103      | Activation Communication | Layer 51                                                                                                                                                                                                                                                                                              | 149448.09          | 47.28              | 149495.37          |
  | 6     | 104      | Compute                  | Layer 52                                                                                                                                                                                                                                                                                              | 149495.37          | 104.47             | 149599.85          |
  | 6     | 105      | Activation Communication | Layer 52                                                                                                                                                                                                                                                                                              | 149599.85          | 45.84              | 149645.69          |
  | 6     | 106      | Compute                  | Layer 53                                                                                                                                                                                                                                                                                              | 149645.69          | 379.67             | 150025.36          |
  | 6     | 107      | Activation Communication | Layer 53                                                                                                                                                                                                                                                                                              | 150025.36          | 315.90             | 150341.26          |
  | 6     | 108      | Compute                  | Layer 54                                                                                                                                                                                                                                                                                              | 150341.26          | 418.40             | 150759.66          |
  | 6     | 109      | Activation Communication | Layer 54                                                                                                                                                                                                                                                                                              | 150759.66          | 45.39              | 150805.05          |
  | 6     | 110      | Compute                  | Layer 55                                                                                                                                                                                                                                                                                              | 150805.05          | 348.59             | 151153.64          |
  | 6     | 111      | Activation Communication | Layer 55                                                                                                                                                                                                                                                                                              | 151153.64          | 0                  | 151153.64          |
  | 6     | 112      | Compute                  | Layer 56                                                                                                                                                                                                                                                                                              | 151153.64          | 29.81              | 151183.44          |
  | 6     | 113      | Activation Communication | Layer 56                                                                                                                                                                                                                                                                                              | 151183.44          | 0                  | 151183.44          |
  | 6     | 114      | Compute                  | Layer 57                                                                                                                                                                                                                                                                                              | 151183.44          | 29.81              | 151213.25          |
  | 6     | 115      | Activation Communication | Layer 57                                                                                                                                                                                                                                                                                              | 151213.25          | 47.28              | 151260.53          |
  | 6     | 116      | Compute                  | Layer 58                                                                                                                                                                                                                                                                                              | 151260.53          | 104.47             | 151365.00          |
  | 6     | 117      | Activation Communication | Layer 58                                                                                                                                                                                                                                                                                              | 151365.00          | 45.84              | 151410.85          |
  | 6     | 118      | Compute                  | Layer 59                                                                                                                                                                                                                                                                                              | 151410.85          | 379.67             | 151790.52          |
  | 6     | 119      | Activation Communication | Layer 59                                                                                                                                                                                                                                                                                              | 151790.52          | 175.26             | 151965.79          |
  | 6     | 120      | Compute                  | Layer 60                                                                                                                                                                                                                                                                                              | 151965.79          | 464.78             | 152430.57          |
  | 6     | 121      | Activation Communication | Layer 60                                                                                                                                                                                                                                                                                              | 152430.57          | 47.28              | 152477.85          |
  | 6     | 122      | Compute                  | Layer 61                                                                                                                                                                                                                                                                                              | 152477.85          | 329.22             | 152807.07          |
  | 6     | 123      | Activation Communication | Layer 61                                                                                                                                                                                                                                                                                              | 152807.07          | 15.76              | 152822.83          |
  | 6     | 124      | Compute                  | Layer 62                                                                                                                                                                                                                                                                                              | 152822.83          | 29.81              | 152852.63          |
  | 6     | 125      | Activation Communication | Layer 62                                                                                                                                                                                                                                                                                              | 152852.63          | 0                  | 152852.63          |
  | 6     | 126      | Compute                  | Layer 63                                                                                                                                                                                                                                                                                              | 152852.63          | 29.81              | 152882.44          |
  | 6     | 127      | Activation Communication | Layer 63                                                                                                                                                                                                                                                                                              | 152882.44          | 47.28              | 152929.72          |
  | 6     | 128      | Compute                  | Layer 64                                                                                                                                                                                                                                                                                              | 152929.72          | 85.11              | 153014.83          |
  | 6     | 129      | Activation Communication | Layer 64                                                                                                                                                                                                                                                                                              | 153014.83          | 43.48              | 153058.31          |
  | 6     | 130      | Compute                  | Layer 65                                                                                                                                                                                                                                                                                              | 153058.31          | 399.04             | 153457.35          |
  | 6     | 131      | Activation Communication | Layer 65                                                                                                                                                                                                                                                                                              | 153457.35          | 178.41             | 153635.76          |
  | 6     | 132      | Compute                  | Layer 66                                                                                                                                                                                                                                                                                              | 153635.76          | 464.78             | 154100.54          |
  | 6     | 133      | Activation Communication | Layer 66                                                                                                                                                                                                                                                                                              | 154100.54          | 47.28              | 154147.82          |
  | 6     | 134      | Compute                  | Layer 67                                                                                                                                                                                                                                                                                              | 154147.82          | 329.22             | 154477.04          |
  | 6     | 135      | Activation Communication | Layer 67                                                                                                                                                                                                                                                                                              | 154477.04          | 15.76              | 154492.80          |
  | 6     | 136      | Compute                  | Layer 68                                                                                                                                                                                                                                                                                              | 154492.80          | 29.81              | 154522.61          |
  | 6     | 137      | Activation Communication | Layer 68                                                                                                                                                                                                                                                                                              | 154522.61          | 0                  | 154522.61          |
  | 6     | 138      | Compute                  | Layer 69                                                                                                                                                                                                                                                                                              | 154522.61          | 29.81              | 154552.41          |
  | 6     | 139      | Activation Communication | Layer 69                                                                                                                                                                                                                                                                                              | 154552.41          | 47.28              | 154599.69          |
  | 6     | 140      | Compute                  | Layer 70                                                                                                                                                                                                                                                                                              | 154599.69          | 85.11              | 154684.80          |
  | 6     | 141      | Activation Communication | Layer 70                                                                                                                                                                                                                                                                                              | 154684.80          | 43.48              | 154728.28          |
  | 6     | 142      | Compute                  | Layer 71                                                                                                                                                                                                                                                                                              | 154728.28          | 399.04             | 155127.32          |
  | 6     | 143      | Activation Communication | Layer 71                                                                                                                                                                                                                                                                                              | 155127.32          | 178.41             | 155305.73          |
  | 6     | 144      | Compute                  | Layer 72                                                                                                                                                                                                                                                                                              | 155305.73          | 464.78             | 155770.51          |
  | 6     | 145      | Activation Communication | Layer 72                                                                                                                                                                                                                                                                                              | 155770.51          | 47.28              | 155817.79          |
  | 6     | 146      | Compute                  | Layer 73                                                                                                                                                                                                                                                                                              | 155817.79          | 0.67               | 155818.46          |
  | 7     | 0        | Compute                  | Layer 0                                                                                                                                                                                                                                                                                               | 155818.46          | 115.61             | 155934.07          |
  | 7     | 1        | Activation Communication | Layer 0                                                                                                                                                                                                                                                                                               | 155934.07          | 0                  | 155934.07          |
  | 7     | 2        | Compute                  | Layer 1                                                                                                                                                                                                                                                                                               | 155934.07          | 348.59             | 156282.66          |
  | 7     | 3        | Activation Communication | Layer 1                                                                                                                                                                                                                                                                                               | 156282.66          | 141.84             | 156424.50          |
  | 7     | 4        | Compute                  | Layer 2                                                                                                                                                                                                                                                                                               | 156424.50          | 29.81              | 156454.30          |
  | 7     | 5        | Activation Communication | Layer 2                                                                                                                                                                                                                                                                                               | 156454.30          | 12.12              | 156466.43          |
  | 7     | 6        | Compute                  | Layer 3                                                                                                                                                                                                                                                                                               | 156466.43          | 26.80              | 156493.23          |
  | 7     | 7        | Activation Communication | Layer 3                                                                                                                                                                                                                                                                                               | 156493.23          | 4.76               | 156497.99          |
  | 7     | 8        | Compute                  | Layer 4                                                                                                                                                                                                                                                                                               | 156497.99          | 116.20             | 156614.19          |
  | 7     | 9        | Activation Communication | Layer 4                                                                                                                                                                                                                                                                                               | 156614.19          | 47.28              | 156661.47          |
  | 7     | 10       | Compute                  | Layer 5                                                                                                                                                                                                                                                                                               | 156661.47          | 263.48             | 156924.94          |
  | 7     | 11       | Activation Communication | Layer 5                                                                                                                                                                                                                                                                                               | 156924.94          | 156.35             | 157081.29          |
  | 7     | 12       | Compute                  | Layer 6                                                                                                                                                                                                                                                                                               | 157081.29          | 464.78             | 157546.08          |
  | 7     | 13       | Activation Communication | Layer 6                                                                                                                                                                                                                                                                                               | 157546.08          | 47.28              | 157593.36          |
  | 7     | 14       | Compute                  | Layer 7                                                                                                                                                                                                                                                                                               | 157593.36          | 329.22             | 157922.58          |
  | 7     | 15       | Activation Communication | Layer 7                                                                                                                                                                                                                                                                                               | 157922.58          | 15.76              | 157938.34          |
  | 7     | 16       | Compute                  | Layer 8                                                                                                                                                                                                                                                                                               | 157938.34          | 29.81              | 157968.14          |
  | 7     | 17       | Activation Communication | Layer 8                                                                                                                                                                                                                                                                                               | 157968.14          | 0                  | 157968.14          |
  | 7     | 18       | Compute                  | Layer 9                                                                                                                                                                                                                                                                                               | 157968.14          | 29.81              | 157997.95          |
  | 7     | 19       | Activation Communication | Layer 9                                                                                                                                                                                                                                                                                               | 157997.95          | 47.28              | 158045.23          |
  | 7     | 20       | Compute                  | Layer 10                                                                                                                                                                                                                                                                                              | 158045.23          | 85.11              | 158130.34          |
  | 7     | 21       | Activation Communication | Layer 10                                                                                                                                                                                                                                                                                              | 158130.34          | 43.48              | 158173.82          |
  | 7     | 22       | Compute                  | Layer 11                                                                                                                                                                                                                                                                                              | 158173.82          | 399.04             | 158572.85          |
  | 7     | 23       | Activation Communication | Layer 11                                                                                                                                                                                                                                                                                              | 158572.85          | 324.73             | 158897.59          |
  | 7     | 24       | Compute                  | Layer 12                                                                                                                                                                                                                                                                                              | 158897.59          | 418.40             | 159315.99          |
  | 7     | 25       | Activation Communication | Layer 12                                                                                                                                                                                                                                                                                              | 159315.99          | 45.39              | 159361.38          |
  | 7     | 26       | Compute                  | Layer 13                                                                                                                                                                                                                                                                                              | 159361.38          | 348.59             | 159709.97          |
  | 7     | 27       | Activation Communication | Layer 13                                                                                                                                                                                                                                                                                              | 159709.97          | 0                  | 159709.97          |
  | 7     | 28       | Compute                  | Layer 14                                                                                                                                                                                                                                                                                              | 159709.97          | 29.81              | 159739.77          |
  | 7     | 29       | Activation Communication | Layer 14                                                                                                                                                                                                                                                                                              | 159739.77          | 0                  | 159739.77          |
  | 7     | 30       | Compute                  | Layer 15                                                                                                                                                                                                                                                                                              | 159739.77          | 29.81              | 159769.58          |
  | 7     | 31       | Activation Communication | Layer 15                                                                                                                                                                                                                                                                                              | 159769.58          | 47.28              | 159816.86          |
  | 7     | 32       | Compute                  | Layer 16                                                                                                                                                                                                                                                                                              | 159816.86          | 104.47             | 159921.33          |
  | 7     | 33       | Activation Communication | Layer 16                                                                                                                                                                                                                                                                                              | 159921.33          | 45.84              | 159967.18          |
  | 7     | 34       | Compute                  | Layer 17                                                                                                                                                                                                                                                                                              | 159967.18          | 379.67             | 160346.85          |
  | 7     | 35       | Activation Communication | Layer 17                                                                                                                                                                                                                                                                                              | 160346.85          | 175.26             | 160522.11          |
  | 7     | 36       | Compute                  | Layer 18                                                                                                                                                                                                                                                                                              | 160522.11          | 464.78             | 160986.89          |
  | 7     | 37       | Activation Communication | Layer 18                                                                                                                                                                                                                                                                                              | 160986.89          | 47.28              | 161034.17          |
  | 7     | 38       | Compute                  | Layer 19                                                                                                                                                                                                                                                                                              | 161034.17          | 329.22             | 161363.39          |
  | 7     | 39       | Activation Communication | Layer 19                                                                                                                                                                                                                                                                                              | 161363.39          | 15.76              | 161379.15          |
  | 7     | 40       | Compute                  | Layer 20                                                                                                                                                                                                                                                                                              | 161379.15          | 29.81              | 161408.96          |
  | 7     | 41       | Activation Communication | Layer 20                                                                                                                                                                                                                                                                                              | 161408.96          | 0                  | 161408.96          |
  | 7     | 42       | Compute                  | Layer 21                                                                                                                                                                                                                                                                                              | 161408.96          | 29.81              | 161438.76          |
  | 7     | 43       | Activation Communication | Layer 21                                                                                                                                                                                                                                                                                              | 161438.76          | 47.28              | 161486.04          |
  | 7     | 44       | Compute                  | Layer 22                                                                                                                                                                                                                                                                                              | 161486.04          | 85.11              | 161571.15          |
  | 7     | 45       | Activation Communication | Layer 22                                                                                                                                                                                                                                                                                              | 161571.15          | 40.95              | 161612.10          |
  | 7     | 46       | Compute                  | Layer 23                                                                                                                                                                                                                                                                                              | 161612.10          | 399.04             | 162011.14          |
  | 7     | 47       | Activation Communication | Layer 23                                                                                                                                                                                                                                                                                              | 162011.14          | 178.41             | 162189.56          |
  | 7     | 48       | Compute                  | Layer 24                                                                                                                                                                                                                                                                                              | 162189.56          | 464.78             | 162654.34          |
  | 7     | 49       | Activation Communication | Layer 24                                                                                                                                                                                                                                                                                              | 162654.34          | 47.28              | 162701.62          |
  | 7     | 50       | Compute                  | Layer 25                                                                                                                                                                                                                                                                                              | 162701.62          | 329.22             | 163030.84          |
  | 7     | 51       | Activation Communication | Layer 25                                                                                                                                                                                                                                                                                              | 163030.84          | 15.76              | 163046.60          |
  | 7     | 52       | Compute                  | Layer 26                                                                                                                                                                                                                                                                                              | 163046.60          | 29.81              | 163076.40          |
  | 7     | 53       | Activation Communication | Layer 26                                                                                                                                                                                                                                                                                              | 163076.40          | 0                  | 163076.40          |
  | 7     | 54       | Compute                  | Layer 27                                                                                                                                                                                                                                                                                              | 163076.40          | 29.81              | 163106.21          |
  | 7     | 55       | Activation Communication | Layer 27                                                                                                                                                                                                                                                                                              | 163106.21          | 47.28              | 163153.49          |
  | 7     | 56       | Compute                  | Layer 28                                                                                                                                                                                                                                                                                              | 163153.49          | 85.11              | 163238.60          |
  | 7     | 57       | Activation Communication | Layer 28                                                                                                                                                                                                                                                                                              | 163238.60          | 43.48              | 163282.08          |
  | 7     | 58       | Compute                  | Layer 29                                                                                                                                                                                                                                                                                              | 163282.08          | 399.04             | 163681.12          |
  | 7     | 59       | Activation Communication | Layer 29                                                                                                                                                                                                                                                                                              | 163681.12          | 178.41             | 163859.53          |
  | 7     | 60       | Compute                  | Layer 30                                                                                                                                                                                                                                                                                              | 163859.53          | 464.78             | 164324.31          |
  | 7     | 61       | Activation Communication | Layer 30                                                                                                                                                                                                                                                                                              | 164324.31          | 47.28              | 164371.59          |
  | 7     | 62       | Compute                  | Layer 31                                                                                                                                                                                                                                                                                              | 164371.59          | 329.22             | 164700.81          |
  | 7     | 63       | Activation Communication | Layer 31                                                                                                                                                                                                                                                                                              | 164700.81          | 15.76              | 164716.57          |
  | 7     | 64       | Compute                  | Layer 32                                                                                                                                                                                                                                                                                              | 164716.57          | 29.81              | 164746.38          |
  | 7     | 65       | Activation Communication | Layer 32                                                                                                                                                                                                                                                                                              | 164746.38          | 0                  | 164746.38          |
  | 7     | 66       | Compute                  | Layer 33                                                                                                                                                                                                                                                                                              | 164746.38          | 29.81              | 164776.18          |
  | 7     | 67       | Activation Communication | Layer 33                                                                                                                                                                                                                                                                                              | 164776.18          | 47.28              | 164823.46          |
  | 7     | 68       | Compute                  | Layer 34                                                                                                                                                                                                                                                                                              | 164823.46          | 85.11              | 164908.57          |
  | 7     | 69       | Activation Communication | Layer 34                                                                                                                                                                                                                                                                                              | 164908.57          | 43.48              | 164952.05          |
  | 7     | 70       | Compute                  | Layer 35                                                                                                                                                                                                                                                                                              | 164952.05          | 399.04             | 165351.09          |
  | 7     | 71       | Activation Communication | Layer 35                                                                                                                                                                                                                                                                                              | 165351.09          | 178.41             | 165529.51          |
  | 7     | 72       | Compute                  | Layer 36                                                                                                                                                                                                                                                                                              | 165529.51          | 464.78             | 165994.29          |
  | 7     | 73       | Activation Communication | Layer 36                                                                                                                                                                                                                                                                                              | 165994.29          | 47.28              | 166041.57          |
  | 7     | 74       | Compute                  | Layer 37                                                                                                                                                                                                                                                                                              | 166041.57          | 329.22             | 166370.79          |
  | 7     | 75       | Activation Communication | Layer 37                                                                                                                                                                                                                                                                                              | 166370.79          | 137.90             | 166508.69          |
  | 7     | 76       | Compute                  | Layer 38                                                                                                                                                                                                                                                                                              | 166508.69          | 29.81              | 166538.49          |
  | 7     | 77       | Activation Communication | Layer 38                                                                                                                                                                                                                                                                                              | 166538.49          | 12.12              | 166550.62          |
  | 7     | 78       | Compute                  | Layer 39                                                                                                                                                                                                                                                                                              | 166550.62          | 20.92              | 166571.53          |
  | 7     | 79       | Activation Communication | Layer 39                                                                                                                                                                                                                                                                                              | 166571.53          | 33.17              | 166604.71          |
  | 7     | 80       | Compute                  | Layer 40                                                                                                                                                                                                                                                                                              | 166604.71          | 116.20             | 166720.90          |
  | 7     | 81       | Activation Communication | Layer 40                                                                                                                                                                                                                                                                                              | 166720.90          | 47.28              | 166768.19          |
  | 7     | 82       | Compute                  | Layer 41                                                                                                                                                                                                                                                                                              | 166768.19          | 267.55             | 167035.74          |
  | 7     | 83       | Activation Communication | Layer 41                                                                                                                                                                                                                                                                                              | 167035.74          | 217.73             | 167253.47          |
  | 7     | 84       | Compute                  | Layer 42                                                                                                                                                                                                                                                                                              | 167253.47          | 286.92             | 167540.39          |
  | 7     | 85       | Activation Communication | Layer 42                                                                                                                                                                                                                                                                                              | 167540.39          | 40.04              | 167580.43          |
  | 7     | 86       | Compute                  | Layer 43                                                                                                                                                                                                                                                                                              | 167580.43          | 348.59             | 167929.01          |
  | 7     | 87       | Activation Communication | Layer 43                                                                                                                                                                                                                                                                                              | 167929.01          | 0                  | 167929.01          |
  | 7     | 88       | Compute                  | Layer 44                                                                                                                                                                                                                                                                                              | 167929.01          | 29.81              | 167958.82          |
  | 7     | 89       | Activation Communication | Layer 44                                                                                                                                                                                                                                                                                              | 167958.82          | 0                  | 167958.82          |
  | 7     | 90       | Compute                  | Layer 45                                                                                                                                                                                                                                                                                              | 167958.82          | 29.81              | 167988.62          |
  | 7     | 91       | Activation Communication | Layer 45                                                                                                                                                                                                                                                                                              | 167988.62          | 47.28              | 168035.90          |
  | 7     | 92       | Compute                  | Layer 46                                                                                                                                                                                                                                                                                              | 168035.90          | 104.47             | 168140.38          |
  | 7     | 93       | Activation Communication | Layer 46                                                                                                                                                                                                                                                                                              | 168140.38          | 44.89              | 168185.27          |
  | 7     | 94       | Compute                  | Layer 47                                                                                                                                                                                                                                                                                              | 168185.27          | 379.67             | 168564.94          |
  | 7     | 95       | Activation Communication | Layer 47                                                                                                                                                                                                                                                                                              | 168564.94          | 313.59             | 168878.53          |
  | 7     | 96       | Compute                  | Layer 48                                                                                                                                                                                                                                                                                              | 168878.53          | 399.04             | 169277.57          |
  | 7     | 97       | Activation Communication | Layer 48                                                                                                                                                                                                                                                                                              | 169277.57          | 44.60              | 169322.17          |
  | 7     | 98       | Compute                  | Layer 49                                                                                                                                                                                                                                                                                              | 169322.17          | 348.59             | 169670.76          |
  | 7     | 99       | Activation Communication | Layer 49                                                                                                                                                                                                                                                                                              | 169670.76          | 0                  | 169670.76          |
  | 7     | 100      | Compute                  | Layer 50                                                                                                                                                                                                                                                                                              | 169670.76          | 29.81              | 169700.56          |
  | 7     | 101      | Activation Communication | Layer 50                                                                                                                                                                                                                                                                                              | 169700.56          | 0                  | 169700.56          |
  | 7     | 102      | Compute                  | Layer 51                                                                                                                                                                                                                                                                                              | 169700.56          | 29.81              | 169730.37          |
  | 7     | 103      | Activation Communication | Layer 51                                                                                                                                                                                                                                                                                              | 169730.37          | 47.28              | 169777.65          |
  | 7     | 104      | Compute                  | Layer 52                                                                                                                                                                                                                                                                                              | 169777.65          | 104.47             | 169882.12          |
  | 7     | 105      | Activation Communication | Layer 52                                                                                                                                                                                                                                                                                              | 169882.12          | 45.84              | 169927.97          |
  | 7     | 106      | Compute                  | Layer 53                                                                                                                                                                                                                                                                                              | 169927.97          | 379.67             | 170307.64          |
  | 7     | 107      | Activation Communication | Layer 53                                                                                                                                                                                                                                                                                              | 170307.64          | 315.90             | 170623.54          |
  | 7     | 108      | Compute                  | Layer 54                                                                                                                                                                                                                                                                                              | 170623.54          | 418.40             | 171041.94          |
  | 7     | 109      | Activation Communication | Layer 54                                                                                                                                                                                                                                                                                              | 171041.94          | 45.39              | 171087.33          |
  | 7     | 110      | Compute                  | Layer 55                                                                                                                                                                                                                                                                                              | 171087.33          | 348.59             | 171435.92          |
  | 7     | 111      | Activation Communication | Layer 55                                                                                                                                                                                                                                                                                              | 171435.92          | 0                  | 171435.92          |
  | 7     | 112      | Compute                  | Layer 56                                                                                                                                                                                                                                                                                              | 171435.92          | 29.81              | 171465.72          |
  | 7     | 113      | Activation Communication | Layer 56                                                                                                                                                                                                                                                                                              | 171465.72          | 0                  | 171465.72          |
  | 7     | 114      | Compute                  | Layer 57                                                                                                                                                                                                                                                                                              | 171465.72          | 29.81              | 171495.53          |
  | 7     | 115      | Activation Communication | Layer 57                                                                                                                                                                                                                                                                                              | 171495.53          | 47.28              | 171542.81          |
  | 7     | 116      | Compute                  | Layer 58                                                                                                                                                                                                                                                                                              | 171542.81          | 104.47             | 171647.28          |
  | 7     | 117      | Activation Communication | Layer 58                                                                                                                                                                                                                                                                                              | 171647.28          | 45.84              | 171693.13          |
  | 7     | 118      | Compute                  | Layer 59                                                                                                                                                                                                                                                                                              | 171693.13          | 379.67             | 172072.80          |
  | 7     | 119      | Activation Communication | Layer 59                                                                                                                                                                                                                                                                                              | 172072.80          | 175.26             | 172248.06          |
  | 7     | 120      | Compute                  | Layer 60                                                                                                                                                                                                                                                                                              | 172248.06          | 464.78             | 172712.84          |
  | 7     | 121      | Activation Communication | Layer 60                                                                                                                                                                                                                                                                                              | 172712.84          | 47.28              | 172760.12          |
  | 7     | 122      | Compute                  | Layer 61                                                                                                                                                                                                                                                                                              | 172760.12          | 329.22             | 173089.34          |
  | 7     | 123      | Activation Communication | Layer 61                                                                                                                                                                                                                                                                                              | 173089.34          | 15.76              | 173105.10          |
  | 7     | 124      | Compute                  | Layer 62                                                                                                                                                                                                                                                                                              | 173105.10          | 29.81              | 173134.91          |
  | 7     | 125      | Activation Communication | Layer 62                                                                                                                                                                                                                                                                                              | 173134.91          | 0                  | 173134.91          |
  | 7     | 126      | Compute                  | Layer 63                                                                                                                                                                                                                                                                                              | 173134.91          | 29.81              | 173164.71          |
  | 7     | 127      | Activation Communication | Layer 63                                                                                                                                                                                                                                                                                              | 173164.71          | 47.28              | 173211.99          |
  | 7     | 128      | Compute                  | Layer 64                                                                                                                                                                                                                                                                                              | 173211.99          | 85.11              | 173297.10          |
  | 7     | 129      | Activation Communication | Layer 64                                                                                                                                                                                                                                                                                              | 173297.10          | 43.48              | 173340.58          |
  | 7     | 130      | Compute                  | Layer 65                                                                                                                                                                                                                                                                                              | 173340.58          | 399.04             | 173739.62          |
  | 7     | 131      | Activation Communication | Layer 65                                                                                                                                                                                                                                                                                              | 173739.62          | 178.41             | 173918.04          |
  | 7     | 132      | Compute                  | Layer 66                                                                                                                                                                                                                                                                                              | 173918.04          | 464.78             | 174382.82          |
  | 7     | 133      | Activation Communication | Layer 66                                                                                                                                                                                                                                                                                              | 174382.82          | 47.28              | 174430.10          |
  | 7     | 134      | Compute                  | Layer 67                                                                                                                                                                                                                                                                                              | 174430.10          | 329.22             | 174759.32          |
  | 7     | 135      | Activation Communication | Layer 67                                                                                                                                                                                                                                                                                              | 174759.32          | 15.76              | 174775.08          |
  | 7     | 136      | Compute                  | Layer 68                                                                                                                                                                                                                                                                                              | 174775.08          | 29.81              | 174804.88          |
  | 7     | 137      | Activation Communication | Layer 68                                                                                                                                                                                                                                                                                              | 174804.88          | 0                  | 174804.88          |
  | 7     | 138      | Compute                  | Layer 69                                                                                                                                                                                                                                                                                              | 174804.88          | 29.81              | 174834.69          |
  | 7     | 139      | Activation Communication | Layer 69                                                                                                                                                                                                                                                                                              | 174834.69          | 47.28              | 174881.97          |
  | 7     | 140      | Compute                  | Layer 70                                                                                                                                                                                                                                                                                              | 174881.97          | 85.11              | 174967.08          |
  | 7     | 141      | Activation Communication | Layer 70                                                                                                                                                                                                                                                                                              | 174967.08          | 43.48              | 175010.56          |
  | 7     | 142      | Compute                  | Layer 71                                                                                                                                                                                                                                                                                              | 175010.56          | 399.04             | 175409.60          |
  | 7     | 143      | Activation Communication | Layer 71                                                                                                                                                                                                                                                                                              | 175409.60          | 178.41             | 175588.01          |
  | 7     | 144      | Compute                  | Layer 72                                                                                                                                                                                                                                                                                              | 175588.01          | 464.78             | 176052.79          |
  | 7     | 145      | Activation Communication | Layer 72                                                                                                                                                                                                                                                                                              | 176052.79          | 47.28              | 176100.07          |
  | 7     | 146      | Compute                  | Layer 73                                                                                                                                                                                                                                                                                              | 176100.07          | 0.67               | 176100.74          |
  | 8     | 0        | Compute                  | Layer 0                                                                                                                                                                                                                                                                                               | 176100.74          | 115.61             | 176216.35          |
  | 8     | 1        | Activation Communication | Layer 0                                                                                                                                                                                                                                                                                               | 176216.35          | 0                  | 176216.35          |
  | 8     | 2        | Compute                  | Layer 1                                                                                                                                                                                                                                                                                               | 176216.35          | 348.59             | 176564.93          |
  | 8     | 3        | Activation Communication | Layer 1                                                                                                                                                                                                                                                                                               | 176564.93          | 141.84             | 176706.77          |
  | 8     | 4        | Compute                  | Layer 2                                                                                                                                                                                                                                                                                               | 176706.77          | 29.81              | 176736.58          |
  | 8     | 5        | Activation Communication | Layer 2                                                                                                                                                                                                                                                                                               | 176736.58          | 12.12              | 176748.70          |
  | 8     | 6        | Compute                  | Layer 3                                                                                                                                                                                                                                                                                               | 176748.70          | 26.80              | 176775.50          |
  | 8     | 7        | Activation Communication | Layer 3                                                                                                                                                                                                                                                                                               | 176775.50          | 4.76               | 176780.27          |
  | 8     | 8        | Compute                  | Layer 4                                                                                                                                                                                                                                                                                               | 176780.27          | 116.20             | 176896.46          |
  | 8     | 9        | Activation Communication | Layer 4                                                                                                                                                                                                                                                                                               | 176896.46          | 47.28              | 176943.74          |
  | 8     | 10       | Compute                  | Layer 5                                                                                                                                                                                                                                                                                               | 176943.74          | 263.48             | 177207.22          |
  | 8     | 11       | Activation Communication | Layer 5                                                                                                                                                                                                                                                                                               | 177207.22          | 156.35             | 177363.57          |
  | 8     | 12       | Compute                  | Layer 6                                                                                                                                                                                                                                                                                               | 177363.57          | 464.78             | 177828.35          |
  | 8     | 13       | Activation Communication | Layer 6                                                                                                                                                                                                                                                                                               | 177828.35          | 47.28              | 177875.63          |
  | 8     | 14       | Compute                  | Layer 7                                                                                                                                                                                                                                                                                               | 177875.63          | 329.22             | 178204.85          |
  | 8     | 15       | Activation Communication | Layer 7                                                                                                                                                                                                                                                                                               | 178204.85          | 15.76              | 178220.61          |
  | 8     | 16       | Compute                  | Layer 8                                                                                                                                                                                                                                                                                               | 178220.61          | 29.81              | 178250.42          |
  | 8     | 17       | Activation Communication | Layer 8                                                                                                                                                                                                                                                                                               | 178250.42          | 0                  | 178250.42          |
  | 8     | 18       | Compute                  | Layer 9                                                                                                                                                                                                                                                                                               | 178250.42          | 29.81              | 178280.22          |
  | 8     | 19       | Activation Communication | Layer 9                                                                                                                                                                                                                                                                                               | 178280.22          | 47.28              | 178327.50          |
  | 8     | 20       | Compute                  | Layer 10                                                                                                                                                                                                                                                                                              | 178327.50          | 85.11              | 178412.61          |
  | 8     | 21       | Activation Communication | Layer 10                                                                                                                                                                                                                                                                                              | 178412.61          | 43.48              | 178456.09          |
  | 8     | 22       | Compute                  | Layer 11                                                                                                                                                                                                                                                                                              | 178456.09          | 399.04             | 178855.13          |
  | 8     | 23       | Activation Communication | Layer 11                                                                                                                                                                                                                                                                                              | 178855.13          | 324.73             | 179179.86          |
  | 8     | 24       | Compute                  | Layer 12                                                                                                                                                                                                                                                                                              | 179179.86          | 418.40             | 179598.27          |
  | 8     | 25       | Activation Communication | Layer 12                                                                                                                                                                                                                                                                                              | 179598.27          | 45.39              | 179643.66          |
  | 8     | 26       | Compute                  | Layer 13                                                                                                                                                                                                                                                                                              | 179643.66          | 348.59             | 179992.24          |
  | 8     | 27       | Activation Communication | Layer 13                                                                                                                                                                                                                                                                                              | 179992.24          | 0                  | 179992.24          |
  | 8     | 28       | Compute                  | Layer 14                                                                                                                                                                                                                                                                                              | 179992.24          | 29.81              | 180022.05          |
  | 8     | 29       | Activation Communication | Layer 14                                                                                                                                                                                                                                                                                              | 180022.05          | 0                  | 180022.05          |
  | 8     | 30       | Compute                  | Layer 15                                                                                                                                                                                                                                                                                              | 180022.05          | 29.81              | 180051.85          |
  | 8     | 31       | Activation Communication | Layer 15                                                                                                                                                                                                                                                                                              | 180051.85          | 47.28              | 180099.13          |
  | 8     | 32       | Compute                  | Layer 16                                                                                                                                                                                                                                                                                              | 180099.13          | 104.47             | 180203.61          |
  | 8     | 33       | Activation Communication | Layer 16                                                                                                                                                                                                                                                                                              | 180203.61          | 45.84              | 180249.45          |
  | 8     | 34       | Compute                  | Layer 17                                                                                                                                                                                                                                                                                              | 180249.45          | 379.67             | 180629.13          |
  | 8     | 35       | Activation Communication | Layer 17                                                                                                                                                                                                                                                                                              | 180629.13          | 175.26             | 180804.39          |
  | 8     | 36       | Compute                  | Layer 18                                                                                                                                                                                                                                                                                              | 180804.39          | 464.78             | 181269.17          |
  | 8     | 37       | Activation Communication | Layer 18                                                                                                                                                                                                                                                                                              | 181269.17          | 47.28              | 181316.45          |
  | 8     | 38       | Compute                  | Layer 19                                                                                                                                                                                                                                                                                              | 181316.45          | 329.22             | 181645.67          |
  | 8     | 39       | Activation Communication | Layer 19                                                                                                                                                                                                                                                                                              | 181645.67          | 15.76              | 181661.43          |
  | 8     | 40       | Compute                  | Layer 20                                                                                                                                                                                                                                                                                              | 181661.43          | 29.81              | 181691.24          |
  | 8     | 41       | Activation Communication | Layer 20                                                                                                                                                                                                                                                                                              | 181691.24          | 0                  | 181691.24          |
  | 8     | 42       | Compute                  | Layer 21                                                                                                                                                                                                                                                                                              | 181691.24          | 29.81              | 181721.04          |
  | 8     | 43       | Activation Communication | Layer 21                                                                                                                                                                                                                                                                                              | 181721.04          | 47.28              | 181768.32          |
  | 8     | 44       | Compute                  | Layer 22                                                                                                                                                                                                                                                                                              | 181768.32          | 85.11              | 181853.43          |
  | 8     | 45       | Activation Communication | Layer 22                                                                                                                                                                                                                                                                                              | 181853.43          | 40.95              | 181894.38          |
  | 8     | 46       | Compute                  | Layer 23                                                                                                                                                                                                                                                                                              | 181894.38          | 399.04             | 182293.42          |
  | 8     | 47       | Activation Communication | Layer 23                                                                                                                                                                                                                                                                                              | 182293.42          | 178.41             | 182471.83          |
  | 8     | 48       | Compute                  | Layer 24                                                                                                                                                                                                                                                                                              | 182471.83          | 464.78             | 182936.62          |
  | 8     | 49       | Activation Communication | Layer 24                                                                                                                                                                                                                                                                                              | 182936.62          | 47.28              | 182983.90          |
  | 8     | 50       | Compute                  | Layer 25                                                                                                                                                                                                                                                                                              | 182983.90          | 329.22             | 183313.12          |
  | 8     | 51       | Activation Communication | Layer 25                                                                                                                                                                                                                                                                                              | 183313.12          | 15.76              | 183328.88          |
  | 8     | 52       | Compute                  | Layer 26                                                                                                                                                                                                                                                                                              | 183328.88          | 29.81              | 183358.68          |
  | 8     | 53       | Activation Communication | Layer 26                                                                                                                                                                                                                                                                                              | 183358.68          | 0                  | 183358.68          |
  | 8     | 54       | Compute                  | Layer 27                                                                                                                                                                                                                                                                                              | 183358.68          | 29.81              | 183388.49          |
  | 8     | 55       | Activation Communication | Layer 27                                                                                                                                                                                                                                                                                              | 183388.49          | 47.28              | 183435.77          |
  | 8     | 56       | Compute                  | Layer 28                                                                                                                                                                                                                                                                                              | 183435.77          | 85.11              | 183520.88          |
  | 8     | 57       | Activation Communication | Layer 28                                                                                                                                                                                                                                                                                              | 183520.88          | 43.48              | 183564.36          |
  | 8     | 58       | Compute                  | Layer 29                                                                                                                                                                                                                                                                                              | 183564.36          | 399.04             | 183963.39          |
  | 8     | 59       | Activation Communication | Layer 29                                                                                                                                                                                                                                                                                              | 183963.39          | 178.41             | 184141.81          |
  | 8     | 60       | Compute                  | Layer 30                                                                                                                                                                                                                                                                                              | 184141.81          | 464.78             | 184606.59          |
  | 8     | 61       | Activation Communication | Layer 30                                                                                                                                                                                                                                                                                              | 184606.59          | 47.28              | 184653.87          |
  | 8     | 62       | Compute                  | Layer 31                                                                                                                                                                                                                                                                                              | 184653.87          | 329.22             | 184983.09          |
  | 8     | 63       | Activation Communication | Layer 31                                                                                                                                                                                                                                                                                              | 184983.09          | 15.76              | 184998.85          |
  | 8     | 64       | Compute                  | Layer 32                                                                                                                                                                                                                                                                                              | 184998.85          | 29.81              | 185028.66          |
  | 8     | 65       | Activation Communication | Layer 32                                                                                                                                                                                                                                                                                              | 185028.66          | 0                  | 185028.66          |
  | 8     | 66       | Compute                  | Layer 33                                                                                                                                                                                                                                                                                              | 185028.66          | 29.81              | 185058.46          |
  | 8     | 67       | Activation Communication | Layer 33                                                                                                                                                                                                                                                                                              | 185058.46          | 47.28              | 185105.74          |
  | 8     | 68       | Compute                  | Layer 34                                                                                                                                                                                                                                                                                              | 185105.74          | 85.11              | 185190.85          |
  | 8     | 69       | Activation Communication | Layer 34                                                                                                                                                                                                                                                                                              | 185190.85          | 43.48              | 185234.33          |
  | 8     | 70       | Compute                  | Layer 35                                                                                                                                                                                                                                                                                              | 185234.33          | 399.04             | 185633.37          |
  | 8     | 71       | Activation Communication | Layer 35                                                                                                                                                                                                                                                                                              | 185633.37          | 178.41             | 185811.78          |
  | 8     | 72       | Compute                  | Layer 36                                                                                                                                                                                                                                                                                              | 185811.78          | 464.78             | 186276.56          |
  | 8     | 73       | Activation Communication | Layer 36                                                                                                                                                                                                                                                                                              | 186276.56          | 47.28              | 186323.84          |
  | 8     | 74       | Compute                  | Layer 37                                                                                                                                                                                                                                                                                              | 186323.84          | 329.22             | 186653.06          |
  | 8     | 75       | Activation Communication | Layer 37                                                                                                                                                                                                                                                                                              | 186653.06          | 137.90             | 186790.96          |
  | 8     | 76       | Compute                  | Layer 38                                                                                                                                                                                                                                                                                              | 186790.96          | 29.81              | 186820.77          |
  | 8     | 77       | Activation Communication | Layer 38                                                                                                                                                                                                                                                                                              | 186820.77          | 12.12              | 186832.89          |
  | 8     | 78       | Compute                  | Layer 39                                                                                                                                                                                                                                                                                              | 186832.89          | 20.92              | 186853.81          |
  | 8     | 79       | Activation Communication | Layer 39                                                                                                                                                                                                                                                                                              | 186853.81          | 33.17              | 186886.99          |
  | 8     | 80       | Compute                  | Layer 40                                                                                                                                                                                                                                                                                              | 186886.99          | 116.20             | 187003.18          |
  | 8     | 81       | Activation Communication | Layer 40                                                                                                                                                                                                                                                                                              | 187003.18          | 47.28              | 187050.46          |
  | 8     | 82       | Compute                  | Layer 41                                                                                                                                                                                                                                                                                              | 187050.46          | 267.55             | 187318.02          |
  | 8     | 83       | Activation Communication | Layer 41                                                                                                                                                                                                                                                                                              | 187318.02          | 217.73             | 187535.75          |
  | 8     | 84       | Compute                  | Layer 42                                                                                                                                                                                                                                                                                              | 187535.75          | 286.92             | 187822.67          |
  | 8     | 85       | Activation Communication | Layer 42                                                                                                                                                                                                                                                                                              | 187822.67          | 40.04              | 187862.71          |
  | 8     | 86       | Compute                  | Layer 43                                                                                                                                                                                                                                                                                              | 187862.71          | 348.59             | 188211.29          |
  | 8     | 87       | Activation Communication | Layer 43                                                                                                                                                                                                                                                                                              | 188211.29          | 0                  | 188211.29          |
  | 8     | 88       | Compute                  | Layer 44                                                                                                                                                                                                                                                                                              | 188211.29          | 29.81              | 188241.10          |
  | 8     | 89       | Activation Communication | Layer 44                                                                                                                                                                                                                                                                                              | 188241.10          | 0                  | 188241.10          |
  | 8     | 90       | Compute                  | Layer 45                                                                                                                                                                                                                                                                                              | 188241.10          | 29.81              | 188270.90          |
  | 8     | 91       | Activation Communication | Layer 45                                                                                                                                                                                                                                                                                              | 188270.90          | 47.28              | 188318.18          |
  | 8     | 92       | Compute                  | Layer 46                                                                                                                                                                                                                                                                                              | 188318.18          | 104.47             | 188422.66          |
  | 8     | 93       | Activation Communication | Layer 46                                                                                                                                                                                                                                                                                              | 188422.66          | 44.89              | 188467.55          |
  | 8     | 94       | Compute                  | Layer 47                                                                                                                                                                                                                                                                                              | 188467.55          | 379.67             | 188847.22          |
  | 8     | 95       | Activation Communication | Layer 47                                                                                                                                                                                                                                                                                              | 188847.22          | 313.59             | 189160.81          |
  | 8     | 96       | Compute                  | Layer 48                                                                                                                                                                                                                                                                                              | 189160.81          | 399.04             | 189559.85          |
  | 8     | 97       | Activation Communication | Layer 48                                                                                                                                                                                                                                                                                              | 189559.85          | 44.60              | 189604.45          |
  | 8     | 98       | Compute                  | Layer 49                                                                                                                                                                                                                                                                                              | 189604.45          | 348.59             | 189953.04          |
  | 8     | 99       | Activation Communication | Layer 49                                                                                                                                                                                                                                                                                              | 189953.04          | 0                  | 189953.04          |
  | 8     | 100      | Compute                  | Layer 50                                                                                                                                                                                                                                                                                              | 189953.04          | 29.81              | 189982.84          |
  | 8     | 101      | Activation Communication | Layer 50                                                                                                                                                                                                                                                                                              | 189982.84          | 0                  | 189982.84          |
  | 8     | 102      | Compute                  | Layer 51                                                                                                                                                                                                                                                                                              | 189982.84          | 29.81              | 190012.65          |
  | 8     | 103      | Activation Communication | Layer 51                                                                                                                                                                                                                                                                                              | 190012.65          | 47.28              | 190059.93          |
  | 8     | 104      | Compute                  | Layer 52                                                                                                                                                                                                                                                                                              | 190059.93          | 104.47             | 190164.40          |
  | 8     | 105      | Activation Communication | Layer 52                                                                                                                                                                                                                                                                                              | 190164.40          | 45.84              | 190210.25          |
  | 8     | 106      | Compute                  | Layer 53                                                                                                                                                                                                                                                                                              | 190210.25          | 379.67             | 190589.92          |
  | 8     | 107      | Activation Communication | Layer 53                                                                                                                                                                                                                                                                                              | 190589.92          | 315.90             | 190905.81          |
  | 8     | 108      | Compute                  | Layer 54                                                                                                                                                                                                                                                                                              | 190905.81          | 418.40             | 191324.22          |
  | 8     | 109      | Activation Communication | Layer 54                                                                                                                                                                                                                                                                                              | 191324.22          | 45.39              | 191369.61          |
  | 8     | 110      | Compute                  | Layer 55                                                                                                                                                                                                                                                                                              | 191369.61          | 348.59             | 191718.19          |
  | 8     | 111      | Activation Communication | Layer 55                                                                                                                                                                                                                                                                                              | 191718.19          | 0                  | 191718.19          |
  | 8     | 112      | Compute                  | Layer 56                                                                                                                                                                                                                                                                                              | 191718.19          | 29.81              | 191748.00          |
  | 8     | 113      | Activation Communication | Layer 56                                                                                                                                                                                                                                                                                              | 191748.00          | 0                  | 191748.00          |
  | 8     | 114      | Compute                  | Layer 57                                                                                                                                                                                                                                                                                              | 191748.00          | 29.81              | 191777.80          |
  | 8     | 115      | Activation Communication | Layer 57                                                                                                                                                                                                                                                                                              | 191777.80          | 47.28              | 191825.08          |
  | 8     | 116      | Compute                  | Layer 58                                                                                                                                                                                                                                                                                              | 191825.08          | 104.47             | 191929.56          |
  | 8     | 117      | Activation Communication | Layer 58                                                                                                                                                                                                                                                                                              | 191929.56          | 45.84              | 191975.40          |
  | 8     | 118      | Compute                  | Layer 59                                                                                                                                                                                                                                                                                              | 191975.40          | 379.67             | 192355.08          |
  | 8     | 119      | Activation Communication | Layer 59                                                                                                                                                                                                                                                                                              | 192355.08          | 175.26             | 192530.34          |
  | 8     | 120      | Compute                  | Layer 60                                                                                                                                                                                                                                                                                              | 192530.34          | 464.78             | 192995.12          |
  | 8     | 121      | Activation Communication | Layer 60                                                                                                                                                                                                                                                                                              | 192995.12          | 47.28              | 193042.40          |
  | 8     | 122      | Compute                  | Layer 61                                                                                                                                                                                                                                                                                              | 193042.40          | 329.22             | 193371.62          |
  | 8     | 123      | Activation Communication | Layer 61                                                                                                                                                                                                                                                                                              | 193371.62          | 15.76              | 193387.38          |
  | 8     | 124      | Compute                  | Layer 62                                                                                                                                                                                                                                                                                              | 193387.38          | 29.81              | 193417.19          |
  | 8     | 125      | Activation Communication | Layer 62                                                                                                                                                                                                                                                                                              | 193417.19          | 0                  | 193417.19          |
  | 8     | 126      | Compute                  | Layer 63                                                                                                                                                                                                                                                                                              | 193417.19          | 29.81              | 193446.99          |
  | 8     | 127      | Activation Communication | Layer 63                                                                                                                                                                                                                                                                                              | 193446.99          | 47.28              | 193494.27          |
  | 8     | 128      | Compute                  | Layer 64                                                                                                                                                                                                                                                                                              | 193494.27          | 85.11              | 193579.38          |
  | 8     | 129      | Activation Communication | Layer 64                                                                                                                                                                                                                                                                                              | 193579.38          | 43.48              | 193622.86          |
  | 8     | 130      | Compute                  | Layer 65                                                                                                                                                                                                                                                                                              | 193622.86          | 399.04             | 194021.90          |
  | 8     | 131      | Activation Communication | Layer 65                                                                                                                                                                                                                                                                                              | 194021.90          | 178.41             | 194200.31          |
  | 8     | 132      | Compute                  | Layer 66                                                                                                                                                                                                                                                                                              | 194200.31          | 464.78             | 194665.09          |
  | 8     | 133      | Activation Communication | Layer 66                                                                                                                                                                                                                                                                                              | 194665.09          | 47.28              | 194712.37          |
  | 8     | 134      | Compute                  | Layer 67                                                                                                                                                                                                                                                                                              | 194712.37          | 329.22             | 195041.59          |
  | 8     | 135      | Activation Communication | Layer 67                                                                                                                                                                                                                                                                                              | 195041.59          | 15.76              | 195057.35          |
  | 8     | 136      | Compute                  | Layer 68                                                                                                                                                                                                                                                                                              | 195057.35          | 29.81              | 195087.16          |
  | 8     | 137      | Activation Communication | Layer 68                                                                                                                                                                                                                                                                                              | 195087.16          | 0                  | 195087.16          |
  | 8     | 138      | Compute                  | Layer 69                                                                                                                                                                                                                                                                                              | 195087.16          | 29.81              | 195116.97          |
  | 8     | 139      | Activation Communication | Layer 69                                                                                                                                                                                                                                                                                              | 195116.97          | 47.28              | 195164.25          |
  | 8     | 140      | Compute                  | Layer 70                                                                                                                                                                                                                                                                                              | 195164.25          | 85.11              | 195249.35          |
  | 8     | 141      | Activation Communication | Layer 70                                                                                                                                                                                                                                                                                              | 195249.35          | 43.48              | 195292.84          |
  | 8     | 142      | Compute                  | Layer 71                                                                                                                                                                                                                                                                                              | 195292.84          | 399.04             | 195691.87          |
  | 8     | 143      | Activation Communication | Layer 71                                                                                                                                                                                                                                                                                              | 195691.87          | 178.41             | 195870.29          |
  | 8     | 144      | Compute                  | Layer 72                                                                                                                                                                                                                                                                                              | 195870.29          | 464.78             | 196335.07          |
  | 8     | 145      | Activation Communication | Layer 72                                                                                                                                                                                                                                                                                              | 196335.07          | 47.28              | 196382.35          |
  | 8     | 146      | Compute                  | Layer 73                                                                                                                                                                                                                                                                                              | 196382.35          | 0.67               | 196383.02          |
  | 9     | 0        | Compute                  | Layer 0                                                                                                                                                                                                                                                                                               | 196383.02          | 115.61             | 196498.62          |
  | 9     | 1        | Activation Communication | Layer 0                                                                                                                                                                                                                                                                                               | 196498.62          | 0                  | 196498.62          |
  | 9     | 2        | Compute                  | Layer 1                                                                                                                                                                                                                                                                                               | 196498.62          | 348.59             | 196847.21          |
  | 9     | 3        | Activation Communication | Layer 1                                                                                                                                                                                                                                                                                               | 196847.21          | 141.84             | 196989.05          |
  | 9     | 4        | Compute                  | Layer 2                                                                                                                                                                                                                                                                                               | 196989.05          | 29.81              | 197018.86          |
  | 9     | 5        | Activation Communication | Layer 2                                                                                                                                                                                                                                                                                               | 197018.86          | 12.12              | 197030.98          |
  | 9     | 6        | Compute                  | Layer 3                                                                                                                                                                                                                                                                                               | 197030.98          | 26.80              | 197057.78          |
  | 9     | 7        | Activation Communication | Layer 3                                                                                                                                                                                                                                                                                               | 197057.78          | 4.76               | 197062.54          |
  | 9     | 8        | Compute                  | Layer 4                                                                                                                                                                                                                                                                                               | 197062.54          | 116.20             | 197178.74          |
  | 9     | 9        | Activation Communication | Layer 4                                                                                                                                                                                                                                                                                               | 197178.74          | 47.28              | 197226.02          |
  | 9     | 10       | Compute                  | Layer 5                                                                                                                                                                                                                                                                                               | 197226.02          | 263.48             | 197489.50          |
  | 9     | 11       | Activation Communication | Layer 5                                                                                                                                                                                                                                                                                               | 197489.50          | 156.35             | 197645.85          |
  | 9     | 12       | Compute                  | Layer 6                                                                                                                                                                                                                                                                                               | 197645.85          | 464.78             | 198110.63          |
  | 9     | 13       | Activation Communication | Layer 6                                                                                                                                                                                                                                                                                               | 198110.63          | 47.28              | 198157.91          |
  | 9     | 14       | Compute                  | Layer 7                                                                                                                                                                                                                                                                                               | 198157.91          | 329.22             | 198487.13          |
  | 9     | 15       | Activation Communication | Layer 7                                                                                                                                                                                                                                                                                               | 198487.13          | 15.76              | 198502.89          |
  | 9     | 16       | Compute                  | Layer 8                                                                                                                                                                                                                                                                                               | 198502.89          | 29.81              | 198532.69          |
  | 9     | 17       | Activation Communication | Layer 8                                                                                                                                                                                                                                                                                               | 198532.69          | 0                  | 198532.69          |
  | 9     | 18       | Compute                  | Layer 9                                                                                                                                                                                                                                                                                               | 198532.69          | 29.81              | 198562.50          |
  | 9     | 19       | Activation Communication | Layer 9                                                                                                                                                                                                                                                                                               | 198562.50          | 47.28              | 198609.78          |
  | 9     | 20       | Compute                  | Layer 10                                                                                                                                                                                                                                                                                              | 198609.78          | 85.11              | 198694.89          |
  | 9     | 21       | Activation Communication | Layer 10                                                                                                                                                                                                                                                                                              | 198694.89          | 43.48              | 198738.37          |
  | 9     | 22       | Compute                  | Layer 11                                                                                                                                                                                                                                                                                              | 198738.37          | 399.04             | 199137.41          |
  | 9     | 23       | Activation Communication | Layer 11                                                                                                                                                                                                                                                                                              | 199137.41          | 324.73             | 199462.14          |
  | 9     | 24       | Compute                  | Layer 12                                                                                                                                                                                                                                                                                              | 199462.14          | 418.40             | 199880.54          |
  | 9     | 25       | Activation Communication | Layer 12                                                                                                                                                                                                                                                                                              | 199880.54          | 45.39              | 199925.93          |
  | 9     | 26       | Compute                  | Layer 13                                                                                                                                                                                                                                                                                              | 199925.93          | 348.59             | 200274.52          |
  | 9     | 27       | Activation Communication | Layer 13                                                                                                                                                                                                                                                                                              | 200274.52          | 0                  | 200274.52          |
  | 9     | 28       | Compute                  | Layer 14                                                                                                                                                                                                                                                                                              | 200274.52          | 29.81              | 200304.32          |
  | 9     | 29       | Activation Communication | Layer 14                                                                                                                                                                                                                                                                                              | 200304.32          | 0                  | 200304.32          |
  | 9     | 30       | Compute                  | Layer 15                                                                                                                                                                                                                                                                                              | 200304.32          | 29.81              | 200334.13          |
  | 9     | 31       | Activation Communication | Layer 15                                                                                                                                                                                                                                                                                              | 200334.13          | 47.28              | 200381.41          |
  | 9     | 32       | Compute                  | Layer 16                                                                                                                                                                                                                                                                                              | 200381.41          | 104.47             | 200485.88          |
  | 9     | 33       | Activation Communication | Layer 16                                                                                                                                                                                                                                                                                              | 200485.88          | 45.84              | 200531.73          |
  | 9     | 34       | Compute                  | Layer 17                                                                                                                                                                                                                                                                                              | 200531.73          | 379.67             | 200911.40          |
  | 9     | 35       | Activation Communication | Layer 17                                                                                                                                                                                                                                                                                              | 200911.40          | 175.26             | 201086.67          |
  | 9     | 36       | Compute                  | Layer 18                                                                                                                                                                                                                                                                                              | 201086.67          | 464.78             | 201551.45          |
  | 9     | 37       | Activation Communication | Layer 18                                                                                                                                                                                                                                                                                              | 201551.45          | 47.28              | 201598.73          |
  | 9     | 38       | Compute                  | Layer 19                                                                                                                                                                                                                                                                                              | 201598.73          | 329.22             | 201927.95          |
  | 9     | 39       | Activation Communication | Layer 19                                                                                                                                                                                                                                                                                              | 201927.95          | 15.76              | 201943.71          |
  | 9     | 40       | Compute                  | Layer 20                                                                                                                                                                                                                                                                                              | 201943.71          | 29.81              | 201973.51          |
  | 9     | 41       | Activation Communication | Layer 20                                                                                                                                                                                                                                                                                              | 201973.51          | 0                  | 201973.51          |
  | 9     | 42       | Compute                  | Layer 21                                                                                                                                                                                                                                                                                              | 201973.51          | 29.81              | 202003.32          |
  | 9     | 43       | Activation Communication | Layer 21                                                                                                                                                                                                                                                                                              | 202003.32          | 47.28              | 202050.60          |
  | 9     | 44       | Compute                  | Layer 22                                                                                                                                                                                                                                                                                              | 202050.60          | 85.11              | 202135.71          |
  | 9     | 45       | Activation Communication | Layer 22                                                                                                                                                                                                                                                                                              | 202135.71          | 40.95              | 202176.66          |
  | 9     | 46       | Compute                  | Layer 23                                                                                                                                                                                                                                                                                              | 202176.66          | 399.04             | 202575.70          |
  | 9     | 47       | Activation Communication | Layer 23                                                                                                                                                                                                                                                                                              | 202575.70          | 178.41             | 202754.11          |
  | 9     | 48       | Compute                  | Layer 24                                                                                                                                                                                                                                                                                              | 202754.11          | 464.78             | 203218.89          |
  | 9     | 49       | Activation Communication | Layer 24                                                                                                                                                                                                                                                                                              | 203218.89          | 47.28              | 203266.17          |
  | 9     | 50       | Compute                  | Layer 25                                                                                                                                                                                                                                                                                              | 203266.17          | 329.22             | 203595.39          |
  | 9     | 51       | Activation Communication | Layer 25                                                                                                                                                                                                                                                                                              | 203595.39          | 15.76              | 203611.15          |
  | 9     | 52       | Compute                  | Layer 26                                                                                                                                                                                                                                                                                              | 203611.15          | 29.81              | 203640.96          |
  | 9     | 53       | Activation Communication | Layer 26                                                                                                                                                                                                                                                                                              | 203640.96          | 0                  | 203640.96          |
  | 9     | 54       | Compute                  | Layer 27                                                                                                                                                                                                                                                                                              | 203640.96          | 29.81              | 203670.76          |
  | 9     | 55       | Activation Communication | Layer 27                                                                                                                                                                                                                                                                                              | 203670.76          | 47.28              | 203718.04          |
  | 9     | 56       | Compute                  | Layer 28                                                                                                                                                                                                                                                                                              | 203718.04          | 85.11              | 203803.15          |
  | 9     | 57       | Activation Communication | Layer 28                                                                                                                                                                                                                                                                                              | 203803.15          | 43.48              | 203846.63          |
  | 9     | 58       | Compute                  | Layer 29                                                                                                                                                                                                                                                                                              | 203846.63          | 399.04             | 204245.67          |
  | 9     | 59       | Activation Communication | Layer 29                                                                                                                                                                                                                                                                                              | 204245.67          | 178.41             | 204424.09          |
  | 9     | 60       | Compute                  | Layer 30                                                                                                                                                                                                                                                                                              | 204424.09          | 464.78             | 204888.87          |
  | 9     | 61       | Activation Communication | Layer 30                                                                                                                                                                                                                                                                                              | 204888.87          | 47.28              | 204936.15          |
  | 9     | 62       | Compute                  | Layer 31                                                                                                                                                                                                                                                                                              | 204936.15          | 329.22             | 205265.37          |
  | 9     | 63       | Activation Communication | Layer 31                                                                                                                                                                                                                                                                                              | 205265.37          | 15.76              | 205281.13          |
  | 9     | 64       | Compute                  | Layer 32                                                                                                                                                                                                                                                                                              | 205281.13          | 29.81              | 205310.93          |
  | 9     | 65       | Activation Communication | Layer 32                                                                                                                                                                                                                                                                                              | 205310.93          | 0                  | 205310.93          |
  | 9     | 66       | Compute                  | Layer 33                                                                                                                                                                                                                                                                                              | 205310.93          | 29.81              | 205340.74          |
  | 9     | 67       | Activation Communication | Layer 33                                                                                                                                                                                                                                                                                              | 205340.74          | 47.28              | 205388.02          |
  | 9     | 68       | Compute                  | Layer 34                                                                                                                                                                                                                                                                                              | 205388.02          | 85.11              | 205473.13          |
  | 9     | 69       | Activation Communication | Layer 34                                                                                                                                                                                                                                                                                              | 205473.13          | 43.48              | 205516.61          |
  | 9     | 70       | Compute                  | Layer 35                                                                                                                                                                                                                                                                                              | 205516.61          | 399.04             | 205915.65          |
  | 9     | 71       | Activation Communication | Layer 35                                                                                                                                                                                                                                                                                              | 205915.65          | 178.41             | 206094.06          |
  | 9     | 72       | Compute                  | Layer 36                                                                                                                                                                                                                                                                                              | 206094.06          | 464.78             | 206558.84          |
  | 9     | 73       | Activation Communication | Layer 36                                                                                                                                                                                                                                                                                              | 206558.84          | 47.28              | 206606.12          |
  | 9     | 74       | Compute                  | Layer 37                                                                                                                                                                                                                                                                                              | 206606.12          | 329.22             | 206935.34          |
  | 9     | 75       | Activation Communication | Layer 37                                                                                                                                                                                                                                                                                              | 206935.34          | 137.90             | 207073.24          |
  | 9     | 76       | Compute                  | Layer 38                                                                                                                                                                                                                                                                                              | 207073.24          | 29.81              | 207103.05          |
  | 9     | 77       | Activation Communication | Layer 38                                                                                                                                                                                                                                                                                              | 207103.05          | 12.12              | 207115.17          |
  | 9     | 78       | Compute                  | Layer 39                                                                                                                                                                                                                                                                                              | 207115.17          | 20.92              | 207136.09          |
  | 9     | 79       | Activation Communication | Layer 39                                                                                                                                                                                                                                                                                              | 207136.09          | 33.17              | 207169.26          |
  | 9     | 80       | Compute                  | Layer 40                                                                                                                                                                                                                                                                                              | 207169.26          | 116.20             | 207285.46          |
  | 9     | 81       | Activation Communication | Layer 40                                                                                                                                                                                                                                                                                              | 207285.46          | 47.28              | 207332.74          |
  | 9     | 82       | Compute                  | Layer 41                                                                                                                                                                                                                                                                                              | 207332.74          | 267.55             | 207600.29          |
  | 9     | 83       | Activation Communication | Layer 41                                                                                                                                                                                                                                                                                              | 207600.29          | 217.73             | 207818.02          |
  | 9     | 84       | Compute                  | Layer 42                                                                                                                                                                                                                                                                                              | 207818.02          | 286.92             | 208104.94          |
  | 9     | 85       | Activation Communication | Layer 42                                                                                                                                                                                                                                                                                              | 208104.94          | 40.04              | 208144.98          |
  | 9     | 86       | Compute                  | Layer 43                                                                                                                                                                                                                                                                                              | 208144.98          | 348.59             | 208493.57          |
  | 9     | 87       | Activation Communication | Layer 43                                                                                                                                                                                                                                                                                              | 208493.57          | 0                  | 208493.57          |
  | 9     | 88       | Compute                  | Layer 44                                                                                                                                                                                                                                                                                              | 208493.57          | 29.81              | 208523.37          |
  | 9     | 89       | Activation Communication | Layer 44                                                                                                                                                                                                                                                                                              | 208523.37          | 0                  | 208523.37          |
  | 9     | 90       | Compute                  | Layer 45                                                                                                                                                                                                                                                                                              | 208523.37          | 29.81              | 208553.18          |
  | 9     | 91       | Activation Communication | Layer 45                                                                                                                                                                                                                                                                                              | 208553.18          | 47.28              | 208600.46          |
  | 9     | 92       | Compute                  | Layer 46                                                                                                                                                                                                                                                                                              | 208600.46          | 104.47             | 208704.93          |
  | 9     | 93       | Activation Communication | Layer 46                                                                                                                                                                                                                                                                                              | 208704.93          | 44.89              | 208749.83          |
  | 9     | 94       | Compute                  | Layer 47                                                                                                                                                                                                                                                                                              | 208749.83          | 379.67             | 209129.50          |
  | 9     | 95       | Activation Communication | Layer 47                                                                                                                                                                                                                                                                                              | 209129.50          | 313.59             | 209443.09          |
  | 9     | 96       | Compute                  | Layer 48                                                                                                                                                                                                                                                                                              | 209443.09          | 399.04             | 209842.13          |
  | 9     | 97       | Activation Communication | Layer 48                                                                                                                                                                                                                                                                                              | 209842.13          | 44.60              | 209886.73          |
  | 9     | 98       | Compute                  | Layer 49                                                                                                                                                                                                                                                                                              | 209886.73          | 348.59             | 210235.31          |
  | 9     | 99       | Activation Communication | Layer 49                                                                                                                                                                                                                                                                                              | 210235.31          | 0                  | 210235.31          |
  | 9     | 100      | Compute                  | Layer 50                                                                                                                                                                                                                                                                                              | 210235.31          | 29.81              | 210265.12          |
  | 9     | 101      | Activation Communication | Layer 50                                                                                                                                                                                                                                                                                              | 210265.12          | 0                  | 210265.12          |
  | 9     | 102      | Compute                  | Layer 51                                                                                                                                                                                                                                                                                              | 210265.12          | 29.81              | 210294.92          |
  | 9     | 103      | Activation Communication | Layer 51                                                                                                                                                                                                                                                                                              | 210294.92          | 47.28              | 210342.20          |
  | 9     | 104      | Compute                  | Layer 52                                                                                                                                                                                                                                                                                              | 210342.20          | 104.47             | 210446.68          |
  | 9     | 105      | Activation Communication | Layer 52                                                                                                                                                                                                                                                                                              | 210446.68          | 45.84              | 210492.52          |
  | 9     | 106      | Compute                  | Layer 53                                                                                                                                                                                                                                                                                              | 210492.52          | 379.67             | 210872.19          |
  | 9     | 107      | Activation Communication | Layer 53                                                                                                                                                                                                                                                                                              | 210872.19          | 315.90             | 211188.09          |
  | 9     | 108      | Compute                  | Layer 54                                                                                                                                                                                                                                                                                              | 211188.09          | 418.40             | 211606.50          |
  | 9     | 109      | Activation Communication | Layer 54                                                                                                                                                                                                                                                                                              | 211606.50          | 45.39              | 211651.88          |
  | 9     | 110      | Compute                  | Layer 55                                                                                                                                                                                                                                                                                              | 211651.88          | 348.59             | 212000.47          |
  | 9     | 111      | Activation Communication | Layer 55                                                                                                                                                                                                                                                                                              | 212000.47          | 0                  | 212000.47          |
  | 9     | 112      | Compute                  | Layer 56                                                                                                                                                                                                                                                                                              | 212000.47          | 29.81              | 212030.28          |
  | 9     | 113      | Activation Communication | Layer 56                                                                                                                                                                                                                                                                                              | 212030.28          | 0                  | 212030.28          |
  | 9     | 114      | Compute                  | Layer 57                                                                                                                                                                                                                                                                                              | 212030.28          | 29.81              | 212060.08          |
  | 9     | 115      | Activation Communication | Layer 57                                                                                                                                                                                                                                                                                              | 212060.08          | 47.28              | 212107.36          |
  | 9     | 116      | Compute                  | Layer 58                                                                                                                                                                                                                                                                                              | 212107.36          | 104.47             | 212211.84          |
  | 9     | 117      | Activation Communication | Layer 58                                                                                                                                                                                                                                                                                              | 212211.84          | 45.84              | 212257.68          |
  | 9     | 118      | Compute                  | Layer 59                                                                                                                                                                                                                                                                                              | 212257.68          | 379.67             | 212637.35          |
  | 9     | 119      | Activation Communication | Layer 59                                                                                                                                                                                                                                                                                              | 212637.35          | 175.26             | 212812.62          |
  | 9     | 120      | Compute                  | Layer 60                                                                                                                                                                                                                                                                                              | 212812.62          | 464.78             | 213277.40          |
  | 9     | 121      | Activation Communication | Layer 60                                                                                                                                                                                                                                                                                              | 213277.40          | 47.28              | 213324.68          |
  | 9     | 122      | Compute                  | Layer 61                                                                                                                                                                                                                                                                                              | 213324.68          | 329.22             | 213653.90          |
  | 9     | 123      | Activation Communication | Layer 61                                                                                                                                                                                                                                                                                              | 213653.90          | 15.76              | 213669.66          |
  | 9     | 124      | Compute                  | Layer 62                                                                                                                                                                                                                                                                                              | 213669.66          | 29.81              | 213699.46          |
  | 9     | 125      | Activation Communication | Layer 62                                                                                                                                                                                                                                                                                              | 213699.46          | 0                  | 213699.46          |
  | 9     | 126      | Compute                  | Layer 63                                                                                                                                                                                                                                                                                              | 213699.46          | 29.81              | 213729.27          |
  | 9     | 127      | Activation Communication | Layer 63                                                                                                                                                                                                                                                                                              | 213729.27          | 47.28              | 213776.55          |
  | 9     | 128      | Compute                  | Layer 64                                                                                                                                                                                                                                                                                              | 213776.55          | 85.11              | 213861.66          |
  | 9     | 129      | Activation Communication | Layer 64                                                                                                                                                                                                                                                                                              | 213861.66          | 43.48              | 213905.14          |
  | 9     | 130      | Compute                  | Layer 65                                                                                                                                                                                                                                                                                              | 213905.14          | 399.04             | 214304.18          |
  | 9     | 131      | Activation Communication | Layer 65                                                                                                                                                                                                                                                                                              | 214304.18          | 178.41             | 214482.59          |
  | 9     | 132      | Compute                  | Layer 66                                                                                                                                                                                                                                                                                              | 214482.59          | 464.78             | 214947.37          |
  | 9     | 133      | Activation Communication | Layer 66                                                                                                                                                                                                                                                                                              | 214947.37          | 47.28              | 214994.65          |
  | 9     | 134      | Compute                  | Layer 67                                                                                                                                                                                                                                                                                              | 214994.65          | 329.22             | 215323.87          |
  | 9     | 135      | Activation Communication | Layer 67                                                                                                                                                                                                                                                                                              | 215323.87          | 15.76              | 215339.63          |
  | 9     | 136      | Compute                  | Layer 68                                                                                                                                                                                                                                                                                              | 215339.63          | 29.81              | 215369.44          |
  | 9     | 137      | Activation Communication | Layer 68                                                                                                                                                                                                                                                                                              | 215369.44          | 0                  | 215369.44          |
  | 9     | 138      | Compute                  | Layer 69                                                                                                                                                                                                                                                                                              | 215369.44          | 29.81              | 215399.24          |
  | 9     | 139      | Activation Communication | Layer 69                                                                                                                                                                                                                                                                                              | 215399.24          | 47.28              | 215446.52          |
  | 9     | 140      | Compute                  | Layer 70                                                                                                                                                                                                                                                                                              | 215446.52          | 85.11              | 215531.63          |
  | 9     | 141      | Activation Communication | Layer 70                                                                                                                                                                                                                                                                                              | 215531.63          | 43.48              | 215575.11          |
  | 9     | 142      | Compute                  | Layer 71                                                                                                                                                                                                                                                                                              | 215575.11          | 399.04             | 215974.15          |
  | 9     | 143      | Activation Communication | Layer 71                                                                                                                                                                                                                                                                                              | 215974.15          | 178.41             | 216152.56          |
  | 9     | 144      | Compute                  | Layer 72                                                                                                                                                                                                                                                                                              | 216152.56          | 464.78             | 216617.35          |
  | 9     | 145      | Activation Communication | Layer 72                                                                                                                                                                                                                                                                                              | 216617.35          | 47.28              | 216664.63          |
  | 9     | 146      | Compute                  | Layer 73                                                                                                                                                                                                                                                                                              | 216664.63          | 0.67               | 216665.30          |
  +-------+----------+--------------------------+-------------------------------------------------------------------------------------------------------------------------------------------------------------------------------------------------------------------------------------------------------------------------------------------------------+--------------------+--------------------+--------------------+

Weight Loading Schedule:
--------------------------------------------------
  Weight Loading Schedule Table:

  +-------+-------+------------+--------------------+--------------------+--------------------+
  | Input | Op ID | Start (μs) | Duration (μs)      | Completion (μs)    | Next Compute Layer |
  +-------+-------+------------+--------------------+--------------------+--------------------+
  | 0     | 147   | 0.00       | 13842.53           | 13842.53           | Input 0, Layer 0   |
  +-------+-------+------------+--------------------+--------------------+--------------------+

Weight Loading Traffic (bytes):
--------------------------------------------------
  Weight Loading Traffic Table:

  +-------+-------+-------------------------------------------------------------------------------------------------------------------------------------------------------------------------------------------------------------------------------------------------------------------------------------------------------------------------------------------------------------------------------------------------------------------------------------------------------------------------------------------------------------------------------------------------------------------------------+
  | Input | Op ID | Traffic                                                                                                                                                                                                                                                                                                                                                                                                                                                                                                                                                                       |
  +-------+-------+-------------------------------------------------------------------------------------------------------------------------------------------------------------------------------------------------------------------------------------------------------------------------------------------------------------------------------------------------------------------------------------------------------------------------------------------------------------------------------------------------------------------------------------------------------------------------------+
  | 0     | 147   | {1: {2: 147456, 3: 120454, 4: 63865, 13: 153600, 12: 114310, 11: 153599, 21: 153599, 22: 14713, 31: 114310, 32: 153599, 33: 27001, 42: 153600, 41: 114310, 44: 153599, 34: 20857, 43: 153600}, 91: {51: 153599, 52: 142604, 61: 153600, 62: 114310, 63: 153599, 53: 125305, 64: 153600, 54: 114310, 72: 153599, 55: 56428, 71: 114310, 81: 153599, 82: 153599, 83: 153599, 92: 114310, 93: 153599, 94: 41714, 73: 114310, 74: 153599, 75: 27001, 84: 153600, 85: 114310}, 100: {86: 153599, 76: 20857, 87: 153600, 77: 114310, 67: 153599, 57: 20857, 66: 153600, 56: 41856}} |
  +-------+-------+-------------------------------------------------------------------------------------------------------------------------------------------------------------------------------------------------------------------------------------------------------------------------------------------------------------------------------------------------------------------------------------------------------------------------------------------------------------------------------------------------------------------------------------------------------------------------------+

Activation Communication Traffic (bytes):
--------------------------------------------------
  Activation Communication Traffic Table:

  +-------+-----------------------------------------------+
  | Layer | Traffic                                       |
  +-------+-----------------------------------------------+
  | 0     | {2: {}}                                       |
  | 1     | {2: {3: 28368}}                               |
  | 2     | {2: {3: 2425}}                                |
  | 3     | {2: {3: 953}, 3: {}}                          |
  | 4     | {3: {4: 9456}}                                |
  | 5     | {3: {13: 21441}, 4: {13: 16382}}              |
  | 6     | {13: {12: 9456}}                              |
  | 7     | {12: {}, 13: {12: 3152}}                      |
  | 8     | {12: {}}                                      |
  | 9     | {12: {11: 9456}}                              |
  | 10    | {11: {21: 6926}, 12: {11: 2529, 21: 2529}}    |
  | 11    | {11: {21: 32473, 22: 32473}, 21: {22: 5350}}  |
  | 12    | {21: {31: 8512}, 22: {31: 943}}               |
  | 13    | {31: {}}                                      |
  | 14    | {31: {}}                                      |
  | 15    | {31: {32: 9456}}                              |
  | 16    | {31: {32: 953, 33: 953}, 32: {33: 8502}}      |
  | 17    | {32: {42: 30897}, 33: {42: 6926}}             |
  | 18    | {42: {41: 9456}}                              |
  | 19    | {41: {}, 42: {41: 3152}}                      |
  | 20    | {41: {}}                                      |
  | 21    | {41: {51: 9456}}                              |
  | 22    | {41: {51: 2529, 52: 2529}, 51: {52: 6926}}    |
  | 23    | {51: {61: 32473}, 52: {61: 5350}}             |
  | 24    | {61: {62: 9456}}                              |
  | 25    | {61: {62: 3152}, 62: {}}                      |
  | 26    | {62: {}}                                      |
  | 27    | {62: {63: 9456}}                              |
  | 28    | {62: {53: 2529, 63: 2529}, 63: {53: 6926}}    |
  | 29    | {53: {64: 5350}, 63: {64: 32473}}             |
  | 30    | {64: {54: 9456}}                              |
  | 31    | {54: {}, 64: {54: 3152}}                      |
  | 32    | {54: {}}                                      |
  | 33    | {54: {44: 9456}}                              |
  | 34    | {44: {34: 6926}, 54: {34: 2529, 44: 2529}}    |
  | 35    | {34: {43: 5350}, 44: {43: 32473}}             |
  | 36    | {43: {53: 9456}}                              |
  | 37    | {43: {53: 3152, 52: 1576}, 53: {52: 26792}}   |
  | 38    | {53: {52: 2425}}                              |
  | 39    | {52: {}, 53: {52: 6635}}                      |
  | 40    | {52: {72: 9456}}                              |
  | 41    | {52: {55: 21773, 72: 21773}, 72: {55: 16050}} |
  | 42    | {55: {71: 3618}, 72: {71: 5837}}              |
  | 43    | {71: {}}                                      |
  | 44    | {71: {}}                                      |
  | 45    | {71: {81: 9456}}                              |
  | 46    | {71: {81: 953, 82: 953}, 81: {82: 8502}}      |
  | 47    | {81: {82: 30897, 83: 30897}, 82: {83: 6926}}  |
  | 48    | {82: {92: 8118}, 83: {92: 1337}}              |
  | 49    | {92: {}}                                      |
  | 50    | {92: {}}                                      |
  | 51    | {92: {93: 9456}}                              |
  | 52    | {92: {93: 953, 94: 953}, 93: {94: 8502}}      |
  | 53    | {93: {83: 30897, 94: 30897}, 94: {83: 6926}}  |
  | 54    | {83: {73: 8512}, 94: {73: 943}}               |
  | 55    | {73: {}}                                      |
  | 56    | {73: {}}                                      |
  | 57    | {73: {74: 9456}}                              |
  | 58    | {73: {74: 953, 75: 953}, 74: {75: 8502}}      |
  | 59    | {74: {84: 30897}, 75: {84: 6926}}             |
  | 60    | {84: {85: 9456}}                              |
  | 61    | {84: {85: 3152}, 85: {}}                      |
  | 62    | {85: {}}                                      |
  | 63    | {85: {86: 9456}}                              |
  | 64    | {85: {76: 2529, 86: 2529}, 86: {76: 6926}}    |
  | 65    | {76: {87: 5350}, 86: {87: 32473}}             |
  | 66    | {87: {77: 9456}}                              |
  | 67    | {77: {}, 87: {77: 3152}}                      |
  | 68    | {77: {}}                                      |
  | 69    | {77: {67: 9456}}                              |
  | 70    | {67: {57: 6926}, 77: {57: 2529, 67: 2529}}    |
  | 71    | {57: {66: 5350}, 67: {66: 32473}}             |
  | 72    | {66: {56: 9456}}                              |
  | 73    | {}                                            |
  +-------+-----------------------------------------------+

Communication Co-active Layers:
--------------------------------------------------
  No co-active layers detected for this model

Communication Co-active Traffic:
--------------------------------------------------
  Co-active Traffic Table:

  +----------+-----------+-------+-------+-------+-------+--------------------------+---------------+-------------------+
  | Sim Call | Time (μs) | Model | Input | Layer | Phase | Type                     | Next Layer    | Co-active Traffic |
  +----------+-----------+-------+-------+-------+-------+--------------------------+---------------+-------------------+
  | 1        | 0.00      | 1     | 0     | 0     | 147   | Weight Loading           | Next: Layer 0 | {}                |
  | 2        | 14308.00  | 1     | 0     | 1     | 3     | Activation Communication |               | {}                |
  | 3        | 14480.00  | 1     | 0     | 2     | 5     | Activation Communication |               | {}                |
  | 4        | 14519.00  | 1     | 0     | 3     | 7     | Activation Communication |               | {}                |
  | 5        | 14640.00  | 1     | 0     | 4     | 9     | Activation Communication |               | {}                |
  | 6        | 14951.00  | 1     | 0     | 5     | 11    | Activation Communication |               | {}                |
  | 7        | 15572.00  | 1     | 0     | 6     | 13    | Activation Communication |               | {}                |
  | 8        | 15948.00  | 1     | 0     | 7     | 15    | Activation Communication |               | {}                |
  | 9        | 16024.00  | 1     | 0     | 9     | 19    | Activation Communication |               | {}                |
  | 10       | 16156.00  | 1     | 0     | 10    | 21    | Activation Communication |               | {}                |
  | 11       | 16598.00  | 1     | 0     | 11    | 23    | Activation Communication |               | {}                |
  | 12       | 17342.00  | 1     | 0     | 12    | 25    | Activation Communication |               | {}                |
  | 13       | 17795.00  | 1     | 0     | 15    | 31    | Activation Communication |               | {}                |
  | 14       | 17947.00  | 1     | 0     | 16    | 33    | Activation Communication |               | {}                |
  | 15       | 18372.00  | 1     | 0     | 17    | 35    | Activation Communication |               | {}                |
  | 16       | 19012.00  | 1     | 0     | 18    | 37    | Activation Communication |               | {}                |
  | 17       | 19389.00  | 1     | 0     | 19    | 39    | Activation Communication |               | {}                |
  | 18       | 19464.00  | 1     | 0     | 21    | 43    | Activation Communication |               | {}                |
  | 19       | 19597.00  | 1     | 0     | 22    | 45    | Activation Communication |               | {}                |
  | 20       | 20037.00  | 1     | 0     | 23    | 47    | Activation Communication |               | {}                |
  | 21       | 20680.00  | 1     | 0     | 24    | 49    | Activation Communication |               | {}                |
  | 22       | 21056.00  | 1     | 0     | 25    | 51    | Activation Communication |               | {}                |
  | 23       | 21132.00  | 1     | 0     | 27    | 55    | Activation Communication |               | {}                |
  | 24       | 21264.00  | 1     | 0     | 28    | 57    | Activation Communication |               | {}                |
  | 25       | 21707.00  | 1     | 0     | 29    | 59    | Activation Communication |               | {}                |
  | 26       | 22350.00  | 1     | 0     | 30    | 61    | Activation Communication |               | {}                |
  | 27       | 22726.00  | 1     | 0     | 31    | 63    | Activation Communication |               | {}                |
  | 28       | 22802.00  | 1     | 0     | 33    | 67    | Activation Communication |               | {}                |
  | 29       | 22934.00  | 1     | 0     | 34    | 69    | Activation Communication |               | {}                |
  | 30       | 23377.00  | 1     | 0     | 35    | 71    | Activation Communication |               | {}                |
  | 31       | 24020.00  | 1     | 0     | 36    | 73    | Activation Communication |               | {}                |
  | 32       | 24396.00  | 1     | 0     | 37    | 75    | Activation Communication |               | {}                |
  | 33       | 24564.00  | 1     | 0     | 38    | 77    | Activation Communication |               | {}                |
  | 34       | 24597.00  | 1     | 0     | 39    | 79    | Activation Communication |               | {}                |
  | 35       | 24746.00  | 1     | 0     | 40    | 81    | Activation Communication |               | {}                |
  | 36       | 25061.00  | 1     | 0     | 41    | 83    | Activation Communication |               | {}                |
  | 37       | 25566.00  | 1     | 0     | 42    | 85    | Activation Communication |               | {}                |
  | 38       | 26014.00  | 1     | 0     | 45    | 91    | Activation Communication |               | {}                |
  | 39       | 26166.00  | 1     | 0     | 46    | 93    | Activation Communication |               | {}                |
  | 40       | 26591.00  | 1     | 0     | 47    | 95    | Activation Communication |               | {}                |
  | 41       | 27303.00  | 1     | 0     | 48    | 97    | Activation Communication |               | {}                |
  | 42       | 27756.00  | 1     | 0     | 51    | 103   | Activation Communication |               | {}                |
  | 43       | 27908.00  | 1     | 0     | 52    | 105   | Activation Communication |               | {}                |
  | 44       | 28333.00  | 1     | 0     | 53    | 107   | Activation Communication |               | {}                |
  | 45       | 29068.00  | 1     | 0     | 54    | 109   | Activation Communication |               | {}                |
  | 46       | 29521.00  | 1     | 0     | 57    | 115   | Activation Communication |               | {}                |
  | 47       | 29673.00  | 1     | 0     | 58    | 117   | Activation Communication |               | {}                |
  | 48       | 30098.00  | 1     | 0     | 59    | 119   | Activation Communication |               | {}                |
  | 49       | 30738.00  | 1     | 0     | 60    | 121   | Activation Communication |               | {}                |
  | 50       | 31115.00  | 1     | 0     | 61    | 123   | Activation Communication |               | {}                |
  | 51       | 31190.00  | 1     | 0     | 63    | 127   | Activation Communication |               | {}                |
  | 52       | 31323.00  | 1     | 0     | 64    | 129   | Activation Communication |               | {}                |
  | 53       | 31765.00  | 1     | 0     | 65    | 131   | Activation Communication |               | {}                |
  | 54       | 32408.00  | 1     | 0     | 66    | 133   | Activation Communication |               | {}                |
  | 55       | 32785.00  | 1     | 0     | 67    | 135   | Activation Communication |               | {}                |
  | 56       | 32860.00  | 1     | 0     | 69    | 139   | Activation Communication |               | {}                |
  | 57       | 32993.00  | 1     | 0     | 70    | 141   | Activation Communication |               | {}                |
  | 58       | 33435.00  | 1     | 0     | 71    | 143   | Activation Communication |               | {}                |
  | 59       | 34078.00  | 1     | 0     | 72    | 145   | Activation Communication |               | {}                |
  | 60       | 34590.00  | 1     | 1     | 1     | 3     | Activation Communication |               | {}                |
  | 61       | 34762.00  | 1     | 1     | 2     | 5     | Activation Communication |               | {}                |
  | 62       | 34801.00  | 1     | 1     | 3     | 7     | Activation Communication |               | {}                |
  | 63       | 34922.00  | 1     | 1     | 4     | 9     | Activation Communication |               | {}                |
  | 64       | 35233.00  | 1     | 1     | 5     | 11    | Activation Communication |               | {}                |
  | 65       | 35854.00  | 1     | 1     | 6     | 13    | Activation Communication |               | {}                |
  | 66       | 36230.00  | 1     | 1     | 7     | 15    | Activation Communication |               | {}                |
  | 67       | 36306.00  | 1     | 1     | 9     | 19    | Activation Communication |               | {}                |
  | 68       | 36438.00  | 1     | 1     | 10    | 21    | Activation Communication |               | {}                |
  | 69       | 36881.00  | 1     | 1     | 11    | 23    | Activation Communication |               | {}                |
  | 70       | 37624.00  | 1     | 1     | 12    | 25    | Activation Communication |               | {}                |
  | 71       | 38077.00  | 1     | 1     | 15    | 31    | Activation Communication |               | {}                |
  | 72       | 38229.00  | 1     | 1     | 16    | 33    | Activation Communication |               | {}                |
  | 73       | 38655.00  | 1     | 1     | 17    | 35    | Activation Communication |               | {}                |
  | 74       | 39295.00  | 1     | 1     | 18    | 37    | Activation Communication |               | {}                |
  | 75       | 39671.00  | 1     | 1     | 19    | 39    | Activation Communication |               | {}                |
  | 76       | 39747.00  | 1     | 1     | 21    | 43    | Activation Communication |               | {}                |
  | 77       | 39879.00  | 1     | 1     | 22    | 45    | Activation Communication |               | {}                |
  | 78       | 40319.00  | 1     | 1     | 23    | 47    | Activation Communication |               | {}                |
  | 79       | 40962.00  | 1     | 1     | 24    | 49    | Activation Communication |               | {}                |
  | 80       | 41339.00  | 1     | 1     | 25    | 51    | Activation Communication |               | {}                |
  | 81       | 41414.00  | 1     | 1     | 27    | 55    | Activation Communication |               | {}                |
  | 82       | 41546.00  | 1     | 1     | 28    | 57    | Activation Communication |               | {}                |
  | 83       | 41989.00  | 1     | 1     | 29    | 59    | Activation Communication |               | {}                |
  | 84       | 42632.00  | 1     | 1     | 30    | 61    | Activation Communication |               | {}                |
  | 85       | 43009.00  | 1     | 1     | 31    | 63    | Activation Communication |               | {}                |
  | 86       | 43084.00  | 1     | 1     | 33    | 67    | Activation Communication |               | {}                |
  | 87       | 43216.00  | 1     | 1     | 34    | 69    | Activation Communication |               | {}                |
  | 88       | 43659.00  | 1     | 1     | 35    | 71    | Activation Communication |               | {}                |
  | 89       | 44302.00  | 1     | 1     | 36    | 73    | Activation Communication |               | {}                |
  | 90       | 44679.00  | 1     | 1     | 37    | 75    | Activation Communication |               | {}                |
  | 91       | 44846.00  | 1     | 1     | 38    | 77    | Activation Communication |               | {}                |
  | 92       | 44879.00  | 1     | 1     | 39    | 79    | Activation Communication |               | {}                |
  | 93       | 45029.00  | 1     | 1     | 40    | 81    | Activation Communication |               | {}                |
  | 94       | 45344.00  | 1     | 1     | 41    | 83    | Activation Communication |               | {}                |
  | 95       | 45848.00  | 1     | 1     | 42    | 85    | Activation Communication |               | {}                |
  | 96       | 46296.00  | 1     | 1     | 45    | 91    | Activation Communication |               | {}                |
  | 97       | 46448.00  | 1     | 1     | 46    | 93    | Activation Communication |               | {}                |
  | 98       | 46873.00  | 1     | 1     | 47    | 95    | Activation Communication |               | {}                |
  | 99       | 47585.00  | 1     | 1     | 48    | 97    | Activation Communication |               | {}                |
  | 100      | 48038.00  | 1     | 1     | 51    | 103   | Activation Communication |               | {}                |
  | 101      | 48190.00  | 1     | 1     | 52    | 105   | Activation Communication |               | {}                |
  | 102      | 48615.00  | 1     | 1     | 53    | 107   | Activation Communication |               | {}                |
  | 103      | 49350.00  | 1     | 1     | 54    | 109   | Activation Communication |               | {}                |
  | 104      | 49803.00  | 1     | 1     | 57    | 115   | Activation Communication |               | {}                |
  | 105      | 49955.00  | 1     | 1     | 58    | 117   | Activation Communication |               | {}                |
  | 106      | 50381.00  | 1     | 1     | 59    | 119   | Activation Communication |               | {}                |
  | 107      | 51021.00  | 1     | 1     | 60    | 121   | Activation Communication |               | {}                |
  | 108      | 51397.00  | 1     | 1     | 61    | 123   | Activation Communication |               | {}                |
  | 109      | 51473.00  | 1     | 1     | 63    | 127   | Activation Communication |               | {}                |
  | 110      | 51605.00  | 1     | 1     | 64    | 129   | Activation Communication |               | {}                |
  | 111      | 52047.00  | 1     | 1     | 65    | 131   | Activation Communication |               | {}                |
  | 112      | 52691.00  | 1     | 1     | 66    | 133   | Activation Communication |               | {}                |
  | 113      | 53067.00  | 1     | 1     | 67    | 135   | Activation Communication |               | {}                |
  | 114      | 53143.00  | 1     | 1     | 69    | 139   | Activation Communication |               | {}                |
  | 115      | 53275.00  | 1     | 1     | 70    | 141   | Activation Communication |               | {}                |
  | 116      | 53717.00  | 1     | 1     | 71    | 143   | Activation Communication |               | {}                |
  | 117      | 54361.00  | 1     | 1     | 72    | 145   | Activation Communication |               | {}                |
  | 118      | 54873.00  | 1     | 2     | 1     | 3     | Activation Communication |               | {}                |
  | 119      | 55044.00  | 1     | 2     | 2     | 5     | Activation Communication |               | {}                |
  | 120      | 55083.00  | 1     | 2     | 3     | 7     | Activation Communication |               | {}                |
  | 121      | 55204.00  | 1     | 2     | 4     | 9     | Activation Communication |               | {}                |
  | 122      | 55515.00  | 1     | 2     | 5     | 11    | Activation Communication |               | {}                |
  | 123      | 56136.00  | 1     | 2     | 6     | 13    | Activation Communication |               | {}                |
  | 124      | 56513.00  | 1     | 2     | 7     | 15    | Activation Communication |               | {}                |
  | 125      | 56588.00  | 1     | 2     | 9     | 19    | Activation Communication |               | {}                |
  | 126      | 56720.00  | 1     | 2     | 10    | 21    | Activation Communication |               | {}                |
  | 127      | 57163.00  | 1     | 2     | 11    | 23    | Activation Communication |               | {}                |
  | 128      | 57906.00  | 1     | 2     | 12    | 25    | Activation Communication |               | {}                |
  | 129      | 58360.00  | 1     | 2     | 15    | 31    | Activation Communication |               | {}                |
  | 130      | 58511.00  | 1     | 2     | 16    | 33    | Activation Communication |               | {}                |
  | 131      | 58937.00  | 1     | 2     | 17    | 35    | Activation Communication |               | {}                |
  | 132      | 59577.00  | 1     | 2     | 18    | 37    | Activation Communication |               | {}                |
  | 133      | 59954.00  | 1     | 2     | 19    | 39    | Activation Communication |               | {}                |
  | 134      | 60029.00  | 1     | 2     | 21    | 43    | Activation Communication |               | {}                |
  | 135      | 60161.00  | 1     | 2     | 22    | 45    | Activation Communication |               | {}                |
  | 136      | 60601.00  | 1     | 2     | 23    | 47    | Activation Communication |               | {}                |
  | 137      | 61244.00  | 1     | 2     | 24    | 49    | Activation Communication |               | {}                |
  | 138      | 61621.00  | 1     | 2     | 25    | 51    | Activation Communication |               | {}                |
  | 139      | 61696.00  | 1     | 2     | 27    | 55    | Activation Communication |               | {}                |
  | 140      | 61829.00  | 1     | 2     | 28    | 57    | Activation Communication |               | {}                |
  | 141      | 62271.00  | 1     | 2     | 29    | 59    | Activation Communication |               | {}                |
  | 142      | 62914.00  | 1     | 2     | 30    | 61    | Activation Communication |               | {}                |
  | 143      | 63291.00  | 1     | 2     | 31    | 63    | Activation Communication |               | {}                |
  | 144      | 63366.00  | 1     | 2     | 33    | 67    | Activation Communication |               | {}                |
  | 145      | 63499.00  | 1     | 2     | 34    | 69    | Activation Communication |               | {}                |
  | 146      | 63941.00  | 1     | 2     | 35    | 71    | Activation Communication |               | {}                |
  | 147      | 64584.00  | 1     | 2     | 36    | 73    | Activation Communication |               | {}                |
  | 148      | 64961.00  | 1     | 2     | 37    | 75    | Activation Communication |               | {}                |
  | 149      | 65129.00  | 1     | 2     | 38    | 77    | Activation Communication |               | {}                |
  | 150      | 65162.00  | 1     | 2     | 39    | 79    | Activation Communication |               | {}                |
  | 151      | 65311.00  | 1     | 2     | 40    | 81    | Activation Communication |               | {}                |
  | 152      | 65626.00  | 1     | 2     | 41    | 83    | Activation Communication |               | {}                |
  | 153      | 66131.00  | 1     | 2     | 42    | 85    | Activation Communication |               | {}                |
  | 154      | 66579.00  | 1     | 2     | 45    | 91    | Activation Communication |               | {}                |
  | 155      | 66730.00  | 1     | 2     | 46    | 93    | Activation Communication |               | {}                |
  | 156      | 67155.00  | 1     | 2     | 47    | 95    | Activation Communication |               | {}                |
  | 157      | 67868.00  | 1     | 2     | 48    | 97    | Activation Communication |               | {}                |
  | 158      | 68320.00  | 1     | 2     | 51    | 103   | Activation Communication |               | {}                |
  | 159      | 68472.00  | 1     | 2     | 52    | 105   | Activation Communication |               | {}                |
  | 160      | 68898.00  | 1     | 2     | 53    | 107   | Activation Communication |               | {}                |
  | 161      | 69632.00  | 1     | 2     | 54    | 109   | Activation Communication |               | {}                |
  | 162      | 70086.00  | 1     | 2     | 57    | 115   | Activation Communication |               | {}                |
  | 163      | 70237.00  | 1     | 2     | 58    | 117   | Activation Communication |               | {}                |
  | 164      | 70663.00  | 1     | 2     | 59    | 119   | Activation Communication |               | {}                |
  | 165      | 71303.00  | 1     | 2     | 60    | 121   | Activation Communication |               | {}                |
  | 166      | 71679.00  | 1     | 2     | 61    | 123   | Activation Communication |               | {}                |
  | 167      | 71755.00  | 1     | 2     | 63    | 127   | Activation Communication |               | {}                |
  | 168      | 71887.00  | 1     | 2     | 64    | 129   | Activation Communication |               | {}                |
  | 169      | 72330.00  | 1     | 2     | 65    | 131   | Activation Communication |               | {}                |
  | 170      | 72973.00  | 1     | 2     | 66    | 133   | Activation Communication |               | {}                |
  | 171      | 73349.00  | 1     | 2     | 67    | 135   | Activation Communication |               | {}                |
  | 172      | 73425.00  | 1     | 2     | 69    | 139   | Activation Communication |               | {}                |
  | 173      | 73557.00  | 1     | 2     | 70    | 141   | Activation Communication |               | {}                |
  | 174      | 74000.00  | 1     | 2     | 71    | 143   | Activation Communication |               | {}                |
  | 175      | 74643.00  | 1     | 2     | 72    | 145   | Activation Communication |               | {}                |
  | 176      | 75155.00  | 1     | 3     | 1     | 3     | Activation Communication |               | {}                |
  | 177      | 75327.00  | 1     | 3     | 2     | 5     | Activation Communication |               | {}                |
  | 178      | 75366.00  | 1     | 3     | 3     | 7     | Activation Communication |               | {}                |
  | 179      | 75487.00  | 1     | 3     | 4     | 9     | Activation Communication |               | {}                |
  | 180      | 75797.00  | 1     | 3     | 5     | 11    | Activation Communication |               | {}                |
  | 181      | 76418.00  | 1     | 3     | 6     | 13    | Activation Communication |               | {}                |
  | 182      | 76795.00  | 1     | 3     | 7     | 15    | Activation Communication |               | {}                |
  | 183      | 76870.00  | 1     | 3     | 9     | 19    | Activation Communication |               | {}                |
  | 184      | 77003.00  | 1     | 3     | 10    | 21    | Activation Communication |               | {}                |
  | 185      | 77445.00  | 1     | 3     | 11    | 23    | Activation Communication |               | {}                |
  | 186      | 78188.00  | 1     | 3     | 12    | 25    | Activation Communication |               | {}                |
  | 187      | 78642.00  | 1     | 3     | 15    | 31    | Activation Communication |               | {}                |
  | 188      | 78794.00  | 1     | 3     | 16    | 33    | Activation Communication |               | {}                |
  | 189      | 79219.00  | 1     | 3     | 17    | 35    | Activation Communication |               | {}                |
  | 190      | 79859.00  | 1     | 3     | 18    | 37    | Activation Communication |               | {}                |
  | 191      | 80236.00  | 1     | 3     | 19    | 39    | Activation Communication |               | {}                |
  | 192      | 80311.00  | 1     | 3     | 21    | 43    | Activation Communication |               | {}                |
  | 193      | 80444.00  | 1     | 3     | 22    | 45    | Activation Communication |               | {}                |
  | 194      | 80884.00  | 1     | 3     | 23    | 47    | Activation Communication |               | {}                |
  | 195      | 81527.00  | 1     | 3     | 24    | 49    | Activation Communication |               | {}                |
  | 196      | 81903.00  | 1     | 3     | 25    | 51    | Activation Communication |               | {}                |
  | 197      | 81979.00  | 1     | 3     | 27    | 55    | Activation Communication |               | {}                |
  | 198      | 82111.00  | 1     | 3     | 28    | 57    | Activation Communication |               | {}                |
  | 199      | 82554.00  | 1     | 3     | 29    | 59    | Activation Communication |               | {}                |
  | 200      | 83197.00  | 1     | 3     | 30    | 61    | Activation Communication |               | {}                |
  | 201      | 83573.00  | 1     | 3     | 31    | 63    | Activation Communication |               | {}                |
  | 202      | 83649.00  | 1     | 3     | 33    | 67    | Activation Communication |               | {}                |
  | 203      | 83781.00  | 1     | 3     | 34    | 69    | Activation Communication |               | {}                |
  | 204      | 84223.00  | 1     | 3     | 35    | 71    | Activation Communication |               | {}                |
  | 205      | 84867.00  | 1     | 3     | 36    | 73    | Activation Communication |               | {}                |
  | 206      | 85243.00  | 1     | 3     | 37    | 75    | Activation Communication |               | {}                |
  | 207      | 85411.00  | 1     | 3     | 38    | 77    | Activation Communication |               | {}                |
  | 208      | 85444.00  | 1     | 3     | 39    | 79    | Activation Communication |               | {}                |
  | 209      | 85593.00  | 1     | 3     | 40    | 81    | Activation Communication |               | {}                |
  | 210      | 85908.00  | 1     | 3     | 41    | 83    | Activation Communication |               | {}                |
  | 211      | 86413.00  | 1     | 3     | 42    | 85    | Activation Communication |               | {}                |
  | 212      | 86861.00  | 1     | 3     | 45    | 91    | Activation Communication |               | {}                |
  | 213      | 87013.00  | 1     | 3     | 46    | 93    | Activation Communication |               | {}                |
  | 214      | 87437.00  | 1     | 3     | 47    | 95    | Activation Communication |               | {}                |
  | 215      | 88150.00  | 1     | 3     | 48    | 97    | Activation Communication |               | {}                |
  | 216      | 88603.00  | 1     | 3     | 51    | 103   | Activation Communication |               | {}                |
  | 217      | 88755.00  | 1     | 3     | 52    | 105   | Activation Communication |               | {}                |
  | 218      | 89180.00  | 1     | 3     | 53    | 107   | Activation Communication |               | {}                |
  | 219      | 89914.00  | 1     | 3     | 54    | 109   | Activation Communication |               | {}                |
  | 220      | 90368.00  | 1     | 3     | 57    | 115   | Activation Communication |               | {}                |
  | 221      | 90520.00  | 1     | 3     | 58    | 117   | Activation Communication |               | {}                |
  | 222      | 90945.00  | 1     | 3     | 59    | 119   | Activation Communication |               | {}                |
  | 223      | 91585.00  | 1     | 3     | 60    | 121   | Activation Communication |               | {}                |
  | 224      | 91962.00  | 1     | 3     | 61    | 123   | Activation Communication |               | {}                |
  | 225      | 92037.00  | 1     | 3     | 63    | 127   | Activation Communication |               | {}                |
  | 226      | 92169.00  | 1     | 3     | 64    | 129   | Activation Communication |               | {}                |
  | 227      | 92612.00  | 1     | 3     | 65    | 131   | Activation Communication |               | {}                |
  | 228      | 93255.00  | 1     | 3     | 66    | 133   | Activation Communication |               | {}                |
  | 229      | 93632.00  | 1     | 3     | 67    | 135   | Activation Communication |               | {}                |
  | 230      | 93707.00  | 1     | 3     | 69    | 139   | Activation Communication |               | {}                |
  | 231      | 93839.00  | 1     | 3     | 70    | 141   | Activation Communication |               | {}                |
  | 232      | 94282.00  | 1     | 3     | 71    | 143   | Activation Communication |               | {}                |
  | 233      | 94925.00  | 1     | 3     | 72    | 145   | Activation Communication |               | {}                |
  | 234      | 95437.00  | 1     | 4     | 1     | 3     | Activation Communication |               | {}                |
  | 235      | 95609.00  | 1     | 4     | 2     | 5     | Activation Communication |               | {}                |
  | 236      | 95648.00  | 1     | 4     | 3     | 7     | Activation Communication |               | {}                |
  | 237      | 95769.00  | 1     | 4     | 4     | 9     | Activation Communication |               | {}                |
  | 238      | 96080.00  | 1     | 4     | 5     | 11    | Activation Communication |               | {}                |
  | 239      | 96701.00  | 1     | 4     | 6     | 13    | Activation Communication |               | {}                |
  | 240      | 97077.00  | 1     | 4     | 7     | 15    | Activation Communication |               | {}                |
  | 241      | 97153.00  | 1     | 4     | 9     | 19    | Activation Communication |               | {}                |
  | 242      | 97285.00  | 1     | 4     | 10    | 21    | Activation Communication |               | {}                |
  | 243      | 97728.00  | 1     | 4     | 11    | 23    | Activation Communication |               | {}                |
  | 244      | 98471.00  | 1     | 4     | 12    | 25    | Activation Communication |               | {}                |
  | 245      | 98924.00  | 1     | 4     | 15    | 31    | Activation Communication |               | {}                |
  | 246      | 99076.00  | 1     | 4     | 16    | 33    | Activation Communication |               | {}                |
  | 247      | 99502.00  | 1     | 4     | 17    | 35    | Activation Communication |               | {}                |
  | 248      | 100142.00 | 1     | 4     | 18    | 37    | Activation Communication |               | {}                |
  | 249      | 100518.00 | 1     | 4     | 19    | 39    | Activation Communication |               | {}                |
  | 250      | 100593.00 | 1     | 4     | 21    | 43    | Activation Communication |               | {}                |
  | 251      | 100726.00 | 1     | 4     | 22    | 45    | Activation Communication |               | {}                |
  | 252      | 101166.00 | 1     | 4     | 23    | 47    | Activation Communication |               | {}                |
  | 253      | 101809.00 | 1     | 4     | 24    | 49    | Activation Communication |               | {}                |
  | 254      | 102186.00 | 1     | 4     | 25    | 51    | Activation Communication |               | {}                |
  | 255      | 102261.00 | 1     | 4     | 27    | 55    | Activation Communication |               | {}                |
  | 256      | 102393.00 | 1     | 4     | 28    | 57    | Activation Communication |               | {}                |
  | 257      | 102836.00 | 1     | 4     | 29    | 59    | Activation Communication |               | {}                |
  | 258      | 103479.00 | 1     | 4     | 30    | 61    | Activation Communication |               | {}                |
  | 259      | 103855.00 | 1     | 4     | 31    | 63    | Activation Communication |               | {}                |
  | 260      | 103931.00 | 1     | 4     | 33    | 67    | Activation Communication |               | {}                |
  | 261      | 104063.00 | 1     | 4     | 34    | 69    | Activation Communication |               | {}                |
  | 262      | 104506.00 | 1     | 4     | 35    | 71    | Activation Communication |               | {}                |
  | 263      | 105149.00 | 1     | 4     | 36    | 73    | Activation Communication |               | {}                |
  | 264      | 105525.00 | 1     | 4     | 37    | 75    | Activation Communication |               | {}                |
  | 265      | 105693.00 | 1     | 4     | 38    | 77    | Activation Communication |               | {}                |
  | 266      | 105726.00 | 1     | 4     | 39    | 79    | Activation Communication |               | {}                |
  | 267      | 105876.00 | 1     | 4     | 40    | 81    | Activation Communication |               | {}                |
  | 268      | 106190.00 | 1     | 4     | 41    | 83    | Activation Communication |               | {}                |
  | 269      | 106695.00 | 1     | 4     | 42    | 85    | Activation Communication |               | {}                |
  | 270      | 107143.00 | 1     | 4     | 45    | 91    | Activation Communication |               | {}                |
  | 271      | 107295.00 | 1     | 4     | 46    | 93    | Activation Communication |               | {}                |
  | 272      | 107720.00 | 1     | 4     | 47    | 95    | Activation Communication |               | {}                |
  | 273      | 108432.00 | 1     | 4     | 48    | 97    | Activation Communication |               | {}                |
  | 274      | 108885.00 | 1     | 4     | 51    | 103   | Activation Communication |               | {}                |
  | 275      | 109037.00 | 1     | 4     | 52    | 105   | Activation Communication |               | {}                |
  | 276      | 109462.00 | 1     | 4     | 53    | 107   | Activation Communication |               | {}                |
  | 277      | 110197.00 | 1     | 4     | 54    | 109   | Activation Communication |               | {}                |
  | 278      | 110650.00 | 1     | 4     | 57    | 115   | Activation Communication |               | {}                |
  | 279      | 110802.00 | 1     | 4     | 58    | 117   | Activation Communication |               | {}                |
  | 280      | 111227.00 | 1     | 4     | 59    | 119   | Activation Communication |               | {}                |
  | 281      | 111868.00 | 1     | 4     | 60    | 121   | Activation Communication |               | {}                |
  | 282      | 112244.00 | 1     | 4     | 61    | 123   | Activation Communication |               | {}                |
  | 283      | 112319.00 | 1     | 4     | 63    | 127   | Activation Communication |               | {}                |
  | 284      | 112452.00 | 1     | 4     | 64    | 129   | Activation Communication |               | {}                |
  | 285      | 112894.00 | 1     | 4     | 65    | 131   | Activation Communication |               | {}                |
  | 286      | 113537.00 | 1     | 4     | 66    | 133   | Activation Communication |               | {}                |
  | 287      | 113914.00 | 1     | 4     | 67    | 135   | Activation Communication |               | {}                |
  | 288      | 113989.00 | 1     | 4     | 69    | 139   | Activation Communication |               | {}                |
  | 289      | 114122.00 | 1     | 4     | 70    | 141   | Activation Communication |               | {}                |
  | 290      | 114564.00 | 1     | 4     | 71    | 143   | Activation Communication |               | {}                |
  | 291      | 115207.00 | 1     | 4     | 72    | 145   | Activation Communication |               | {}                |
  | 292      | 115720.00 | 1     | 5     | 1     | 3     | Activation Communication |               | {}                |
  | 293      | 115891.00 | 1     | 5     | 2     | 5     | Activation Communication |               | {}                |
  | 294      | 115930.00 | 1     | 5     | 3     | 7     | Activation Communication |               | {}                |
  | 295      | 116051.00 | 1     | 5     | 4     | 9     | Activation Communication |               | {}                |
  | 296      | 116362.00 | 1     | 5     | 5     | 11    | Activation Communication |               | {}                |
  | 297      | 116983.00 | 1     | 5     | 6     | 13    | Activation Communication |               | {}                |
  | 298      | 117360.00 | 1     | 5     | 7     | 15    | Activation Communication |               | {}                |
  | 299      | 117435.00 | 1     | 5     | 9     | 19    | Activation Communication |               | {}                |
  | 300      | 117567.00 | 1     | 5     | 10    | 21    | Activation Communication |               | {}                |
  | 301      | 118010.00 | 1     | 5     | 11    | 23    | Activation Communication |               | {}                |
  | 302      | 118753.00 | 1     | 5     | 12    | 25    | Activation Communication |               | {}                |
  | 303      | 119207.00 | 1     | 5     | 15    | 31    | Activation Communication |               | {}                |
  | 304      | 119358.00 | 1     | 5     | 16    | 33    | Activation Communication |               | {}                |
  | 305      | 119784.00 | 1     | 5     | 17    | 35    | Activation Communication |               | {}                |
  | 306      | 120424.00 | 1     | 5     | 18    | 37    | Activation Communication |               | {}                |
  | 307      | 120800.00 | 1     | 5     | 19    | 39    | Activation Communication |               | {}                |
  | 308      | 120876.00 | 1     | 5     | 21    | 43    | Activation Communication |               | {}                |
  | 309      | 121008.00 | 1     | 5     | 22    | 45    | Activation Communication |               | {}                |
  | 310      | 121448.00 | 1     | 5     | 23    | 47    | Activation Communication |               | {}                |
  | 311      | 122091.00 | 1     | 5     | 24    | 49    | Activation Communication |               | {}                |
  | 312      | 122468.00 | 1     | 5     | 25    | 51    | Activation Communication |               | {}                |
  | 313      | 122543.00 | 1     | 5     | 27    | 55    | Activation Communication |               | {}                |
  | 314      | 122676.00 | 1     | 5     | 28    | 57    | Activation Communication |               | {}                |
  | 315      | 123118.00 | 1     | 5     | 29    | 59    | Activation Communication |               | {}                |
  | 316      | 123761.00 | 1     | 5     | 30    | 61    | Activation Communication |               | {}                |
  | 317      | 124138.00 | 1     | 5     | 31    | 63    | Activation Communication |               | {}                |
  | 318      | 124213.00 | 1     | 5     | 33    | 67    | Activation Communication |               | {}                |
  | 319      | 124346.00 | 1     | 5     | 34    | 69    | Activation Communication |               | {}                |
  | 320      | 124788.00 | 1     | 5     | 35    | 71    | Activation Communication |               | {}                |
  | 321      | 125431.00 | 1     | 5     | 36    | 73    | Activation Communication |               | {}                |
  | 322      | 125808.00 | 1     | 5     | 37    | 75    | Activation Communication |               | {}                |
  | 323      | 125975.00 | 1     | 5     | 38    | 77    | Activation Communication |               | {}                |
  | 324      | 126008.00 | 1     | 5     | 39    | 79    | Activation Communication |               | {}                |
  | 325      | 126158.00 | 1     | 5     | 40    | 81    | Activation Communication |               | {}                |
  | 326      | 126473.00 | 1     | 5     | 41    | 83    | Activation Communication |               | {}                |
  | 327      | 126977.00 | 1     | 5     | 42    | 85    | Activation Communication |               | {}                |
  | 328      | 127426.00 | 1     | 5     | 45    | 91    | Activation Communication |               | {}                |
  | 329      | 127577.00 | 1     | 5     | 46    | 93    | Activation Communication |               | {}                |
  | 330      | 128002.00 | 1     | 5     | 47    | 95    | Activation Communication |               | {}                |
  | 331      | 128715.00 | 1     | 5     | 48    | 97    | Activation Communication |               | {}                |
  | 332      | 129167.00 | 1     | 5     | 51    | 103   | Activation Communication |               | {}                |
  | 333      | 129319.00 | 1     | 5     | 52    | 105   | Activation Communication |               | {}                |
  | 334      | 129745.00 | 1     | 5     | 53    | 107   | Activation Communication |               | {}                |
  | 335      | 130479.00 | 1     | 5     | 54    | 109   | Activation Communication |               | {}                |
  | 336      | 130932.00 | 1     | 5     | 57    | 115   | Activation Communication |               | {}                |
  | 337      | 131084.00 | 1     | 5     | 58    | 117   | Activation Communication |               | {}                |
  | 338      | 131510.00 | 1     | 5     | 59    | 119   | Activation Communication |               | {}                |
  | 339      | 132150.00 | 1     | 5     | 60    | 121   | Activation Communication |               | {}                |
  | 340      | 132526.00 | 1     | 5     | 61    | 123   | Activation Communication |               | {}                |
  | 341      | 132602.00 | 1     | 5     | 63    | 127   | Activation Communication |               | {}                |
  | 342      | 132734.00 | 1     | 5     | 64    | 129   | Activation Communication |               | {}                |
  | 343      | 133177.00 | 1     | 5     | 65    | 131   | Activation Communication |               | {}                |
  | 344      | 133820.00 | 1     | 5     | 66    | 133   | Activation Communication |               | {}                |
  | 345      | 134196.00 | 1     | 5     | 67    | 135   | Activation Communication |               | {}                |
  | 346      | 134272.00 | 1     | 5     | 69    | 139   | Activation Communication |               | {}                |
  | 347      | 134404.00 | 1     | 5     | 70    | 141   | Activation Communication |               | {}                |
  | 348      | 134847.00 | 1     | 5     | 71    | 143   | Activation Communication |               | {}                |
  | 349      | 135490.00 | 1     | 5     | 72    | 145   | Activation Communication |               | {}                |
  | 350      | 136002.00 | 1     | 6     | 1     | 3     | Activation Communication |               | {}                |
  | 351      | 136174.00 | 1     | 6     | 2     | 5     | Activation Communication |               | {}                |
  | 352      | 136212.00 | 1     | 6     | 3     | 7     | Activation Communication |               | {}                |
  | 353      | 136333.00 | 1     | 6     | 4     | 9     | Activation Communication |               | {}                |
  | 354      | 136644.00 | 1     | 6     | 5     | 11    | Activation Communication |               | {}                |
  | 355      | 137265.00 | 1     | 6     | 6     | 13    | Activation Communication |               | {}                |
  | 356      | 137642.00 | 1     | 6     | 7     | 15    | Activation Communication |               | {}                |
  | 357      | 137717.00 | 1     | 6     | 9     | 19    | Activation Communication |               | {}                |
  | 358      | 137850.00 | 1     | 6     | 10    | 21    | Activation Communication |               | {}                |
  | 359      | 138292.00 | 1     | 6     | 11    | 23    | Activation Communication |               | {}                |
  | 360      | 139035.00 | 1     | 6     | 12    | 25    | Activation Communication |               | {}                |
  | 361      | 139489.00 | 1     | 6     | 15    | 31    | Activation Communication |               | {}                |
  | 362      | 139641.00 | 1     | 6     | 16    | 33    | Activation Communication |               | {}                |
  | 363      | 140066.00 | 1     | 6     | 17    | 35    | Activation Communication |               | {}                |
  | 364      | 140706.00 | 1     | 6     | 18    | 37    | Activation Communication |               | {}                |
  | 365      | 141083.00 | 1     | 6     | 19    | 39    | Activation Communication |               | {}                |
  | 366      | 141158.00 | 1     | 6     | 21    | 43    | Activation Communication |               | {}                |
  | 367      | 141290.00 | 1     | 6     | 22    | 45    | Activation Communication |               | {}                |
  | 368      | 141730.00 | 1     | 6     | 23    | 47    | Activation Communication |               | {}                |
  | 369      | 142374.00 | 1     | 6     | 24    | 49    | Activation Communication |               | {}                |
  | 370      | 142750.00 | 1     | 6     | 25    | 51    | Activation Communication |               | {}                |
  | 371      | 142825.00 | 1     | 6     | 27    | 55    | Activation Communication |               | {}                |
  | 372      | 142958.00 | 1     | 6     | 28    | 57    | Activation Communication |               | {}                |
  | 373      | 143400.00 | 1     | 6     | 29    | 59    | Activation Communication |               | {}                |
  | 374      | 144044.00 | 1     | 6     | 30    | 61    | Activation Communication |               | {}                |
  | 375      | 144420.00 | 1     | 6     | 31    | 63    | Activation Communication |               | {}                |
  | 376      | 144495.00 | 1     | 6     | 33    | 67    | Activation Communication |               | {}                |
  | 377      | 144628.00 | 1     | 6     | 34    | 69    | Activation Communication |               | {}                |
  | 378      | 145070.00 | 1     | 6     | 35    | 71    | Activation Communication |               | {}                |
  | 379      | 145714.00 | 1     | 6     | 36    | 73    | Activation Communication |               | {}                |
  | 380      | 146090.00 | 1     | 6     | 37    | 75    | Activation Communication |               | {}                |
  | 381      | 146258.00 | 1     | 6     | 38    | 77    | Activation Communication |               | {}                |
  | 382      | 146291.00 | 1     | 6     | 39    | 79    | Activation Communication |               | {}                |
  | 383      | 146440.00 | 1     | 6     | 40    | 81    | Activation Communication |               | {}                |
  | 384      | 146755.00 | 1     | 6     | 41    | 83    | Activation Communication |               | {}                |
  | 385      | 147260.00 | 1     | 6     | 42    | 85    | Activation Communication |               | {}                |
  | 386      | 147708.00 | 1     | 6     | 45    | 91    | Activation Communication |               | {}                |
  | 387      | 147860.00 | 1     | 6     | 46    | 93    | Activation Communication |               | {}                |
  | 388      | 148284.00 | 1     | 6     | 47    | 95    | Activation Communication |               | {}                |
  | 389      | 148997.00 | 1     | 6     | 48    | 97    | Activation Communication |               | {}                |
  | 390      | 149450.00 | 1     | 6     | 51    | 103   | Activation Communication |               | {}                |
  | 391      | 149601.00 | 1     | 6     | 52    | 105   | Activation Communication |               | {}                |
  | 392      | 150027.00 | 1     | 6     | 53    | 107   | Activation Communication |               | {}                |
  | 393      | 150761.00 | 1     | 6     | 54    | 109   | Activation Communication |               | {}                |
  | 394      | 151215.00 | 1     | 6     | 57    | 115   | Activation Communication |               | {}                |
  | 395      | 151367.00 | 1     | 6     | 58    | 117   | Activation Communication |               | {}                |
  | 396      | 151792.00 | 1     | 6     | 59    | 119   | Activation Communication |               | {}                |
  | 397      | 152432.00 | 1     | 6     | 60    | 121   | Activation Communication |               | {}                |
  | 398      | 152809.00 | 1     | 6     | 61    | 123   | Activation Communication |               | {}                |
  | 399      | 152884.00 | 1     | 6     | 63    | 127   | Activation Communication |               | {}                |
  | 400      | 153016.00 | 1     | 6     | 64    | 129   | Activation Communication |               | {}                |
  | 401      | 153459.00 | 1     | 6     | 65    | 131   | Activation Communication |               | {}                |
  | 402      | 154102.00 | 1     | 6     | 66    | 133   | Activation Communication |               | {}                |
  | 403      | 154479.00 | 1     | 6     | 67    | 135   | Activation Communication |               | {}                |
  | 404      | 154554.00 | 1     | 6     | 69    | 139   | Activation Communication |               | {}                |
  | 405      | 154686.00 | 1     | 6     | 70    | 141   | Activation Communication |               | {}                |
  | 406      | 155129.00 | 1     | 6     | 71    | 143   | Activation Communication |               | {}                |
  | 407      | 155772.00 | 1     | 6     | 72    | 145   | Activation Communication |               | {}                |
  | 408      | 156284.00 | 1     | 7     | 1     | 3     | Activation Communication |               | {}                |
  | 409      | 156456.00 | 1     | 7     | 2     | 5     | Activation Communication |               | {}                |
  | 410      | 156495.00 | 1     | 7     | 3     | 7     | Activation Communication |               | {}                |
  | 411      | 156616.00 | 1     | 7     | 4     | 9     | Activation Communication |               | {}                |
  | 412      | 156926.00 | 1     | 7     | 5     | 11    | Activation Communication |               | {}                |
  | 413      | 157548.00 | 1     | 7     | 6     | 13    | Activation Communication |               | {}                |
  | 414      | 157924.00 | 1     | 7     | 7     | 15    | Activation Communication |               | {}                |
  | 415      | 157999.00 | 1     | 7     | 9     | 19    | Activation Communication |               | {}                |
  | 416      | 158132.00 | 1     | 7     | 10    | 21    | Activation Communication |               | {}                |
  | 417      | 158574.00 | 1     | 7     | 11    | 23    | Activation Communication |               | {}                |
  | 418      | 159317.00 | 1     | 7     | 12    | 25    | Activation Communication |               | {}                |
  | 419      | 159771.00 | 1     | 7     | 15    | 31    | Activation Communication |               | {}                |
  | 420      | 159923.00 | 1     | 7     | 16    | 33    | Activation Communication |               | {}                |
  | 421      | 160348.00 | 1     | 7     | 17    | 35    | Activation Communication |               | {}                |
  | 422      | 160988.00 | 1     | 7     | 18    | 37    | Activation Communication |               | {}                |
  | 423      | 161365.00 | 1     | 7     | 19    | 39    | Activation Communication |               | {}                |
  | 424      | 161440.00 | 1     | 7     | 21    | 43    | Activation Communication |               | {}                |
  | 425      | 161573.00 | 1     | 7     | 22    | 45    | Activation Communication |               | {}                |
  | 426      | 162013.00 | 1     | 7     | 23    | 47    | Activation Communication |               | {}                |
  | 427      | 162656.00 | 1     | 7     | 24    | 49    | Activation Communication |               | {}                |
  | 428      | 163032.00 | 1     | 7     | 25    | 51    | Activation Communication |               | {}                |
  | 429      | 163108.00 | 1     | 7     | 27    | 55    | Activation Communication |               | {}                |
  | 430      | 163240.00 | 1     | 7     | 28    | 57    | Activation Communication |               | {}                |
  | 431      | 163683.00 | 1     | 7     | 29    | 59    | Activation Communication |               | {}                |
  | 432      | 164326.00 | 1     | 7     | 30    | 61    | Activation Communication |               | {}                |
  | 433      | 164702.00 | 1     | 7     | 31    | 63    | Activation Communication |               | {}                |
  | 434      | 164778.00 | 1     | 7     | 33    | 67    | Activation Communication |               | {}                |
  | 435      | 164910.00 | 1     | 7     | 34    | 69    | Activation Communication |               | {}                |
  | 436      | 165353.00 | 1     | 7     | 35    | 71    | Activation Communication |               | {}                |
  | 437      | 165996.00 | 1     | 7     | 36    | 73    | Activation Communication |               | {}                |
  | 438      | 166372.00 | 1     | 7     | 37    | 75    | Activation Communication |               | {}                |
  | 439      | 166540.00 | 1     | 7     | 38    | 77    | Activation Communication |               | {}                |
  | 440      | 166573.00 | 1     | 7     | 39    | 79    | Activation Communication |               | {}                |
  | 441      | 166722.00 | 1     | 7     | 40    | 81    | Activation Communication |               | {}                |
  | 442      | 167037.00 | 1     | 7     | 41    | 83    | Activation Communication |               | {}                |
  | 443      | 167542.00 | 1     | 7     | 42    | 85    | Activation Communication |               | {}                |
  | 444      | 167990.00 | 1     | 7     | 45    | 91    | Activation Communication |               | {}                |
  | 445      | 168142.00 | 1     | 7     | 46    | 93    | Activation Communication |               | {}                |
  | 446      | 168566.00 | 1     | 7     | 47    | 95    | Activation Communication |               | {}                |
  | 447      | 169279.00 | 1     | 7     | 48    | 97    | Activation Communication |               | {}                |
  | 448      | 169732.00 | 1     | 7     | 51    | 103   | Activation Communication |               | {}                |
  | 449      | 169884.00 | 1     | 7     | 52    | 105   | Activation Communication |               | {}                |
  | 450      | 170309.00 | 1     | 7     | 53    | 107   | Activation Communication |               | {}                |
  | 451      | 171043.00 | 1     | 7     | 54    | 109   | Activation Communication |               | {}                |
  | 452      | 171497.00 | 1     | 7     | 57    | 115   | Activation Communication |               | {}                |
  | 453      | 171649.00 | 1     | 7     | 58    | 117   | Activation Communication |               | {}                |
  | 454      | 172074.00 | 1     | 7     | 59    | 119   | Activation Communication |               | {}                |
  | 455      | 172714.00 | 1     | 7     | 60    | 121   | Activation Communication |               | {}                |
  | 456      | 173091.00 | 1     | 7     | 61    | 123   | Activation Communication |               | {}                |
  | 457      | 173166.00 | 1     | 7     | 63    | 127   | Activation Communication |               | {}                |
  | 458      | 173299.00 | 1     | 7     | 64    | 129   | Activation Communication |               | {}                |
  | 459      | 173741.00 | 1     | 7     | 65    | 131   | Activation Communication |               | {}                |
  | 460      | 174384.00 | 1     | 7     | 66    | 133   | Activation Communication |               | {}                |
  | 461      | 174761.00 | 1     | 7     | 67    | 135   | Activation Communication |               | {}                |
  | 462      | 174836.00 | 1     | 7     | 69    | 139   | Activation Communication |               | {}                |
  | 463      | 174969.00 | 1     | 7     | 70    | 141   | Activation Communication |               | {}                |
  | 464      | 175411.00 | 1     | 7     | 71    | 143   | Activation Communication |               | {}                |
  | 465      | 176054.00 | 1     | 7     | 72    | 145   | Activation Communication |               | {}                |
  | 466      | 176566.00 | 1     | 8     | 1     | 3     | Activation Communication |               | {}                |
  | 467      | 176738.00 | 1     | 8     | 2     | 5     | Activation Communication |               | {}                |
  | 468      | 176777.00 | 1     | 8     | 3     | 7     | Activation Communication |               | {}                |
  | 469      | 176898.00 | 1     | 8     | 4     | 9     | Activation Communication |               | {}                |
  | 470      | 177209.00 | 1     | 8     | 5     | 11    | Activation Communication |               | {}                |
  | 471      | 177830.00 | 1     | 8     | 6     | 13    | Activation Communication |               | {}                |
  | 472      | 178206.00 | 1     | 8     | 7     | 15    | Activation Communication |               | {}                |
  | 473      | 178282.00 | 1     | 8     | 9     | 19    | Activation Communication |               | {}                |
  | 474      | 178414.00 | 1     | 8     | 10    | 21    | Activation Communication |               | {}                |
  | 475      | 178857.00 | 1     | 8     | 11    | 23    | Activation Communication |               | {}                |
  | 476      | 179600.00 | 1     | 8     | 12    | 25    | Activation Communication |               | {}                |
  | 477      | 180053.00 | 1     | 8     | 15    | 31    | Activation Communication |               | {}                |
  | 478      | 180205.00 | 1     | 8     | 16    | 33    | Activation Communication |               | {}                |
  | 479      | 180631.00 | 1     | 8     | 17    | 35    | Activation Communication |               | {}                |
  | 480      | 181271.00 | 1     | 8     | 18    | 37    | Activation Communication |               | {}                |
  | 481      | 181647.00 | 1     | 8     | 19    | 39    | Activation Communication |               | {}                |
  | 482      | 181723.00 | 1     | 8     | 21    | 43    | Activation Communication |               | {}                |
  | 483      | 181855.00 | 1     | 8     | 22    | 45    | Activation Communication |               | {}                |
  | 484      | 182295.00 | 1     | 8     | 23    | 47    | Activation Communication |               | {}                |
  | 485      | 182938.00 | 1     | 8     | 24    | 49    | Activation Communication |               | {}                |
  | 486      | 183315.00 | 1     | 8     | 25    | 51    | Activation Communication |               | {}                |
  | 487      | 183390.00 | 1     | 8     | 27    | 55    | Activation Communication |               | {}                |
  | 488      | 183522.00 | 1     | 8     | 28    | 57    | Activation Communication |               | {}                |
  | 489      | 183965.00 | 1     | 8     | 29    | 59    | Activation Communication |               | {}                |
  | 490      | 184608.00 | 1     | 8     | 30    | 61    | Activation Communication |               | {}                |
  | 491      | 184985.00 | 1     | 8     | 31    | 63    | Activation Communication |               | {}                |
  | 492      | 185060.00 | 1     | 8     | 33    | 67    | Activation Communication |               | {}                |
  | 493      | 185192.00 | 1     | 8     | 34    | 69    | Activation Communication |               | {}                |
  | 494      | 185635.00 | 1     | 8     | 35    | 71    | Activation Communication |               | {}                |
  | 495      | 186278.00 | 1     | 8     | 36    | 73    | Activation Communication |               | {}                |
  | 496      | 186655.00 | 1     | 8     | 37    | 75    | Activation Communication |               | {}                |
  | 497      | 186822.00 | 1     | 8     | 38    | 77    | Activation Communication |               | {}                |
  | 498      | 186855.00 | 1     | 8     | 39    | 79    | Activation Communication |               | {}                |
  | 499      | 187005.00 | 1     | 8     | 40    | 81    | Activation Communication |               | {}                |
  | 500      | 187320.00 | 1     | 8     | 41    | 83    | Activation Communication |               | {}                |
  | 501      | 187824.00 | 1     | 8     | 42    | 85    | Activation Communication |               | {}                |
  | 502      | 188272.00 | 1     | 8     | 45    | 91    | Activation Communication |               | {}                |
  | 503      | 188424.00 | 1     | 8     | 46    | 93    | Activation Communication |               | {}                |
  | 504      | 188849.00 | 1     | 8     | 47    | 95    | Activation Communication |               | {}                |
  | 505      | 189561.00 | 1     | 8     | 48    | 97    | Activation Communication |               | {}                |
  | 506      | 190014.00 | 1     | 8     | 51    | 103   | Activation Communication |               | {}                |
  | 507      | 190166.00 | 1     | 8     | 52    | 105   | Activation Communication |               | {}                |
  | 508      | 190591.00 | 1     | 8     | 53    | 107   | Activation Communication |               | {}                |
  | 509      | 191326.00 | 1     | 8     | 54    | 109   | Activation Communication |               | {}                |
  | 510      | 191779.00 | 1     | 8     | 57    | 115   | Activation Communication |               | {}                |
  | 511      | 191931.00 | 1     | 8     | 58    | 117   | Activation Communication |               | {}                |
  | 512      | 192357.00 | 1     | 8     | 59    | 119   | Activation Communication |               | {}                |
  | 513      | 192997.00 | 1     | 8     | 60    | 121   | Activation Communication |               | {}                |
  | 514      | 193373.00 | 1     | 8     | 61    | 123   | Activation Communication |               | {}                |
  | 515      | 193448.00 | 1     | 8     | 63    | 127   | Activation Communication |               | {}                |
  | 516      | 193581.00 | 1     | 8     | 64    | 129   | Activation Communication |               | {}                |
  | 517      | 194023.00 | 1     | 8     | 65    | 131   | Activation Communication |               | {}                |
  | 518      | 194667.00 | 1     | 8     | 66    | 133   | Activation Communication |               | {}                |
  | 519      | 195043.00 | 1     | 8     | 67    | 135   | Activation Communication |               | {}                |
  | 520      | 195118.00 | 1     | 8     | 69    | 139   | Activation Communication |               | {}                |
  | 521      | 195251.00 | 1     | 8     | 70    | 141   | Activation Communication |               | {}                |
  | 522      | 195693.00 | 1     | 8     | 71    | 143   | Activation Communication |               | {}                |
  | 523      | 196337.00 | 1     | 8     | 72    | 145   | Activation Communication |               | {}                |
  | 524      | 196849.00 | 1     | 9     | 1     | 3     | Activation Communication |               | {}                |
  | 525      | 197020.00 | 1     | 9     | 2     | 5     | Activation Communication |               | {}                |
  | 526      | 197059.00 | 1     | 9     | 3     | 7     | Activation Communication |               | {}                |
  | 527      | 197180.00 | 1     | 9     | 4     | 9     | Activation Communication |               | {}                |
  | 528      | 197491.00 | 1     | 9     | 5     | 11    | Activation Communication |               | {}                |
  | 529      | 198112.00 | 1     | 9     | 6     | 13    | Activation Communication |               | {}                |
  | 530      | 198489.00 | 1     | 9     | 7     | 15    | Activation Communication |               | {}                |
  | 531      | 198564.00 | 1     | 9     | 9     | 19    | Activation Communication |               | {}                |
  | 532      | 198696.00 | 1     | 9     | 10    | 21    | Activation Communication |               | {}                |
  | 533      | 199139.00 | 1     | 9     | 11    | 23    | Activation Communication |               | {}                |
  | 534      | 199882.00 | 1     | 9     | 12    | 25    | Activation Communication |               | {}                |
  | 535      | 200336.00 | 1     | 9     | 15    | 31    | Activation Communication |               | {}                |
  | 536      | 200487.00 | 1     | 9     | 16    | 33    | Activation Communication |               | {}                |
  | 537      | 200913.00 | 1     | 9     | 17    | 35    | Activation Communication |               | {}                |
  | 538      | 201553.00 | 1     | 9     | 18    | 37    | Activation Communication |               | {}                |
  | 539      | 201929.00 | 1     | 9     | 19    | 39    | Activation Communication |               | {}                |
  | 540      | 202005.00 | 1     | 9     | 21    | 43    | Activation Communication |               | {}                |
  | 541      | 202137.00 | 1     | 9     | 22    | 45    | Activation Communication |               | {}                |
  | 542      | 202577.00 | 1     | 9     | 23    | 47    | Activation Communication |               | {}                |
  | 543      | 203220.00 | 1     | 9     | 24    | 49    | Activation Communication |               | {}                |
  | 544      | 203597.00 | 1     | 9     | 25    | 51    | Activation Communication |               | {}                |
  | 545      | 203672.00 | 1     | 9     | 27    | 55    | Activation Communication |               | {}                |
  | 546      | 203805.00 | 1     | 9     | 28    | 57    | Activation Communication |               | {}                |
  | 547      | 204247.00 | 1     | 9     | 29    | 59    | Activation Communication |               | {}                |
  | 548      | 204890.00 | 1     | 9     | 30    | 61    | Activation Communication |               | {}                |
  | 549      | 205267.00 | 1     | 9     | 31    | 63    | Activation Communication |               | {}                |
  | 550      | 205342.00 | 1     | 9     | 33    | 67    | Activation Communication |               | {}                |
  | 551      | 205475.00 | 1     | 9     | 34    | 69    | Activation Communication |               | {}                |
  | 552      | 205917.00 | 1     | 9     | 35    | 71    | Activation Communication |               | {}                |
  | 553      | 206560.00 | 1     | 9     | 36    | 73    | Activation Communication |               | {}                |
  | 554      | 206937.00 | 1     | 9     | 37    | 75    | Activation Communication |               | {}                |
  | 555      | 207105.00 | 1     | 9     | 38    | 77    | Activation Communication |               | {}                |
  | 556      | 207138.00 | 1     | 9     | 39    | 79    | Activation Communication |               | {}                |
  | 557      | 207287.00 | 1     | 9     | 40    | 81    | Activation Communication |               | {}                |
  | 558      | 207602.00 | 1     | 9     | 41    | 83    | Activation Communication |               | {}                |
  | 559      | 208106.00 | 1     | 9     | 42    | 85    | Activation Communication |               | {}                |
  | 560      | 208555.00 | 1     | 9     | 45    | 91    | Activation Communication |               | {}                |
  | 561      | 208706.00 | 1     | 9     | 46    | 93    | Activation Communication |               | {}                |
  | 562      | 209131.00 | 1     | 9     | 47    | 95    | Activation Communication |               | {}                |
  | 563      | 209844.00 | 1     | 9     | 48    | 97    | Activation Communication |               | {}                |
  | 564      | 210296.00 | 1     | 9     | 51    | 103   | Activation Communication |               | {}                |
  | 565      | 210448.00 | 1     | 9     | 52    | 105   | Activation Communication |               | {}                |
  | 566      | 210874.00 | 1     | 9     | 53    | 107   | Activation Communication |               | {}                |
  | 567      | 211608.00 | 1     | 9     | 54    | 109   | Activation Communication |               | {}                |
  | 568      | 212062.00 | 1     | 9     | 57    | 115   | Activation Communication |               | {}                |
  | 569      | 212213.00 | 1     | 9     | 58    | 117   | Activation Communication |               | {}                |
  | 570      | 212639.00 | 1     | 9     | 59    | 119   | Activation Communication |               | {}                |
  | 571      | 213279.00 | 1     | 9     | 60    | 121   | Activation Communication |               | {}                |
  | 572      | 213655.00 | 1     | 9     | 61    | 123   | Activation Communication |               | {}                |
  | 573      | 213731.00 | 1     | 9     | 63    | 127   | Activation Communication |               | {}                |
  | 574      | 213863.00 | 1     | 9     | 64    | 129   | Activation Communication |               | {}                |
  | 575      | 214306.00 | 1     | 9     | 65    | 131   | Activation Communication |               | {}                |
  | 576      | 214949.00 | 1     | 9     | 66    | 133   | Activation Communication |               | {}                |
  | 577      | 215325.00 | 1     | 9     | 67    | 135   | Activation Communication |               | {}                |
  | 578      | 215401.00 | 1     | 9     | 69    | 139   | Activation Communication |               | {}                |
  | 579      | 215533.00 | 1     | 9     | 70    | 141   | Activation Communication |               | {}                |
  | 580      | 215976.00 | 1     | 9     | 71    | 143   | Activation Communication |               | {}                |
  | 581      | 216619.00 | 1     | 9     | 72    | 145   | Activation Communication |               | {}                |
  +----------+-----------+-------+-------+-------+-------+--------------------------+---------------+-------------------+

Layer Energy per input:
--------------------------------------------------
  Energy Table:

  +-------+-------+---------------------+
  | Input | Layer | Compute Energy (fJ) |
  +-------+-------+---------------------+
  | 0     | 0     | 5780275200.00       |
  | 0     | 1     | 17429299200.00      |
  | 0     | 2     | 1490265600.00       |
  | 0     | 3     | 1490265600.00       |
  | 0     | 4     | 5809766400.00       |
  | 0     | 5     | 23239065600.00      |
  | 0     | 6     | 23239065600.00      |
  | 0     | 7     | 17429299200.00      |
  | 0     | 8     | 1490265600.00       |
  | 0     | 9     | 1490265600.00       |
  | 0     | 10    | 5809766400.00       |
  | 0     | 11    | 23239065600.00      |
  | 0     | 12    | 23239065600.00      |
  | 0     | 13    | 17429299200.00      |
  | 0     | 14    | 1490265600.00       |
  | 0     | 15    | 1490265600.00       |
  | 0     | 16    | 5809766400.00       |
  | 0     | 17    | 23239065600.00      |
  | 0     | 18    | 23239065600.00      |
  | 0     | 19    | 17429299200.00      |
  | 0     | 20    | 1490265600.00       |
  | 0     | 21    | 1490265600.00       |
  | 0     | 22    | 5809766400.00       |
  | 0     | 23    | 23239065600.00      |
  | 0     | 24    | 23239065600.00      |
  | 0     | 25    | 17429299200.00      |
  | 0     | 26    | 1490265600.00       |
  | 0     | 27    | 1490265600.00       |
  | 0     | 28    | 5809766400.00       |
  | 0     | 29    | 23239065600.00      |
  | 0     | 30    | 23239065600.00      |
  | 0     | 31    | 17429299200.00      |
  | 0     | 32    | 1490265600.00       |
  | 0     | 33    | 1490265600.00       |
  | 0     | 34    | 5809766400.00       |
  | 0     | 35    | 23239065600.00      |
  | 0     | 36    | 23239065600.00      |
  | 0     | 37    | 17429299200.00      |
  | 0     | 38    | 1490265600.00       |
  | 0     | 39    | 1490265600.00       |
  | 0     | 40    | 5809766400.00       |
  | 0     | 41    | 23239065600.00      |
  | 0     | 42    | 23239065600.00      |
  | 0     | 43    | 17429299200.00      |
  | 0     | 44    | 1490265600.00       |
  | 0     | 45    | 1490265600.00       |
  | 0     | 46    | 5809766400.00       |
  | 0     | 47    | 23239065600.00      |
  | 0     | 48    | 23239065600.00      |
  | 0     | 49    | 17429299200.00      |
  | 0     | 50    | 1490265600.00       |
  | 0     | 51    | 1490265600.00       |
  | 0     | 52    | 5809766400.00       |
  | 0     | 53    | 23239065600.00      |
  | 0     | 54    | 23239065600.00      |
  | 0     | 55    | 17429299200.00      |
  | 0     | 56    | 1490265600.00       |
  | 0     | 57    | 1490265600.00       |
  | 0     | 58    | 5809766400.00       |
  | 0     | 59    | 23239065600.00      |
  | 0     | 60    | 23239065600.00      |
  | 0     | 61    | 17429299200.00      |
  | 0     | 62    | 1490265600.00       |
  | 0     | 63    | 1490265600.00       |
  | 0     | 64    | 5809766400.00       |
  | 0     | 65    | 23239065600.00      |
  | 0     | 66    | 23239065600.00      |
  | 0     | 67    | 17429299200.00      |
  | 0     | 68    | 1490265600.00       |
  | 0     | 69    | 1490265600.00       |
  | 0     | 70    | 5809766400.00       |
  | 0     | 71    | 23239065600.00      |
  | 0     | 72    | 23239065600.00      |
  | 0     | 73    | 38400000.00         |
  | 1     | 0     | 5780275200.00       |
  | 1     | 1     | 17429299200.00      |
  | 1     | 2     | 1490265600.00       |
  | 1     | 3     | 1490265600.00       |
  | 1     | 4     | 5809766400.00       |
  | 1     | 5     | 23239065600.00      |
  | 1     | 6     | 23239065600.00      |
  | 1     | 7     | 17429299200.00      |
  | 1     | 8     | 1490265600.00       |
  | 1     | 9     | 1490265600.00       |
  | 1     | 10    | 5809766400.00       |
  | 1     | 11    | 23239065600.00      |
  | 1     | 12    | 23239065600.00      |
  | 1     | 13    | 17429299200.00      |
  | 1     | 14    | 1490265600.00       |
  | 1     | 15    | 1490265600.00       |
  | 1     | 16    | 5809766400.00       |
  | 1     | 17    | 23239065600.00      |
  | 1     | 18    | 23239065600.00      |
  | 1     | 19    | 17429299200.00      |
  | 1     | 20    | 1490265600.00       |
  | 1     | 21    | 1490265600.00       |
  | 1     | 22    | 5809766400.00       |
  | 1     | 23    | 23239065600.00      |
  | 1     | 24    | 23239065600.00      |
  | 1     | 25    | 17429299200.00      |
  | 1     | 26    | 1490265600.00       |
  | 1     | 27    | 1490265600.00       |
  | 1     | 28    | 5809766400.00       |
  | 1     | 29    | 23239065600.00      |
  | 1     | 30    | 23239065600.00      |
  | 1     | 31    | 17429299200.00      |
  | 1     | 32    | 1490265600.00       |
  | 1     | 33    | 1490265600.00       |
  | 1     | 34    | 5809766400.00       |
  | 1     | 35    | 23239065600.00      |
  | 1     | 36    | 23239065600.00      |
  | 1     | 37    | 17429299200.00      |
  | 1     | 38    | 1490265600.00       |
  | 1     | 39    | 1490265600.00       |
  | 1     | 40    | 5809766400.00       |
  | 1     | 41    | 23239065600.00      |
  | 1     | 42    | 23239065600.00      |
  | 1     | 43    | 17429299200.00      |
  | 1     | 44    | 1490265600.00       |
  | 1     | 45    | 1490265600.00       |
  | 1     | 46    | 5809766400.00       |
  | 1     | 47    | 23239065600.00      |
  | 1     | 48    | 23239065600.00      |
  | 1     | 49    | 17429299200.00      |
  | 1     | 50    | 1490265600.00       |
  | 1     | 51    | 1490265600.00       |
  | 1     | 52    | 5809766400.00       |
  | 1     | 53    | 23239065600.00      |
  | 1     | 54    | 23239065600.00      |
  | 1     | 55    | 17429299200.00      |
  | 1     | 56    | 1490265600.00       |
  | 1     | 57    | 1490265600.00       |
  | 1     | 58    | 5809766400.00       |
  | 1     | 59    | 23239065600.00      |
  | 1     | 60    | 23239065600.00      |
  | 1     | 61    | 17429299200.00      |
  | 1     | 62    | 1490265600.00       |
  | 1     | 63    | 1490265600.00       |
  | 1     | 64    | 5809766400.00       |
  | 1     | 65    | 23239065600.00      |
  | 1     | 66    | 23239065600.00      |
  | 1     | 67    | 17429299200.00      |
  | 1     | 68    | 1490265600.00       |
  | 1     | 69    | 1490265600.00       |
  | 1     | 70    | 5809766400.00       |
  | 1     | 71    | 23239065600.00      |
  | 1     | 72    | 23239065600.00      |
  | 1     | 73    | 38400000.00         |
  | 2     | 0     | 5780275200.00       |
  | 2     | 1     | 17429299200.00      |
  | 2     | 2     | 1490265600.00       |
  | 2     | 3     | 1490265600.00       |
  | 2     | 4     | 5809766400.00       |
  | 2     | 5     | 23239065600.00      |
  | 2     | 6     | 23239065600.00      |
  | 2     | 7     | 17429299200.00      |
  | 2     | 8     | 1490265600.00       |
  | 2     | 9     | 1490265600.00       |
  | 2     | 10    | 5809766400.00       |
  | 2     | 11    | 23239065600.00      |
  | 2     | 12    | 23239065600.00      |
  | 2     | 13    | 17429299200.00      |
  | 2     | 14    | 1490265600.00       |
  | 2     | 15    | 1490265600.00       |
  | 2     | 16    | 5809766400.00       |
  | 2     | 17    | 23239065600.00      |
  | 2     | 18    | 23239065600.00      |
  | 2     | 19    | 17429299200.00      |
  | 2     | 20    | 1490265600.00       |
  | 2     | 21    | 1490265600.00       |
  | 2     | 22    | 5809766400.00       |
  | 2     | 23    | 23239065600.00      |
  | 2     | 24    | 23239065600.00      |
  | 2     | 25    | 17429299200.00      |
  | 2     | 26    | 1490265600.00       |
  | 2     | 27    | 1490265600.00       |
  | 2     | 28    | 5809766400.00       |
  | 2     | 29    | 23239065600.00      |
  | 2     | 30    | 23239065600.00      |
  | 2     | 31    | 17429299200.00      |
  | 2     | 32    | 1490265600.00       |
  | 2     | 33    | 1490265600.00       |
  | 2     | 34    | 5809766400.00       |
  | 2     | 35    | 23239065600.00      |
  | 2     | 36    | 23239065600.00      |
  | 2     | 37    | 17429299200.00      |
  | 2     | 38    | 1490265600.00       |
  | 2     | 39    | 1490265600.00       |
  | 2     | 40    | 5809766400.00       |
  | 2     | 41    | 23239065600.00      |
  | 2     | 42    | 23239065600.00      |
  | 2     | 43    | 17429299200.00      |
  | 2     | 44    | 1490265600.00       |
  | 2     | 45    | 1490265600.00       |
  | 2     | 46    | 5809766400.00       |
  | 2     | 47    | 23239065600.00      |
  | 2     | 48    | 23239065600.00      |
  | 2     | 49    | 17429299200.00      |
  | 2     | 50    | 1490265600.00       |
  | 2     | 51    | 1490265600.00       |
  | 2     | 52    | 5809766400.00       |
  | 2     | 53    | 23239065600.00      |
  | 2     | 54    | 23239065600.00      |
  | 2     | 55    | 17429299200.00      |
  | 2     | 56    | 1490265600.00       |
  | 2     | 57    | 1490265600.00       |
  | 2     | 58    | 5809766400.00       |
  | 2     | 59    | 23239065600.00      |
  | 2     | 60    | 23239065600.00      |
  | 2     | 61    | 17429299200.00      |
  | 2     | 62    | 1490265600.00       |
  | 2     | 63    | 1490265600.00       |
  | 2     | 64    | 5809766400.00       |
  | 2     | 65    | 23239065600.00      |
  | 2     | 66    | 23239065600.00      |
  | 2     | 67    | 17429299200.00      |
  | 2     | 68    | 1490265600.00       |
  | 2     | 69    | 1490265600.00       |
  | 2     | 70    | 5809766400.00       |
  | 2     | 71    | 23239065600.00      |
  | 2     | 72    | 23239065600.00      |
  | 2     | 73    | 38400000.00         |
  | 3     | 0     | 5780275200.00       |
  | 3     | 1     | 17429299200.00      |
  | 3     | 2     | 1490265600.00       |
  | 3     | 3     | 1490265600.00       |
  | 3     | 4     | 5809766400.00       |
  | 3     | 5     | 23239065600.00      |
  | 3     | 6     | 23239065600.00      |
  | 3     | 7     | 17429299200.00      |
  | 3     | 8     | 1490265600.00       |
  | 3     | 9     | 1490265600.00       |
  | 3     | 10    | 5809766400.00       |
  | 3     | 11    | 23239065600.00      |
  | 3     | 12    | 23239065600.00      |
  | 3     | 13    | 17429299200.00      |
  | 3     | 14    | 1490265600.00       |
  | 3     | 15    | 1490265600.00       |
  | 3     | 16    | 5809766400.00       |
  | 3     | 17    | 23239065600.00      |
  | 3     | 18    | 23239065600.00      |
  | 3     | 19    | 17429299200.00      |
  | 3     | 20    | 1490265600.00       |
  | 3     | 21    | 1490265600.00       |
  | 3     | 22    | 5809766400.00       |
  | 3     | 23    | 23239065600.00      |
  | 3     | 24    | 23239065600.00      |
  | 3     | 25    | 17429299200.00      |
  | 3     | 26    | 1490265600.00       |
  | 3     | 27    | 1490265600.00       |
  | 3     | 28    | 5809766400.00       |
  | 3     | 29    | 23239065600.00      |
  | 3     | 30    | 23239065600.00      |
  | 3     | 31    | 17429299200.00      |
  | 3     | 32    | 1490265600.00       |
  | 3     | 33    | 1490265600.00       |
  | 3     | 34    | 5809766400.00       |
  | 3     | 35    | 23239065600.00      |
  | 3     | 36    | 23239065600.00      |
  | 3     | 37    | 17429299200.00      |
  | 3     | 38    | 1490265600.00       |
  | 3     | 39    | 1490265600.00       |
  | 3     | 40    | 5809766400.00       |
  | 3     | 41    | 23239065600.00      |
  | 3     | 42    | 23239065600.00      |
  | 3     | 43    | 17429299200.00      |
  | 3     | 44    | 1490265600.00       |
  | 3     | 45    | 1490265600.00       |
  | 3     | 46    | 5809766400.00       |
  | 3     | 47    | 23239065600.00      |
  | 3     | 48    | 23239065600.00      |
  | 3     | 49    | 17429299200.00      |
  | 3     | 50    | 1490265600.00       |
  | 3     | 51    | 1490265600.00       |
  | 3     | 52    | 5809766400.00       |
  | 3     | 53    | 23239065600.00      |
  | 3     | 54    | 23239065600.00      |
  | 3     | 55    | 17429299200.00      |
  | 3     | 56    | 1490265600.00       |
  | 3     | 57    | 1490265600.00       |
  | 3     | 58    | 5809766400.00       |
  | 3     | 59    | 23239065600.00      |
  | 3     | 60    | 23239065600.00      |
  | 3     | 61    | 17429299200.00      |
  | 3     | 62    | 1490265600.00       |
  | 3     | 63    | 1490265600.00       |
  | 3     | 64    | 5809766400.00       |
  | 3     | 65    | 23239065600.00      |
  | 3     | 66    | 23239065600.00      |
  | 3     | 67    | 17429299200.00      |
  | 3     | 68    | 1490265600.00       |
  | 3     | 69    | 1490265600.00       |
  | 3     | 70    | 5809766400.00       |
  | 3     | 71    | 23239065600.00      |
  | 3     | 72    | 23239065600.00      |
  | 3     | 73    | 38400000.00         |
  | 4     | 0     | 5780275200.00       |
  | 4     | 1     | 17429299200.00      |
  | 4     | 2     | 1490265600.00       |
  | 4     | 3     | 1490265600.00       |
  | 4     | 4     | 5809766400.00       |
  | 4     | 5     | 23239065600.00      |
  | 4     | 6     | 23239065600.00      |
  | 4     | 7     | 17429299200.00      |
  | 4     | 8     | 1490265600.00       |
  | 4     | 9     | 1490265600.00       |
  | 4     | 10    | 5809766400.00       |
  | 4     | 11    | 23239065600.00      |
  | 4     | 12    | 23239065600.00      |
  | 4     | 13    | 17429299200.00      |
  | 4     | 14    | 1490265600.00       |
  | 4     | 15    | 1490265600.00       |
  | 4     | 16    | 5809766400.00       |
  | 4     | 17    | 23239065600.00      |
  | 4     | 18    | 23239065600.00      |
  | 4     | 19    | 17429299200.00      |
  | 4     | 20    | 1490265600.00       |
  | 4     | 21    | 1490265600.00       |
  | 4     | 22    | 5809766400.00       |
  | 4     | 23    | 23239065600.00      |
  | 4     | 24    | 23239065600.00      |
  | 4     | 25    | 17429299200.00      |
  | 4     | 26    | 1490265600.00       |
  | 4     | 27    | 1490265600.00       |
  | 4     | 28    | 5809766400.00       |
  | 4     | 29    | 23239065600.00      |
  | 4     | 30    | 23239065600.00      |
  | 4     | 31    | 17429299200.00      |
  | 4     | 32    | 1490265600.00       |
  | 4     | 33    | 1490265600.00       |
  | 4     | 34    | 5809766400.00       |
  | 4     | 35    | 23239065600.00      |
  | 4     | 36    | 23239065600.00      |
  | 4     | 37    | 17429299200.00      |
  | 4     | 38    | 1490265600.00       |
  | 4     | 39    | 1490265600.00       |
  | 4     | 40    | 5809766400.00       |
  | 4     | 41    | 23239065600.00      |
  | 4     | 42    | 23239065600.00      |
  | 4     | 43    | 17429299200.00      |
  | 4     | 44    | 1490265600.00       |
  | 4     | 45    | 1490265600.00       |
  | 4     | 46    | 5809766400.00       |
  | 4     | 47    | 23239065600.00      |
  | 4     | 48    | 23239065600.00      |
  | 4     | 49    | 17429299200.00      |
  | 4     | 50    | 1490265600.00       |
  | 4     | 51    | 1490265600.00       |
  | 4     | 52    | 5809766400.00       |
  | 4     | 53    | 23239065600.00      |
  | 4     | 54    | 23239065600.00      |
  | 4     | 55    | 17429299200.00      |
  | 4     | 56    | 1490265600.00       |
  | 4     | 57    | 1490265600.00       |
  | 4     | 58    | 5809766400.00       |
  | 4     | 59    | 23239065600.00      |
  | 4     | 60    | 23239065600.00      |
  | 4     | 61    | 17429299200.00      |
  | 4     | 62    | 1490265600.00       |
  | 4     | 63    | 1490265600.00       |
  | 4     | 64    | 5809766400.00       |
  | 4     | 65    | 23239065600.00      |
  | 4     | 66    | 23239065600.00      |
  | 4     | 67    | 17429299200.00      |
  | 4     | 68    | 1490265600.00       |
  | 4     | 69    | 1490265600.00       |
  | 4     | 70    | 5809766400.00       |
  | 4     | 71    | 23239065600.00      |
  | 4     | 72    | 23239065600.00      |
  | 4     | 73    | 38400000.00         |
  | 5     | 0     | 5780275200.00       |
  | 5     | 1     | 17429299200.00      |
  | 5     | 2     | 1490265600.00       |
  | 5     | 3     | 1490265600.00       |
  | 5     | 4     | 5809766400.00       |
  | 5     | 5     | 23239065600.00      |
  | 5     | 6     | 23239065600.00      |
  | 5     | 7     | 17429299200.00      |
  | 5     | 8     | 1490265600.00       |
  | 5     | 9     | 1490265600.00       |
  | 5     | 10    | 5809766400.00       |
  | 5     | 11    | 23239065600.00      |
  | 5     | 12    | 23239065600.00      |
  | 5     | 13    | 17429299200.00      |
  | 5     | 14    | 1490265600.00       |
  | 5     | 15    | 1490265600.00       |
  | 5     | 16    | 5809766400.00       |
  | 5     | 17    | 23239065600.00      |
  | 5     | 18    | 23239065600.00      |
  | 5     | 19    | 17429299200.00      |
  | 5     | 20    | 1490265600.00       |
  | 5     | 21    | 1490265600.00       |
  | 5     | 22    | 5809766400.00       |
  | 5     | 23    | 23239065600.00      |
  | 5     | 24    | 23239065600.00      |
  | 5     | 25    | 17429299200.00      |
  | 5     | 26    | 1490265600.00       |
  | 5     | 27    | 1490265600.00       |
  | 5     | 28    | 5809766400.00       |
  | 5     | 29    | 23239065600.00      |
  | 5     | 30    | 23239065600.00      |
  | 5     | 31    | 17429299200.00      |
  | 5     | 32    | 1490265600.00       |
  | 5     | 33    | 1490265600.00       |
  | 5     | 34    | 5809766400.00       |
  | 5     | 35    | 23239065600.00      |
  | 5     | 36    | 23239065600.00      |
  | 5     | 37    | 17429299200.00      |
  | 5     | 38    | 1490265600.00       |
  | 5     | 39    | 1490265600.00       |
  | 5     | 40    | 5809766400.00       |
  | 5     | 41    | 23239065600.00      |
  | 5     | 42    | 23239065600.00      |
  | 5     | 43    | 17429299200.00      |
  | 5     | 44    | 1490265600.00       |
  | 5     | 45    | 1490265600.00       |
  | 5     | 46    | 5809766400.00       |
  | 5     | 47    | 23239065600.00      |
  | 5     | 48    | 23239065600.00      |
  | 5     | 49    | 17429299200.00      |
  | 5     | 50    | 1490265600.00       |
  | 5     | 51    | 1490265600.00       |
  | 5     | 52    | 5809766400.00       |
  | 5     | 53    | 23239065600.00      |
  | 5     | 54    | 23239065600.00      |
  | 5     | 55    | 17429299200.00      |
  | 5     | 56    | 1490265600.00       |
  | 5     | 57    | 1490265600.00       |
  | 5     | 58    | 5809766400.00       |
  | 5     | 59    | 23239065600.00      |
  | 5     | 60    | 23239065600.00      |
  | 5     | 61    | 17429299200.00      |
  | 5     | 62    | 1490265600.00       |
  | 5     | 63    | 1490265600.00       |
  | 5     | 64    | 5809766400.00       |
  | 5     | 65    | 23239065600.00      |
  | 5     | 66    | 23239065600.00      |
  | 5     | 67    | 17429299200.00      |
  | 5     | 68    | 1490265600.00       |
  | 5     | 69    | 1490265600.00       |
  | 5     | 70    | 5809766400.00       |
  | 5     | 71    | 23239065600.00      |
  | 5     | 72    | 23239065600.00      |
  | 5     | 73    | 38400000.00         |
  | 6     | 0     | 5780275200.00       |
  | 6     | 1     | 17429299200.00      |
  | 6     | 2     | 1490265600.00       |
  | 6     | 3     | 1490265600.00       |
  | 6     | 4     | 5809766400.00       |
  | 6     | 5     | 23239065600.00      |
  | 6     | 6     | 23239065600.00      |
  | 6     | 7     | 17429299200.00      |
  | 6     | 8     | 1490265600.00       |
  | 6     | 9     | 1490265600.00       |
  | 6     | 10    | 5809766400.00       |
  | 6     | 11    | 23239065600.00      |
  | 6     | 12    | 23239065600.00      |
  | 6     | 13    | 17429299200.00      |
  | 6     | 14    | 1490265600.00       |
  | 6     | 15    | 1490265600.00       |
  | 6     | 16    | 5809766400.00       |
  | 6     | 17    | 23239065600.00      |
  | 6     | 18    | 23239065600.00      |
  | 6     | 19    | 17429299200.00      |
  | 6     | 20    | 1490265600.00       |
  | 6     | 21    | 1490265600.00       |
  | 6     | 22    | 5809766400.00       |
  | 6     | 23    | 23239065600.00      |
  | 6     | 24    | 23239065600.00      |
  | 6     | 25    | 17429299200.00      |
  | 6     | 26    | 1490265600.00       |
  | 6     | 27    | 1490265600.00       |
  | 6     | 28    | 5809766400.00       |
  | 6     | 29    | 23239065600.00      |
  | 6     | 30    | 23239065600.00      |
  | 6     | 31    | 17429299200.00      |
  | 6     | 32    | 1490265600.00       |
  | 6     | 33    | 1490265600.00       |
  | 6     | 34    | 5809766400.00       |
  | 6     | 35    | 23239065600.00      |
  | 6     | 36    | 23239065600.00      |
  | 6     | 37    | 17429299200.00      |
  | 6     | 38    | 1490265600.00       |
  | 6     | 39    | 1490265600.00       |
  | 6     | 40    | 5809766400.00       |
  | 6     | 41    | 23239065600.00      |
  | 6     | 42    | 23239065600.00      |
  | 6     | 43    | 17429299200.00      |
  | 6     | 44    | 1490265600.00       |
  | 6     | 45    | 1490265600.00       |
  | 6     | 46    | 5809766400.00       |
  | 6     | 47    | 23239065600.00      |
  | 6     | 48    | 23239065600.00      |
  | 6     | 49    | 17429299200.00      |
  | 6     | 50    | 1490265600.00       |
  | 6     | 51    | 1490265600.00       |
  | 6     | 52    | 5809766400.00       |
  | 6     | 53    | 23239065600.00      |
  | 6     | 54    | 23239065600.00      |
  | 6     | 55    | 17429299200.00      |
  | 6     | 56    | 1490265600.00       |
  | 6     | 57    | 1490265600.00       |
  | 6     | 58    | 5809766400.00       |
  | 6     | 59    | 23239065600.00      |
  | 6     | 60    | 23239065600.00      |
  | 6     | 61    | 17429299200.00      |
  | 6     | 62    | 1490265600.00       |
  | 6     | 63    | 1490265600.00       |
  | 6     | 64    | 5809766400.00       |
  | 6     | 65    | 23239065600.00      |
  | 6     | 66    | 23239065600.00      |
  | 6     | 67    | 17429299200.00      |
  | 6     | 68    | 1490265600.00       |
  | 6     | 69    | 1490265600.00       |
  | 6     | 70    | 5809766400.00       |
  | 6     | 71    | 23239065600.00      |
  | 6     | 72    | 23239065600.00      |
  | 6     | 73    | 38400000.00         |
  | 7     | 0     | 5780275200.00       |
  | 7     | 1     | 17429299200.00      |
  | 7     | 2     | 1490265600.00       |
  | 7     | 3     | 1490265600.00       |
  | 7     | 4     | 5809766400.00       |
  | 7     | 5     | 23239065600.00      |
  | 7     | 6     | 23239065600.00      |
  | 7     | 7     | 17429299200.00      |
  | 7     | 8     | 1490265600.00       |
  | 7     | 9     | 1490265600.00       |
  | 7     | 10    | 5809766400.00       |
  | 7     | 11    | 23239065600.00      |
  | 7     | 12    | 23239065600.00      |
  | 7     | 13    | 17429299200.00      |
  | 7     | 14    | 1490265600.00       |
  | 7     | 15    | 1490265600.00       |
  | 7     | 16    | 5809766400.00       |
  | 7     | 17    | 23239065600.00      |
  | 7     | 18    | 23239065600.00      |
  | 7     | 19    | 17429299200.00      |
  | 7     | 20    | 1490265600.00       |
  | 7     | 21    | 1490265600.00       |
  | 7     | 22    | 5809766400.00       |
  | 7     | 23    | 23239065600.00      |
  | 7     | 24    | 23239065600.00      |
  | 7     | 25    | 17429299200.00      |
  | 7     | 26    | 1490265600.00       |
  | 7     | 27    | 1490265600.00       |
  | 7     | 28    | 5809766400.00       |
  | 7     | 29    | 23239065600.00      |
  | 7     | 30    | 23239065600.00      |
  | 7     | 31    | 17429299200.00      |
  | 7     | 32    | 1490265600.00       |
  | 7     | 33    | 1490265600.00       |
  | 7     | 34    | 5809766400.00       |
  | 7     | 35    | 23239065600.00      |
  | 7     | 36    | 23239065600.00      |
  | 7     | 37    | 17429299200.00      |
  | 7     | 38    | 1490265600.00       |
  | 7     | 39    | 1490265600.00       |
  | 7     | 40    | 5809766400.00       |
  | 7     | 41    | 23239065600.00      |
  | 7     | 42    | 23239065600.00      |
  | 7     | 43    | 17429299200.00      |
  | 7     | 44    | 1490265600.00       |
  | 7     | 45    | 1490265600.00       |
  | 7     | 46    | 5809766400.00       |
  | 7     | 47    | 23239065600.00      |
  | 7     | 48    | 23239065600.00      |
  | 7     | 49    | 17429299200.00      |
  | 7     | 50    | 1490265600.00       |
  | 7     | 51    | 1490265600.00       |
  | 7     | 52    | 5809766400.00       |
  | 7     | 53    | 23239065600.00      |
  | 7     | 54    | 23239065600.00      |
  | 7     | 55    | 17429299200.00      |
  | 7     | 56    | 1490265600.00       |
  | 7     | 57    | 1490265600.00       |
  | 7     | 58    | 5809766400.00       |
  | 7     | 59    | 23239065600.00      |
  | 7     | 60    | 23239065600.00      |
  | 7     | 61    | 17429299200.00      |
  | 7     | 62    | 1490265600.00       |
  | 7     | 63    | 1490265600.00       |
  | 7     | 64    | 5809766400.00       |
  | 7     | 65    | 23239065600.00      |
  | 7     | 66    | 23239065600.00      |
  | 7     | 67    | 17429299200.00      |
  | 7     | 68    | 1490265600.00       |
  | 7     | 69    | 1490265600.00       |
  | 7     | 70    | 5809766400.00       |
  | 7     | 71    | 23239065600.00      |
  | 7     | 72    | 23239065600.00      |
  | 7     | 73    | 38400000.00         |
  | 8     | 0     | 5780275200.00       |
  | 8     | 1     | 17429299200.00      |
  | 8     | 2     | 1490265600.00       |
  | 8     | 3     | 1490265600.00       |
  | 8     | 4     | 5809766400.00       |
  | 8     | 5     | 23239065600.00      |
  | 8     | 6     | 23239065600.00      |
  | 8     | 7     | 17429299200.00      |
  | 8     | 8     | 1490265600.00       |
  | 8     | 9     | 1490265600.00       |
  | 8     | 10    | 5809766400.00       |
  | 8     | 11    | 23239065600.00      |
  | 8     | 12    | 23239065600.00      |
  | 8     | 13    | 17429299200.00      |
  | 8     | 14    | 1490265600.00       |
  | 8     | 15    | 1490265600.00       |
  | 8     | 16    | 5809766400.00       |
  | 8     | 17    | 23239065600.00      |
  | 8     | 18    | 23239065600.00      |
  | 8     | 19    | 17429299200.00      |
  | 8     | 20    | 1490265600.00       |
  | 8     | 21    | 1490265600.00       |
  | 8     | 22    | 5809766400.00       |
  | 8     | 23    | 23239065600.00      |
  | 8     | 24    | 23239065600.00      |
  | 8     | 25    | 17429299200.00      |
  | 8     | 26    | 1490265600.00       |
  | 8     | 27    | 1490265600.00       |
  | 8     | 28    | 5809766400.00       |
  | 8     | 29    | 23239065600.00      |
  | 8     | 30    | 23239065600.00      |
  | 8     | 31    | 17429299200.00      |
  | 8     | 32    | 1490265600.00       |
  | 8     | 33    | 1490265600.00       |
  | 8     | 34    | 5809766400.00       |
  | 8     | 35    | 23239065600.00      |
  | 8     | 36    | 23239065600.00      |
  | 8     | 37    | 17429299200.00      |
  | 8     | 38    | 1490265600.00       |
  | 8     | 39    | 1490265600.00       |
  | 8     | 40    | 5809766400.00       |
  | 8     | 41    | 23239065600.00      |
  | 8     | 42    | 23239065600.00      |
  | 8     | 43    | 17429299200.00      |
  | 8     | 44    | 1490265600.00       |
  | 8     | 45    | 1490265600.00       |
  | 8     | 46    | 5809766400.00       |
  | 8     | 47    | 23239065600.00      |
  | 8     | 48    | 23239065600.00      |
  | 8     | 49    | 17429299200.00      |
  | 8     | 50    | 1490265600.00       |
  | 8     | 51    | 1490265600.00       |
  | 8     | 52    | 5809766400.00       |
  | 8     | 53    | 23239065600.00      |
  | 8     | 54    | 23239065600.00      |
  | 8     | 55    | 17429299200.00      |
  | 8     | 56    | 1490265600.00       |
  | 8     | 57    | 1490265600.00       |
  | 8     | 58    | 5809766400.00       |
  | 8     | 59    | 23239065600.00      |
  | 8     | 60    | 23239065600.00      |
  | 8     | 61    | 17429299200.00      |
  | 8     | 62    | 1490265600.00       |
  | 8     | 63    | 1490265600.00       |
  | 8     | 64    | 5809766400.00       |
  | 8     | 65    | 23239065600.00      |
  | 8     | 66    | 23239065600.00      |
  | 8     | 67    | 17429299200.00      |
  | 8     | 68    | 1490265600.00       |
  | 8     | 69    | 1490265600.00       |
  | 8     | 70    | 5809766400.00       |
  | 8     | 71    | 23239065600.00      |
  | 8     | 72    | 23239065600.00      |
  | 8     | 73    | 38400000.00         |
  | 9     | 0     | 5780275200.00       |
  | 9     | 1     | 17429299200.00      |
  | 9     | 2     | 1490265600.00       |
  | 9     | 3     | 1490265600.00       |
  | 9     | 4     | 5809766400.00       |
  | 9     | 5     | 23239065600.00      |
  | 9     | 6     | 23239065600.00      |
  | 9     | 7     | 17429299200.00      |
  | 9     | 8     | 1490265600.00       |
  | 9     | 9     | 1490265600.00       |
  | 9     | 10    | 5809766400.00       |
  | 9     | 11    | 23239065600.00      |
  | 9     | 12    | 23239065600.00      |
  | 9     | 13    | 17429299200.00      |
  | 9     | 14    | 1490265600.00       |
  | 9     | 15    | 1490265600.00       |
  | 9     | 16    | 5809766400.00       |
  | 9     | 17    | 23239065600.00      |
  | 9     | 18    | 23239065600.00      |
  | 9     | 19    | 17429299200.00      |
  | 9     | 20    | 1490265600.00       |
  | 9     | 21    | 1490265600.00       |
  | 9     | 22    | 5809766400.00       |
  | 9     | 23    | 23239065600.00      |
  | 9     | 24    | 23239065600.00      |
  | 9     | 25    | 17429299200.00      |
  | 9     | 26    | 1490265600.00       |
  | 9     | 27    | 1490265600.00       |
  | 9     | 28    | 5809766400.00       |
  | 9     | 29    | 23239065600.00      |
  | 9     | 30    | 23239065600.00      |
  | 9     | 31    | 17429299200.00      |
  | 9     | 32    | 1490265600.00       |
  | 9     | 33    | 1490265600.00       |
  | 9     | 34    | 5809766400.00       |
  | 9     | 35    | 23239065600.00      |
  | 9     | 36    | 23239065600.00      |
  | 9     | 37    | 17429299200.00      |
  | 9     | 38    | 1490265600.00       |
  | 9     | 39    | 1490265600.00       |
  | 9     | 40    | 5809766400.00       |
  | 9     | 41    | 23239065600.00      |
  | 9     | 42    | 23239065600.00      |
  | 9     | 43    | 17429299200.00      |
  | 9     | 44    | 1490265600.00       |
  | 9     | 45    | 1490265600.00       |
  | 9     | 46    | 5809766400.00       |
  | 9     | 47    | 23239065600.00      |
  | 9     | 48    | 23239065600.00      |
  | 9     | 49    | 17429299200.00      |
  | 9     | 50    | 1490265600.00       |
  | 9     | 51    | 1490265600.00       |
  | 9     | 52    | 5809766400.00       |
  | 9     | 53    | 23239065600.00      |
  | 9     | 54    | 23239065600.00      |
  | 9     | 55    | 17429299200.00      |
  | 9     | 56    | 1490265600.00       |
  | 9     | 57    | 1490265600.00       |
  | 9     | 58    | 5809766400.00       |
  | 9     | 59    | 23239065600.00      |
  | 9     | 60    | 23239065600.00      |
  | 9     | 61    | 17429299200.00      |
  | 9     | 62    | 1490265600.00       |
  | 9     | 63    | 1490265600.00       |
  | 9     | 64    | 5809766400.00       |
  | 9     | 65    | 23239065600.00      |
  | 9     | 66    | 23239065600.00      |
  | 9     | 67    | 17429299200.00      |
  | 9     | 68    | 1490265600.00       |
  | 9     | 69    | 1490265600.00       |
  | 9     | 70    | 5809766400.00       |
  | 9     | 71    | 23239065600.00      |
  | 9     | 72    | 23239065600.00      |
  | 9     | 73    | 38400000.00         |
  +-------+-------+---------------------+

Model Mapping:
--------------------------------------------------
  --- Total chiplets used ---
    Value: 46.00
  ---------------------------

  Mapping Table:

  +-------+---------+--------------------+
  | Layer | Chiplet | Percent            |
  +-------+---------+--------------------+
  | 0     | 2       | 100                |
  | 1     | 2       | 100                |
  | 2     | 2       | 100                |
  | 3     | 2       | 10.09              |
  | 3     | 3       | 89.91              |
  | 4     | 3       | 100                |
  | 5     | 3       | 56.69              |
  | 5     | 4       | 43.31              |
  | 6     | 13      | 100                |
  | 7     | 12      | 94.44              |
  | 7     | 13      | 5.56               |
  | 8     | 12      | 100                |
  | 9     | 12      | 100                |
  | 10    | 11      | 73.25              |
  | 10    | 12      | 26.75              |
  | 11    | 11      | 85.86              |
  | 11    | 21      | 14.14              |
  | 12    | 21      | 90.02              |
  | 12    | 22      | 9.98               |
  | 13    | 31      | 100                |
  | 14    | 31      | 100                |
  | 15    | 31      | 100                |
  | 16    | 31      | 10.09              |
  | 16    | 32      | 89.91              |
  | 17    | 32      | 81.69              |
  | 17    | 33      | 18.31              |
  | 18    | 42      | 100                |
  | 19    | 41      | 94.44              |
  | 19    | 42      | 5.56               |
  | 20    | 41      | 100                |
  | 21    | 41      | 100                |
  | 22    | 41      | 26.75              |
  | 22    | 51      | 73.25              |
  | 23    | 51      | 85.86              |
  | 23    | 52      | 14.14              |
  | 24    | 61      | 100                |
  | 25    | 61      | 5.56               |
  | 25    | 62      | 94.44              |
  | 26    | 62      | 100                |
  | 27    | 62      | 100                |
  | 28    | 62      | 26.75              |
  | 28    | 63      | 73.25              |
  | 29    | 53      | 14.14              |
  | 29    | 63      | 85.86              |
  | 30    | 64      | 100                |
  | 31    | 54      | 94.44              |
  | 31    | 64      | 5.56               |
  | 32    | 54      | 100                |
  | 33    | 54      | 100                |
  | 34    | 44      | 73.25              |
  | 34    | 54      | 26.75              |
  | 35    | 34      | 14.14              |
  | 35    | 44      | 85.86              |
  | 36    | 43      | 100                |
  | 37    | 43      | 5.56               |
  | 37    | 53      | 94.44              |
  | 38    | 53      | 100                |
  | 39    | 52      | 29.83              |
  | 39    | 53      | 70.17              |
  | 40    | 52      | 100                |
  | 41    | 52      | 57.57              |
  | 41    | 72      | 42.43              |
  | 42    | 55      | 38.27              |
  | 42    | 72      | 61.73              |
  | 43    | 71      | 100                |
  | 44    | 71      | 100                |
  | 45    | 71      | 100                |
  | 46    | 71      | 10.09              |
  | 46    | 81      | 89.91              |
  | 47    | 81      | 81.69              |
  | 47    | 82      | 18.31              |
  | 48    | 82      | 85.86              |
  | 48    | 83      | 14.14              |
  | 49    | 92      | 100                |
  | 50    | 92      | 100                |
  | 51    | 92      | 100                |
  | 52    | 92      | 10.09              |
  | 52    | 93      | 89.91              |
  | 53    | 93      | 81.69              |
  | 53    | 94      | 18.31              |
  | 54    | 83      | 90.02              |
  | 54    | 94      | 9.98               |
  | 55    | 73      | 100                |
  | 56    | 73      | 100                |
  | 57    | 73      | 100                |
  | 58    | 73      | 10.09              |
  | 58    | 74      | 89.91              |
  | 59    | 74      | 81.69              |
  | 59    | 75      | 18.31              |
  | 60    | 84      | 100                |
  | 61    | 84      | 5.56               |
  | 61    | 85      | 94.44              |
  | 62    | 85      | 100                |
  | 63    | 85      | 100                |
  | 64    | 85      | 26.75              |
  | 64    | 86      | 73.25              |
  | 65    | 76      | 14.14              |
  | 65    | 86      | 85.86              |
  | 66    | 87      | 100                |
  | 67    | 77      | 94.44              |
  | 67    | 87      | 5.56               |
  | 68    | 77      | 100                |
  | 69    | 77      | 100                |
  | 70    | 67      | 73.25              |
  | 70    | 77      | 26.75              |
  | 71    | 57      | 14.14              |
  | 71    | 67      | 85.86              |
  | 72    | 66      | 100                |
  | 73    | 56      | 87.20              |
  | 73    | 66      | 12.80              |
  +-------+---------+--------------------+
